INFO:     Started server process [15288]
INFO:     Waiting for application startup.
INFO:     Application startup complete.
INFO:     Uvicorn running on http://127.0.0.1:8001 (Press CTRL+C to quit)
vision_push_failed frame_id=mock-video-1 error=HTTP Error 404: Not Found
vision_push_failed frame_id=mock-video-2 error=HTTP Error 404: Not Found
vision_push_failed frame_id=mock-video-3 error=HTTP Error 404: Not Found
vision_push_failed frame_id=mock-video-4 error=HTTP Error 404: Not Found
vision_push_failed frame_id=mock-video-5 error=HTTP Error 404: Not Found
vision_push_failed frame_id=mock-video-6 error=HTTP Error 404: Not Found
vision_push_failed frame_id=mock-video-7 error=HTTP Error 404: Not Found
vision_push_failed frame_id=mock-video-8 error=HTTP Error 404: Not Found
vision_push_failed frame_id=mock-video-9 error=HTTP Error 404: Not Found
vision_push_failed frame_id=mock-video-10 error=HTTP Error 404: Not Found
vision_push_failed frame_id=mock-video-11 error=HTTP Error 404: Not Found
vision_push_failed frame_id=mock-video-12 error=HTTP Error 404: Not Found
vision_push_failed frame_id=mock-video-13 error=HTTP Error 404: Not Found
vision_push_failed frame_id=mock-video-14 error=HTTP Error 404: Not Found
vision_push_failed frame_id=mock-video-15 error=HTTP Error 404: Not Found
vision_push_failed frame_id=mock-video-16 error=HTTP Error 404: Not Found
vision_push_failed frame_id=mock-video-17 error=HTTP Error 404: Not Found
vision_push_failed frame_id=mock-video-18 error=HTTP Error 404: Not Found
vision_push_failed frame_id=mock-video-19 error=HTTP Error 404: Not Found
vision_push_failed frame_id=mock-video-20 error=HTTP Error 404: Not Found
vision_push_failed frame_id=mock-video-21 error=HTTP Error 404: Not Found
vision_push_failed frame_id=mock-video-22 error=HTTP Error 404: Not Found
vision_push_failed frame_id=mock-video-23 error=HTTP Error 404: Not Found
vision_push_failed frame_id=mock-video-24 error=HTTP Error 404: Not Found
vision_push_failed frame_id=mock-video-25 error=HTTP Error 404: Not Found
vision_push_failed frame_id=mock-video-26 error=HTTP Error 404: Not Found
vision_push_failed frame_id=mock-video-27 error=HTTP Error 404: Not Found
vision_push_failed frame_id=mock-video-28 error=HTTP Error 404: Not Found
vision_push_failed frame_id=mock-video-29 error=HTTP Error 404: Not Found
vision_push_failed frame_id=mock-video-30 error=HTTP Error 404: Not Found
vision_push_failed frame_id=mock-video-31 error=HTTP Error 404: Not Found
vision_push_failed frame_id=mock-video-32 error=HTTP Error 404: Not Found
vision_push_failed frame_id=mock-video-33 error=HTTP Error 404: Not Found
vision_push_failed frame_id=mock-video-34 error=HTTP Error 404: Not Found
vision_push_failed frame_id=mock-video-35 error=HTTP Error 404: Not Found
vision_push_failed frame_id=mock-video-36 error=HTTP Error 404: Not Found
vision_push_failed frame_id=mock-video-37 error=HTTP Error 404: Not Found
vision_push_failed frame_id=mock-video-38 error=HTTP Error 404: Not Found
vision_push_failed frame_id=mock-video-39 error=HTTP Error 404: Not Found
vision_push_failed frame_id=mock-video-40 error=HTTP Error 404: Not Found
vision_push_failed frame_id=mock-video-41 error=HTTP Error 404: Not Found
vision_push_failed frame_id=mock-video-42 error=HTTP Error 404: Not Found
vision_push_failed frame_id=mock-video-43 error=HTTP Error 404: Not Found
vision_push_failed frame_id=mock-video-44 error=HTTP Error 404: Not Found
vision_push_failed frame_id=mock-video-45 error=HTTP Error 404: Not Found
vision_push_failed frame_id=mock-video-46 error=HTTP Error 404: Not Found
vision_push_failed frame_id=mock-video-47 error=HTTP Error 404: Not Found
vision_push_failed frame_id=mock-video-48 error=HTTP Error 404: Not Found
vision_push_failed frame_id=mock-video-49 error=HTTP Error 404: Not Found
vision_push_failed frame_id=mock-video-50 error=HTTP Error 404: Not Found
vision_push_failed frame_id=mock-video-51 error=HTTP Error 404: Not Found
vision_push_failed frame_id=mock-video-52 error=HTTP Error 404: Not Found
vision_push_failed frame_id=mock-video-53 error=HTTP Error 404: Not Found
vision_push_failed frame_id=mock-video-54 error=HTTP Error 404: Not Found
vision_push_failed frame_id=mock-video-55 error=HTTP Error 404: Not Found
vision_push_failed frame_id=mock-video-56 error=HTTP Error 404: Not Found
vision_push_failed frame_id=mock-video-57 error=HTTP Error 404: Not Found
vision_push_failed frame_id=mock-video-58 error=HTTP Error 404: Not Found
vision_push_failed frame_id=mock-video-59 error=HTTP Error 404: Not Found
vision_push_failed frame_id=mock-video-60 error=HTTP Error 404: Not Found
vision_push_failed frame_id=mock-video-61 error=HTTP Error 404: Not Found
vision_push_failed frame_id=mock-video-62 error=HTTP Error 404: Not Found
vision_push_failed frame_id=mock-video-63 error=HTTP Error 404: Not Found
vision_push_failed frame_id=mock-video-64 error=HTTP Error 404: Not Found
vision_push_failed frame_id=mock-video-65 error=HTTP Error 404: Not Found
vision_push_failed frame_id=mock-video-66 error=HTTP Error 404: Not Found
vision_push_failed frame_id=mock-video-67 error=HTTP Error 404: Not Found
vision_push_failed frame_id=mock-video-68 error=HTTP Error 404: Not Found
vision_push_failed frame_id=mock-video-69 error=HTTP Error 404: Not Found
vision_push_failed frame_id=mock-video-70 error=HTTP Error 404: Not Found
vision_push_failed frame_id=mock-video-71 error=HTTP Error 404: Not Found
vision_push_failed frame_id=mock-video-72 error=HTTP Error 404: Not Found
vision_push_failed frame_id=mock-video-73 error=HTTP Error 404: Not Found
vision_push_failed frame_id=mock-video-74 error=HTTP Error 404: Not Found
vision_push_failed frame_id=mock-video-75 error=HTTP Error 404: Not Found
vision_push_failed frame_id=mock-video-76 error=HTTP Error 404: Not Found
vision_push_failed frame_id=mock-video-77 error=HTTP Error 404: Not Found
vision_push_failed frame_id=mock-video-78 error=HTTP Error 404: Not Found
vision_push_failed frame_id=mock-video-79 error=HTTP Error 404: Not Found
vision_push_failed frame_id=mock-video-80 error=HTTP Error 404: Not Found
vision_push_failed frame_id=mock-video-81 error=HTTP Error 404: Not Found
vision_push_failed frame_id=mock-video-82 error=HTTP Error 404: Not Found
vision_push_failed frame_id=mock-video-83 error=HTTP Error 404: Not Found
vision_push_failed frame_id=mock-video-84 error=HTTP Error 404: Not Found
vision_push_failed frame_id=mock-video-85 error=HTTP Error 404: Not Found
vision_push_failed frame_id=mock-video-86 error=HTTP Error 404: Not Found
vision_push_failed frame_id=mock-video-87 error=HTTP Error 404: Not Found
vision_push_failed frame_id=mock-video-88 error=HTTP Error 404: Not Found
vision_push_failed frame_id=mock-video-89 error=HTTP Error 404: Not Found
vision_push_failed frame_id=mock-video-90 error=HTTP Error 404: Not Found
vision_push_failed frame_id=mock-video-91 error=HTTP Error 404: Not Found
vision_push_failed frame_id=mock-video-92 error=HTTP Error 404: Not Found
vision_push_failed frame_id=mock-video-93 error=HTTP Error 404: Not Found
vision_push_failed frame_id=mock-video-94 error=HTTP Error 404: Not Found
vision_push_failed frame_id=mock-video-95 error=HTTP Error 404: Not Found
vision_push_failed frame_id=mock-video-96 error=HTTP Error 404: Not Found
vision_push_failed frame_id=mock-video-97 error=HTTP Error 404: Not Found
vision_push_failed frame_id=mock-video-98 error=HTTP Error 404: Not Found
vision_push_failed frame_id=mock-video-99 error=HTTP Error 404: Not Found
vision_push_failed frame_id=mock-video-100 error=HTTP Error 404: Not Found
vision_push_failed frame_id=mock-video-101 error=HTTP Error 404: Not Found
vision_push_failed frame_id=mock-video-102 error=HTTP Error 404: Not Found
vision_push_failed frame_id=mock-video-103 error=HTTP Error 404: Not Found
vision_push_failed frame_id=mock-video-104 error=HTTP Error 404: Not Found
vision_push_failed frame_id=mock-video-105 error=HTTP Error 404: Not Found
vision_push_failed frame_id=mock-video-106 error=HTTP Error 404: Not Found
vision_push_failed frame_id=mock-video-107 error=HTTP Error 404: Not Found
vision_push_failed frame_id=mock-video-108 error=HTTP Error 404: Not Found
vision_push_failed frame_id=mock-video-109 error=HTTP Error 404: Not Found
vision_push_failed frame_id=mock-video-110 error=HTTP Error 404: Not Found
vision_push_failed frame_id=mock-video-111 error=HTTP Error 404: Not Found
vision_push_failed frame_id=mock-video-112 error=HTTP Error 404: Not Found
vision_push_failed frame_id=mock-video-113 error=HTTP Error 404: Not Found
vision_push_failed frame_id=mock-video-114 error=HTTP Error 404: Not Found
vision_push_failed frame_id=mock-video-115 error=HTTP Error 404: Not Found
vision_push_failed frame_id=mock-video-116 error=HTTP Error 404: Not Found
vision_push_failed frame_id=mock-video-117 error=HTTP Error 404: Not Found
vision_push_failed frame_id=mock-video-118 error=HTTP Error 404: Not Found
vision_push_failed frame_id=mock-video-119 error=HTTP Error 404: Not Found
vision_push_failed frame_id=mock-video-120 error=HTTP Error 404: Not Found
vision_push_failed frame_id=mock-video-121 error=HTTP Error 404: Not Found
vision_push_failed frame_id=mock-video-122 error=HTTP Error 404: Not Found
vision_push_failed frame_id=mock-video-123 error=HTTP Error 404: Not Found
vision_push_failed frame_id=mock-video-124 error=HTTP Error 404: Not Found
vision_push_failed frame_id=mock-video-125 error=HTTP Error 404: Not Found
vision_push_failed frame_id=mock-video-126 error=HTTP Error 404: Not Found
vision_push_failed frame_id=mock-video-127 error=HTTP Error 404: Not Found
vision_push_failed frame_id=mock-video-128 error=HTTP Error 404: Not Found
vision_push_failed frame_id=mock-video-129 error=HTTP Error 404: Not Found
vision_push_failed frame_id=mock-video-130 error=HTTP Error 404: Not Found
vision_push_failed frame_id=mock-video-131 error=HTTP Error 404: Not Found
vision_push_failed frame_id=mock-video-132 error=HTTP Error 404: Not Found
vision_push_failed frame_id=mock-video-133 error=HTTP Error 404: Not Found
vision_push_failed frame_id=mock-video-134 error=<urlopen error timed out>
vision_push_failed frame_id=mock-video-135 error=HTTP Error 404: Not Found
vision_push_failed frame_id=mock-video-136 error=HTTP Error 404: Not Found
vision_push_failed frame_id=mock-video-137 error=HTTP Error 404: Not Found
vision_push_failed frame_id=mock-video-138 error=HTTP Error 404: Not Found
vision_push_failed frame_id=mock-video-139 error=HTTP Error 404: Not Found
vision_push_failed frame_id=mock-video-140 error=HTTP Error 404: Not Found
vision_push_failed frame_id=mock-video-141 error=HTTP Error 404: Not Found
vision_push_failed frame_id=mock-video-142 error=HTTP Error 404: Not Found
vision_push_failed frame_id=mock-video-143 error=HTTP Error 404: Not Found
vision_push_failed frame_id=mock-video-144 error=HTTP Error 404: Not Found
vision_push_failed frame_id=mock-video-145 error=HTTP Error 404: Not Found
vision_push_failed frame_id=mock-video-146 error=HTTP Error 404: Not Found
vision_push_failed frame_id=mock-video-147 error=HTTP Error 404: Not Found
vision_push_failed frame_id=mock-video-148 error=HTTP Error 404: Not Found
vision_push_failed frame_id=mock-video-149 error=HTTP Error 404: Not Found
vision_push_failed frame_id=mock-video-150 error=HTTP Error 404: Not Found
vision_push_failed frame_id=mock-video-151 error=HTTP Error 404: Not Found
vision_push_failed frame_id=mock-video-152 error=HTTP Error 404: Not Found
vision_push_failed frame_id=mock-video-153 error=HTTP Error 404: Not Found
vision_push_failed frame_id=mock-video-154 error=HTTP Error 404: Not Found
vision_push_failed frame_id=mock-video-155 error=HTTP Error 404: Not Found
vision_push_failed frame_id=mock-video-156 error=HTTP Error 404: Not Found
vision_push_failed frame_id=mock-video-157 error=HTTP Error 404: Not Found
vision_push_failed frame_id=mock-video-158 error=HTTP Error 404: Not Found
vision_push_failed frame_id=mock-video-159 error=HTTP Error 404: Not Found
vision_push_failed frame_id=mock-video-160 error=HTTP Error 404: Not Found
vision_push_failed frame_id=mock-video-161 error=HTTP Error 404: Not Found
vision_push_failed frame_id=mock-video-162 error=HTTP Error 404: Not Found
vision_push_failed frame_id=mock-video-163 error=HTTP Error 404: Not Found
vision_push_failed frame_id=mock-video-164 error=HTTP Error 404: Not Found
vision_push_failed frame_id=mock-video-165 error=HTTP Error 404: Not Found
vision_push_failed frame_id=mock-video-166 error=HTTP Error 404: Not Found
vision_push_failed frame_id=mock-video-167 error=HTTP Error 404: Not Found
vision_push_failed frame_id=mock-video-168 error=HTTP Error 404: Not Found
vision_push_failed frame_id=mock-video-169 error=HTTP Error 404: Not Found
vision_push_failed frame_id=mock-video-170 error=HTTP Error 404: Not Found
vision_push_failed frame_id=mock-video-171 error=HTTP Error 404: Not Found
vision_push_failed frame_id=mock-video-172 error=HTTP Error 404: Not Found
vision_push_failed frame_id=mock-video-173 error=HTTP Error 404: Not Found
vision_push_failed frame_id=mock-video-174 error=HTTP Error 404: Not Found
vision_push_failed frame_id=mock-video-175 error=HTTP Error 404: Not Found
vision_push_failed frame_id=mock-video-176 error=HTTP Error 404: Not Found
vision_push_failed frame_id=mock-video-177 error=HTTP Error 404: Not Found
vision_push_failed frame_id=mock-video-178 error=HTTP Error 404: Not Found
vision_push_failed frame_id=mock-video-179 error=HTTP Error 404: Not Found
vision_push_failed frame_id=mock-video-180 error=HTTP Error 404: Not Found
vision_push_failed frame_id=mock-video-181 error=HTTP Error 404: Not Found
vision_push_failed frame_id=mock-video-182 error=HTTP Error 404: Not Found
vision_push_failed frame_id=mock-video-183 error=HTTP Error 404: Not Found
vision_push_failed frame_id=mock-video-184 error=HTTP Error 404: Not Found
vision_push_failed frame_id=mock-video-185 error=HTTP Error 404: Not Found
vision_push_failed frame_id=mock-video-186 error=HTTP Error 404: Not Found
vision_push_failed frame_id=mock-video-187 error=HTTP Error 404: Not Found
vision_push_failed frame_id=mock-video-188 error=HTTP Error 404: Not Found
vision_push_failed frame_id=mock-video-189 error=HTTP Error 404: Not Found
vision_push_failed frame_id=mock-video-190 error=HTTP Error 404: Not Found
vision_push_failed frame_id=mock-video-191 error=HTTP Error 404: Not Found
vision_push_failed frame_id=mock-video-192 error=HTTP Error 404: Not Found
vision_push_failed frame_id=mock-video-193 error=HTTP Error 404: Not Found
vision_push_failed frame_id=mock-video-194 error=HTTP Error 404: Not Found
vision_push_failed frame_id=mock-video-195 error=HTTP Error 404: Not Found
vision_push_failed frame_id=mock-video-196 error=HTTP Error 404: Not Found
vision_push_failed frame_id=mock-video-197 error=HTTP Error 404: Not Found
vision_push_failed frame_id=mock-video-198 error=HTTP Error 404: Not Found
vision_push_failed frame_id=mock-video-199 error=HTTP Error 404: Not Found
vision_push_failed frame_id=mock-video-200 error=HTTP Error 404: Not Found
vision_push_failed frame_id=mock-video-201 error=HTTP Error 404: Not Found
vision_push_failed frame_id=mock-video-202 error=HTTP Error 404: Not Found
vision_push_failed frame_id=mock-video-203 error=HTTP Error 404: Not Found
vision_push_failed frame_id=mock-video-204 error=HTTP Error 404: Not Found
vision_push_failed frame_id=mock-video-205 error=HTTP Error 404: Not Found
vision_push_failed frame_id=mock-video-206 error=HTTP Error 404: Not Found
vision_push_failed frame_id=mock-video-207 error=HTTP Error 404: Not Found
vision_push_failed frame_id=mock-video-208 error=HTTP Error 404: Not Found
vision_push_failed frame_id=mock-video-209 error=HTTP Error 404: Not Found
vision_push_failed frame_id=mock-video-210 error=HTTP Error 404: Not Found
vision_push_failed frame_id=mock-video-211 error=HTTP Error 404: Not Found
vision_push_failed frame_id=mock-video-212 error=HTTP Error 404: Not Found
vision_push_failed frame_id=mock-video-213 error=HTTP Error 404: Not Found
vision_push_failed frame_id=mock-video-214 error=HTTP Error 404: Not Found
vision_push_failed frame_id=mock-video-215 error=HTTP Error 404: Not Found
vision_push_failed frame_id=mock-video-216 error=HTTP Error 404: Not Found
vision_push_failed frame_id=mock-video-217 error=HTTP Error 404: Not Found
vision_push_failed frame_id=mock-video-218 error=HTTP Error 404: Not Found
vision_push_failed frame_id=mock-video-219 error=HTTP Error 404: Not Found
vision_push_failed frame_id=mock-video-220 error=HTTP Error 404: Not Found
vision_push_failed frame_id=mock-video-221 error=HTTP Error 404: Not Found
vision_push_failed frame_id=mock-video-222 error=HTTP Error 404: Not Found
vision_push_failed frame_id=mock-video-223 error=HTTP Error 404: Not Found
vision_push_failed frame_id=mock-video-224 error=HTTP Error 404: Not Found
vision_push_failed frame_id=mock-video-225 error=HTTP Error 404: Not Found
vision_push_failed frame_id=mock-video-226 error=HTTP Error 404: Not Found
vision_push_failed frame_id=mock-video-227 error=HTTP Error 404: Not Found
vision_push_failed frame_id=mock-video-228 error=HTTP Error 404: Not Found
vision_push_failed frame_id=mock-video-229 error=HTTP Error 404: Not Found
vision_push_failed frame_id=mock-video-230 error=HTTP Error 404: Not Found
vision_push_failed frame_id=mock-video-231 error=HTTP Error 404: Not Found
vision_push_failed frame_id=mock-video-232 error=HTTP Error 404: Not Found
vision_push_failed frame_id=mock-video-233 error=HTTP Error 404: Not Found
vision_push_failed frame_id=mock-video-234 error=HTTP Error 404: Not Found
vision_push_failed frame_id=mock-video-235 error=HTTP Error 404: Not Found
vision_push_failed frame_id=mock-video-236 error=HTTP Error 404: Not Found
vision_push_failed frame_id=mock-video-237 error=HTTP Error 404: Not Found
vision_push_failed frame_id=mock-video-238 error=HTTP Error 404: Not Found
vision_push_failed frame_id=mock-video-239 error=HTTP Error 404: Not Found
vision_push_failed frame_id=mock-video-240 error=HTTP Error 404: Not Found
vision_push_failed frame_id=mock-video-241 error=HTTP Error 404: Not Found
vision_push_failed frame_id=mock-video-242 error=HTTP Error 404: Not Found
vision_push_failed frame_id=mock-video-243 error=HTTP Error 404: Not Found
vision_push_failed frame_id=mock-video-244 error=HTTP Error 404: Not Found
vision_push_failed frame_id=mock-video-245 error=HTTP Error 404: Not Found
vision_push_failed frame_id=mock-video-246 error=HTTP Error 404: Not Found
vision_push_failed frame_id=mock-video-247 error=HTTP Error 404: Not Found
vision_push_failed frame_id=mock-video-248 error=HTTP Error 404: Not Found
vision_push_failed frame_id=mock-video-249 error=HTTP Error 404: Not Found
vision_push_failed frame_id=mock-video-250 error=HTTP Error 404: Not Found
vision_push_failed frame_id=mock-video-251 error=HTTP Error 404: Not Found
vision_push_failed frame_id=mock-video-252 error=HTTP Error 404: Not Found
vision_push_failed frame_id=mock-video-253 error=HTTP Error 404: Not Found
vision_push_failed frame_id=mock-video-254 error=HTTP Error 404: Not Found
vision_push_failed frame_id=mock-video-255 error=HTTP Error 404: Not Found
vision_push_failed frame_id=mock-video-256 error=HTTP Error 404: Not Found
vision_push_failed frame_id=mock-video-257 error=HTTP Error 404: Not Found
vision_push_failed frame_id=mock-video-258 error=HTTP Error 404: Not Found
vision_push_failed frame_id=mock-video-259 error=HTTP Error 404: Not Found
vision_push_failed frame_id=mock-video-260 error=HTTP Error 404: Not Found
vision_push_failed frame_id=mock-video-261 error=HTTP Error 404: Not Found
vision_push_failed frame_id=mock-video-262 error=HTTP Error 404: Not Found
vision_push_failed frame_id=mock-video-263 error=HTTP Error 404: Not Found
vision_push_failed frame_id=mock-video-264 error=HTTP Error 404: Not Found
vision_push_failed frame_id=mock-video-265 error=HTTP Error 404: Not Found
vision_push_failed frame_id=mock-video-266 error=HTTP Error 404: Not Found
vision_push_failed frame_id=mock-video-267 error=HTTP Error 404: Not Found
vision_push_failed frame_id=mock-video-268 error=HTTP Error 404: Not Found
vision_push_failed frame_id=mock-video-269 error=HTTP Error 404: Not Found
vision_push_failed frame_id=mock-video-270 error=HTTP Error 404: Not Found
vision_push_failed frame_id=mock-video-271 error=HTTP Error 404: Not Found
vision_push_failed frame_id=mock-video-272 error=HTTP Error 404: Not Found
vision_push_failed frame_id=mock-video-273 error=HTTP Error 404: Not Found
vision_push_failed frame_id=mock-video-274 error=HTTP Error 404: Not Found
vision_push_failed frame_id=mock-video-275 error=HTTP Error 404: Not Found
vision_push_failed frame_id=mock-video-276 error=HTTP Error 404: Not Found
vision_push_failed frame_id=mock-video-277 error=HTTP Error 404: Not Found
vision_push_failed frame_id=mock-video-278 error=HTTP Error 404: Not Found
vision_push_failed frame_id=mock-video-279 error=HTTP Error 404: Not Found
vision_push_failed frame_id=mock-video-280 error=HTTP Error 404: Not Found
vision_push_failed frame_id=mock-video-281 error=HTTP Error 404: Not Found
vision_push_failed frame_id=mock-video-282 error=HTTP Error 404: Not Found
vision_push_failed frame_id=mock-video-283 error=HTTP Error 404: Not Found
vision_push_failed frame_id=mock-video-284 error=HTTP Error 404: Not Found
vision_push_failed frame_id=mock-video-285 error=HTTP Error 404: Not Found
vision_push_failed frame_id=mock-video-286 error=HTTP Error 404: Not Found
vision_push_failed frame_id=mock-video-287 error=HTTP Error 404: Not Found
vision_push_failed frame_id=mock-video-288 error=HTTP Error 404: Not Found
vision_push_failed frame_id=mock-video-289 error=HTTP Error 404: Not Found
vision_push_failed frame_id=mock-video-290 error=HTTP Error 404: Not Found
vision_push_failed frame_id=mock-video-291 error=HTTP Error 404: Not Found
vision_push_failed frame_id=mock-video-292 error=HTTP Error 404: Not Found
vision_push_failed frame_id=mock-video-293 error=HTTP Error 404: Not Found
vision_push_failed frame_id=mock-video-294 error=HTTP Error 404: Not Found
vision_push_failed frame_id=mock-video-295 error=HTTP Error 404: Not Found
vision_push_failed frame_id=mock-video-296 error=HTTP Error 404: Not Found
vision_push_failed frame_id=mock-video-297 error=HTTP Error 404: Not Found
vision_push_failed frame_id=mock-video-298 error=HTTP Error 404: Not Found
vision_push_failed frame_id=mock-video-299 error=HTTP Error 404: Not Found
vision_push_failed frame_id=mock-video-300 error=HTTP Error 404: Not Found
vision_push_failed frame_id=mock-video-301 error=HTTP Error 404: Not Found
vision_push_failed frame_id=mock-video-302 error=HTTP Error 404: Not Found
vision_push_failed frame_id=mock-video-303 error=HTTP Error 404: Not Found
vision_push_failed frame_id=mock-video-304 error=HTTP Error 404: Not Found
vision_push_failed frame_id=mock-video-305 error=HTTP Error 404: Not Found
vision_push_failed frame_id=mock-video-306 error=HTTP Error 404: Not Found
vision_push_failed frame_id=mock-video-307 error=HTTP Error 404: Not Found
vision_push_failed frame_id=mock-video-308 error=HTTP Error 404: Not Found
vision_push_failed frame_id=mock-video-309 error=HTTP Error 404: Not Found
vision_push_failed frame_id=mock-video-310 error=HTTP Error 404: Not Found
vision_push_failed frame_id=mock-video-311 error=HTTP Error 404: Not Found
vision_push_failed frame_id=mock-video-312 error=HTTP Error 404: Not Found
vision_push_failed frame_id=mock-video-313 error=HTTP Error 404: Not Found
vision_push_failed frame_id=mock-video-314 error=HTTP Error 404: Not Found
vision_push_failed frame_id=mock-video-315 error=HTTP Error 404: Not Found
vision_push_failed frame_id=mock-video-316 error=HTTP Error 404: Not Found
vision_push_failed frame_id=mock-video-317 error=HTTP Error 404: Not Found
vision_push_failed frame_id=mock-video-318 error=HTTP Error 404: Not Found
vision_push_failed frame_id=mock-video-319 error=HTTP Error 404: Not Found
vision_push_failed frame_id=mock-video-320 error=HTTP Error 404: Not Found
vision_push_failed frame_id=mock-video-321 error=HTTP Error 404: Not Found
vision_push_failed frame_id=mock-video-322 error=HTTP Error 404: Not Found
vision_push_failed frame_id=mock-video-323 error=HTTP Error 404: Not Found
vision_push_failed frame_id=mock-video-324 error=HTTP Error 404: Not Found
vision_push_failed frame_id=mock-video-325 error=HTTP Error 404: Not Found
vision_push_failed frame_id=mock-video-326 error=HTTP Error 404: Not Found
vision_push_failed frame_id=mock-video-327 error=HTTP Error 404: Not Found
vision_push_failed frame_id=mock-video-328 error=HTTP Error 404: Not Found
vision_push_failed frame_id=mock-video-329 error=HTTP Error 404: Not Found
vision_push_failed frame_id=mock-video-330 error=HTTP Error 404: Not Found
vision_push_failed frame_id=mock-video-331 error=HTTP Error 404: Not Found
vision_push_failed frame_id=mock-video-332 error=HTTP Error 404: Not Found
vision_push_failed frame_id=mock-video-333 error=HTTP Error 404: Not Found
vision_push_failed frame_id=mock-video-334 error=HTTP Error 404: Not Found
vision_push_failed frame_id=mock-video-335 error=HTTP Error 404: Not Found
vision_push_failed frame_id=mock-video-336 error=HTTP Error 404: Not Found
vision_push_failed frame_id=mock-video-337 error=HTTP Error 404: Not Found
vision_push_failed frame_id=mock-video-338 error=HTTP Error 404: Not Found
vision_push_failed frame_id=mock-video-339 error=HTTP Error 404: Not Found
vision_push_failed frame_id=mock-video-340 error=HTTP Error 404: Not Found
vision_push_failed frame_id=mock-video-341 error=HTTP Error 404: Not Found
vision_push_failed frame_id=mock-video-342 error=HTTP Error 404: Not Found
vision_push_failed frame_id=mock-video-343 error=HTTP Error 404: Not Found
vision_push_failed frame_id=mock-video-344 error=HTTP Error 404: Not Found
vision_push_failed frame_id=mock-video-345 error=HTTP Error 404: Not Found
vision_push_failed frame_id=mock-video-346 error=HTTP Error 404: Not Found
vision_push_failed frame_id=mock-video-347 error=HTTP Error 404: Not Found
vision_push_failed frame_id=mock-video-348 error=HTTP Error 404: Not Found
vision_push_failed frame_id=mock-video-349 error=HTTP Error 404: Not Found
vision_push_failed frame_id=mock-video-350 error=HTTP Error 404: Not Found
vision_push_failed frame_id=mock-video-351 error=HTTP Error 404: Not Found
vision_push_failed frame_id=mock-video-352 error=HTTP Error 404: Not Found
vision_push_failed frame_id=mock-video-353 error=HTTP Error 404: Not Found
vision_push_failed frame_id=mock-video-354 error=HTTP Error 404: Not Found
vision_push_failed frame_id=mock-video-355 error=HTTP Error 404: Not Found
vision_push_failed frame_id=mock-video-356 error=HTTP Error 404: Not Found
vision_push_failed frame_id=mock-video-357 error=HTTP Error 404: Not Found
vision_push_failed frame_id=mock-video-358 error=HTTP Error 404: Not Found
vision_push_failed frame_id=mock-video-359 error=HTTP Error 404: Not Found
vision_push_failed frame_id=mock-video-360 error=HTTP Error 404: Not Found
vision_push_failed frame_id=mock-video-361 error=HTTP Error 404: Not Found
vision_push_failed frame_id=mock-video-362 error=HTTP Error 404: Not Found
vision_push_failed frame_id=mock-video-363 error=HTTP Error 404: Not Found
vision_push_failed frame_id=mock-video-364 error=HTTP Error 404: Not Found
vision_push_failed frame_id=mock-video-365 error=HTTP Error 404: Not Found
vision_push_failed frame_id=mock-video-366 error=HTTP Error 404: Not Found
vision_push_failed frame_id=mock-video-367 error=HTTP Error 404: Not Found
vision_push_failed frame_id=mock-video-368 error=HTTP Error 404: Not Found
vision_push_failed frame_id=mock-video-369 error=HTTP Error 404: Not Found
vision_push_failed frame_id=mock-video-370 error=HTTP Error 404: Not Found
vision_push_failed frame_id=mock-video-371 error=HTTP Error 404: Not Found
vision_push_failed frame_id=mock-video-372 error=HTTP Error 404: Not Found
vision_push_failed frame_id=mock-video-373 error=HTTP Error 404: Not Found
vision_push_failed frame_id=mock-video-374 error=HTTP Error 404: Not Found
vision_push_failed frame_id=mock-video-375 error=HTTP Error 404: Not Found
vision_push_failed frame_id=mock-video-376 error=HTTP Error 404: Not Found
vision_push_failed frame_id=mock-video-377 error=HTTP Error 404: Not Found
vision_push_failed frame_id=mock-video-378 error=HTTP Error 404: Not Found
vision_push_failed frame_id=mock-video-379 error=HTTP Error 404: Not Found
vision_push_failed frame_id=mock-video-380 error=HTTP Error 404: Not Found
vision_push_failed frame_id=mock-video-381 error=HTTP Error 404: Not Found
vision_push_failed frame_id=mock-video-382 error=HTTP Error 404: Not Found
vision_push_failed frame_id=mock-video-383 error=HTTP Error 404: Not Found
vision_push_failed frame_id=mock-video-384 error=HTTP Error 404: Not Found
vision_push_failed frame_id=mock-video-385 error=HTTP Error 404: Not Found
vision_push_failed frame_id=mock-video-386 error=HTTP Error 404: Not Found
vision_push_failed frame_id=mock-video-387 error=HTTP Error 404: Not Found
vision_push_failed frame_id=mock-video-388 error=HTTP Error 404: Not Found
vision_push_failed frame_id=mock-video-389 error=HTTP Error 404: Not Found
vision_push_failed frame_id=mock-video-390 error=HTTP Error 404: Not Found
vision_push_failed frame_id=mock-video-391 error=HTTP Error 404: Not Found
vision_push_failed frame_id=mock-video-392 error=HTTP Error 404: Not Found
vision_push_failed frame_id=mock-video-393 error=HTTP Error 404: Not Found
vision_push_failed frame_id=mock-video-394 error=HTTP Error 404: Not Found
vision_push_failed frame_id=mock-video-395 error=HTTP Error 404: Not Found
vision_push_failed frame_id=mock-video-396 error=HTTP Error 404: Not Found
vision_push_failed frame_id=mock-video-397 error=HTTP Error 404: Not Found
vision_push_failed frame_id=mock-video-398 error=HTTP Error 404: Not Found
vision_push_failed frame_id=mock-video-399 error=HTTP Error 404: Not Found
vision_push_failed frame_id=mock-video-400 error=HTTP Error 404: Not Found
vision_push_failed frame_id=mock-video-401 error=HTTP Error 404: Not Found
vision_push_failed frame_id=mock-video-402 error=HTTP Error 404: Not Found
vision_push_failed frame_id=mock-video-403 error=HTTP Error 404: Not Found
vision_push_failed frame_id=mock-video-404 error=HTTP Error 404: Not Found
vision_push_failed frame_id=mock-video-405 error=HTTP Error 404: Not Found
vision_push_failed frame_id=mock-video-406 error=HTTP Error 404: Not Found
vision_push_failed frame_id=mock-video-407 error=HTTP Error 404: Not Found
vision_push_failed frame_id=mock-video-408 error=HTTP Error 404: Not Found
vision_push_failed frame_id=mock-video-409 error=HTTP Error 404: Not Found
vision_push_failed frame_id=mock-video-410 error=HTTP Error 404: Not Found
vision_push_failed frame_id=mock-video-411 error=HTTP Error 404: Not Found
vision_push_failed frame_id=mock-video-412 error=HTTP Error 404: Not Found
vision_push_failed frame_id=mock-video-413 error=HTTP Error 404: Not Found
vision_push_failed frame_id=mock-video-414 error=HTTP Error 404: Not Found
vision_push_failed frame_id=mock-video-415 error=HTTP Error 404: Not Found
vision_push_failed frame_id=mock-video-416 error=HTTP Error 404: Not Found
vision_push_failed frame_id=mock-video-417 error=HTTP Error 404: Not Found
vision_push_failed frame_id=mock-video-418 error=HTTP Error 404: Not Found
vision_push_failed frame_id=mock-video-419 error=<urlopen error timed out>
vision_push_failed frame_id=mock-video-420 error=HTTP Error 404: Not Found
vision_push_failed frame_id=mock-video-421 error=HTTP Error 404: Not Found
vision_push_failed frame_id=mock-video-422 error=HTTP Error 404: Not Found
vision_push_failed frame_id=mock-video-423 error=HTTP Error 404: Not Found
vision_push_failed frame_id=mock-video-424 error=HTTP Error 404: Not Found
vision_push_failed frame_id=mock-video-425 error=HTTP Error 404: Not Found
vision_push_failed frame_id=mock-video-426 error=HTTP Error 404: Not Found
vision_push_failed frame_id=mock-video-427 error=HTTP Error 404: Not Found
vision_push_failed frame_id=mock-video-428 error=HTTP Error 404: Not Found
vision_push_failed frame_id=mock-video-429 error=HTTP Error 404: Not Found
vision_push_failed frame_id=mock-video-430 error=HTTP Error 404: Not Found
vision_push_failed frame_id=mock-video-431 error=HTTP Error 404: Not Found
vision_push_failed frame_id=mock-video-432 error=HTTP Error 404: Not Found
vision_push_failed frame_id=mock-video-433 error=HTTP Error 404: Not Found
vision_push_failed frame_id=mock-video-434 error=HTTP Error 404: Not Found
vision_push_failed frame_id=mock-video-435 error=HTTP Error 404: Not Found
vision_push_failed frame_id=mock-video-436 error=HTTP Error 404: Not Found
vision_push_failed frame_id=mock-video-437 error=HTTP Error 404: Not Found
vision_push_failed frame_id=mock-video-438 error=HTTP Error 404: Not Found
vision_push_failed frame_id=mock-video-439 error=HTTP Error 404: Not Found
vision_push_failed frame_id=mock-video-440 error=HTTP Error 404: Not Found
vision_push_failed frame_id=mock-video-441 error=HTTP Error 404: Not Found
vision_push_failed frame_id=mock-video-442 error=HTTP Error 404: Not Found
vision_push_failed frame_id=mock-video-443 error=HTTP Error 404: Not Found
vision_push_failed frame_id=mock-video-444 error=HTTP Error 404: Not Found
vision_push_failed frame_id=mock-video-445 error=HTTP Error 404: Not Found
vision_push_failed frame_id=mock-video-446 error=HTTP Error 404: Not Found
vision_push_failed frame_id=mock-video-447 error=HTTP Error 404: Not Found
vision_push_failed frame_id=mock-video-448 error=HTTP Error 404: Not Found
vision_push_failed frame_id=mock-video-449 error=HTTP Error 404: Not Found
vision_push_failed frame_id=mock-video-450 error=HTTP Error 404: Not Found
vision_push_failed frame_id=mock-video-451 error=HTTP Error 404: Not Found
vision_push_failed frame_id=mock-video-452 error=HTTP Error 404: Not Found
vision_push_failed frame_id=mock-video-453 error=HTTP Error 404: Not Found
vision_push_failed frame_id=mock-video-454 error=HTTP Error 404: Not Found
vision_push_failed frame_id=mock-video-455 error=HTTP Error 404: Not Found
vision_push_failed frame_id=mock-video-456 error=HTTP Error 404: Not Found
vision_push_failed frame_id=mock-video-457 error=HTTP Error 404: Not Found
vision_push_failed frame_id=mock-video-458 error=HTTP Error 404: Not Found
vision_push_failed frame_id=mock-video-459 error=HTTP Error 404: Not Found
vision_push_failed frame_id=mock-video-460 error=HTTP Error 404: Not Found
vision_push_failed frame_id=mock-video-461 error=HTTP Error 404: Not Found
vision_push_failed frame_id=mock-video-462 error=HTTP Error 404: Not Found
vision_push_failed frame_id=mock-video-463 error=HTTP Error 404: Not Found
vision_push_failed frame_id=mock-video-464 error=HTTP Error 404: Not Found
vision_push_failed frame_id=mock-video-465 error=HTTP Error 404: Not Found
vision_push_failed frame_id=mock-video-466 error=HTTP Error 404: Not Found
vision_push_failed frame_id=mock-video-467 error=HTTP Error 404: Not Found
vision_push_failed frame_id=mock-video-468 error=HTTP Error 404: Not Found
vision_push_failed frame_id=mock-video-469 error=HTTP Error 404: Not Found
vision_push_failed frame_id=mock-video-470 error=HTTP Error 404: Not Found
vision_push_failed frame_id=mock-video-471 error=HTTP Error 404: Not Found
vision_push_failed frame_id=mock-video-472 error=HTTP Error 404: Not Found
vision_push_failed frame_id=mock-video-473 error=HTTP Error 404: Not Found
vision_push_failed frame_id=mock-video-474 error=HTTP Error 404: Not Found
vision_push_failed frame_id=mock-video-475 error=HTTP Error 404: Not Found
vision_push_failed frame_id=mock-video-476 error=HTTP Error 404: Not Found
vision_push_failed frame_id=mock-video-477 error=HTTP Error 404: Not Found
vision_push_failed frame_id=mock-video-478 error=HTTP Error 404: Not Found
vision_push_failed frame_id=mock-video-479 error=HTTP Error 404: Not Found
vision_push_failed frame_id=mock-video-480 error=HTTP Error 404: Not Found
vision_push_failed frame_id=mock-video-481 error=HTTP Error 404: Not Found
vision_push_failed frame_id=mock-video-482 error=HTTP Error 404: Not Found
vision_push_failed frame_id=mock-video-483 error=HTTP Error 404: Not Found
vision_push_failed frame_id=mock-video-484 error=HTTP Error 404: Not Found
vision_push_failed frame_id=mock-video-485 error=HTTP Error 404: Not Found
vision_push_failed frame_id=mock-video-486 error=HTTP Error 404: Not Found
vision_push_failed frame_id=mock-video-487 error=HTTP Error 404: Not Found
vision_push_failed frame_id=mock-video-488 error=HTTP Error 404: Not Found
vision_push_failed frame_id=mock-video-489 error=HTTP Error 404: Not Found
vision_push_failed frame_id=mock-video-490 error=HTTP Error 404: Not Found
vision_push_failed frame_id=mock-video-491 error=HTTP Error 404: Not Found
vision_push_failed frame_id=mock-video-492 error=HTTP Error 404: Not Found
vision_push_failed frame_id=mock-video-493 error=HTTP Error 404: Not Found
vision_push_failed frame_id=mock-video-494 error=HTTP Error 404: Not Found
vision_push_failed frame_id=mock-video-495 error=HTTP Error 404: Not Found
vision_push_failed frame_id=mock-video-496 error=HTTP Error 404: Not Found
vision_push_failed frame_id=mock-video-497 error=HTTP Error 404: Not Found
vision_push_failed frame_id=mock-video-498 error=HTTP Error 404: Not Found
vision_push_failed frame_id=mock-video-499 error=HTTP Error 404: Not Found
vision_push_failed frame_id=mock-video-500 error=HTTP Error 404: Not Found
vision_push_failed frame_id=mock-video-501 error=HTTP Error 404: Not Found
vision_push_failed frame_id=mock-video-502 error=HTTP Error 404: Not Found
vision_push_failed frame_id=mock-video-503 error=HTTP Error 404: Not Found
vision_push_failed frame_id=mock-video-504 error=HTTP Error 404: Not Found
vision_push_failed frame_id=mock-video-505 error=HTTP Error 404: Not Found
vision_push_failed frame_id=mock-video-506 error=HTTP Error 404: Not Found
vision_push_failed frame_id=mock-video-507 error=HTTP Error 404: Not Found
vision_push_failed frame_id=mock-video-508 error=HTTP Error 404: Not Found
vision_push_failed frame_id=mock-video-509 error=HTTP Error 404: Not Found
vision_push_failed frame_id=mock-video-510 error=HTTP Error 404: Not Found
vision_push_failed frame_id=mock-video-511 error=HTTP Error 404: Not Found
vision_push_failed frame_id=mock-video-512 error=HTTP Error 404: Not Found
vision_push_failed frame_id=mock-video-513 error=HTTP Error 404: Not Found
vision_push_failed frame_id=mock-video-514 error=HTTP Error 404: Not Found
vision_push_failed frame_id=mock-video-515 error=HTTP Error 404: Not Found
vision_push_failed frame_id=mock-video-516 error=HTTP Error 404: Not Found
vision_push_failed frame_id=mock-video-517 error=HTTP Error 404: Not Found
vision_push_failed frame_id=mock-video-518 error=HTTP Error 404: Not Found
vision_push_failed frame_id=mock-video-519 error=HTTP Error 404: Not Found
vision_push_failed frame_id=mock-video-520 error=HTTP Error 404: Not Found
vision_push_failed frame_id=mock-video-521 error=HTTP Error 404: Not Found
vision_push_failed frame_id=mock-video-522 error=HTTP Error 404: Not Found
vision_push_failed frame_id=mock-video-523 error=HTTP Error 404: Not Found
vision_push_failed frame_id=mock-video-524 error=HTTP Error 404: Not Found
vision_push_failed frame_id=mock-video-525 error=HTTP Error 404: Not Found
vision_push_failed frame_id=mock-video-526 error=HTTP Error 404: Not Found
vision_push_failed frame_id=mock-video-527 error=HTTP Error 404: Not Found
vision_push_failed frame_id=mock-video-528 error=HTTP Error 404: Not Found
vision_push_failed frame_id=mock-video-529 error=HTTP Error 404: Not Found
vision_push_failed frame_id=mock-video-530 error=HTTP Error 404: Not Found
vision_push_failed frame_id=mock-video-531 error=HTTP Error 404: Not Found
vision_push_failed frame_id=mock-video-532 error=HTTP Error 404: Not Found
vision_push_failed frame_id=mock-video-533 error=HTTP Error 404: Not Found
vision_push_failed frame_id=mock-video-534 error=HTTP Error 404: Not Found
vision_push_failed frame_id=mock-video-535 error=HTTP Error 404: Not Found
vision_push_failed frame_id=mock-video-536 error=HTTP Error 404: Not Found
vision_push_failed frame_id=mock-video-537 error=HTTP Error 404: Not Found
vision_push_failed frame_id=mock-video-538 error=HTTP Error 404: Not Found
vision_push_failed frame_id=mock-video-539 error=HTTP Error 404: Not Found
vision_push_failed frame_id=mock-video-540 error=HTTP Error 404: Not Found
vision_push_failed frame_id=mock-video-541 error=HTTP Error 404: Not Found
vision_push_failed frame_id=mock-video-542 error=HTTP Error 404: Not Found
vision_push_failed frame_id=mock-video-543 error=HTTP Error 404: Not Found
vision_push_failed frame_id=mock-video-544 error=HTTP Error 404: Not Found
vision_push_failed frame_id=mock-video-545 error=HTTP Error 404: Not Found
vision_push_failed frame_id=mock-video-546 error=HTTP Error 404: Not Found
vision_push_failed frame_id=mock-video-547 error=HTTP Error 404: Not Found
vision_push_failed frame_id=mock-video-548 error=HTTP Error 404: Not Found
vision_push_failed frame_id=mock-video-549 error=HTTP Error 404: Not Found
vision_push_failed frame_id=mock-video-550 error=HTTP Error 404: Not Found
vision_push_failed frame_id=mock-video-551 error=HTTP Error 404: Not Found
vision_push_failed frame_id=mock-video-552 error=HTTP Error 404: Not Found
vision_push_failed frame_id=mock-video-553 error=HTTP Error 404: Not Found
vision_push_failed frame_id=mock-video-554 error=HTTP Error 404: Not Found
vision_push_failed frame_id=mock-video-555 error=HTTP Error 404: Not Found
vision_push_failed frame_id=mock-video-556 error=HTTP Error 404: Not Found
vision_push_failed frame_id=mock-video-557 error=HTTP Error 404: Not Found
vision_push_failed frame_id=mock-video-558 error=HTTP Error 404: Not Found
vision_push_failed frame_id=mock-video-559 error=HTTP Error 404: Not Found
vision_push_failed frame_id=mock-video-560 error=HTTP Error 404: Not Found
vision_push_failed frame_id=mock-video-561 error=HTTP Error 404: Not Found
vision_push_failed frame_id=mock-video-562 error=HTTP Error 404: Not Found
vision_push_failed frame_id=mock-video-563 error=HTTP Error 404: Not Found
vision_push_failed frame_id=mock-video-564 error=HTTP Error 404: Not Found
vision_push_failed frame_id=mock-video-565 error=HTTP Error 404: Not Found
vision_push_failed frame_id=mock-video-566 error=HTTP Error 404: Not Found
vision_push_failed frame_id=mock-video-567 error=HTTP Error 404: Not Found
vision_push_failed frame_id=mock-video-568 error=HTTP Error 404: Not Found
vision_push_failed frame_id=mock-video-569 error=HTTP Error 404: Not Found
vision_push_failed frame_id=mock-video-570 error=HTTP Error 404: Not Found
vision_push_failed frame_id=mock-video-571 error=HTTP Error 404: Not Found
vision_push_failed frame_id=mock-video-572 error=HTTP Error 404: Not Found
vision_push_failed frame_id=mock-video-573 error=HTTP Error 404: Not Found
vision_push_failed frame_id=mock-video-574 error=HTTP Error 404: Not Found
vision_push_failed frame_id=mock-video-575 error=HTTP Error 404: Not Found
vision_push_failed frame_id=mock-video-576 error=HTTP Error 404: Not Found
vision_push_failed frame_id=mock-video-577 error=HTTP Error 404: Not Found
vision_push_failed frame_id=mock-video-578 error=HTTP Error 404: Not Found
vision_push_failed frame_id=mock-video-579 error=HTTP Error 404: Not Found
vision_push_failed frame_id=mock-video-580 error=HTTP Error 404: Not Found
vision_push_failed frame_id=mock-video-581 error=HTTP Error 404: Not Found
vision_push_failed frame_id=mock-video-582 error=HTTP Error 404: Not Found
vision_push_failed frame_id=mock-video-583 error=HTTP Error 404: Not Found
vision_push_failed frame_id=mock-video-584 error=HTTP Error 404: Not Found
vision_push_failed frame_id=mock-video-585 error=HTTP Error 404: Not Found
vision_push_failed frame_id=mock-video-586 error=HTTP Error 404: Not Found
vision_push_failed frame_id=mock-video-587 error=HTTP Error 404: Not Found
vision_push_failed frame_id=mock-video-588 error=HTTP Error 404: Not Found
vision_push_failed frame_id=mock-video-589 error=HTTP Error 404: Not Found
vision_push_failed frame_id=mock-video-590 error=HTTP Error 404: Not Found
vision_push_failed frame_id=mock-video-591 error=HTTP Error 404: Not Found
vision_push_failed frame_id=mock-video-592 error=HTTP Error 404: Not Found
vision_push_failed frame_id=mock-video-593 error=HTTP Error 404: Not Found
vision_push_failed frame_id=mock-video-594 error=HTTP Error 404: Not Found
vision_push_failed frame_id=mock-video-595 error=HTTP Error 404: Not Found
vision_push_failed frame_id=mock-video-596 error=HTTP Error 404: Not Found
vision_push_failed frame_id=mock-video-597 error=HTTP Error 404: Not Found
vision_push_failed frame_id=mock-video-598 error=HTTP Error 404: Not Found
vision_push_failed frame_id=mock-video-599 error=HTTP Error 404: Not Found
vision_push_failed frame_id=mock-video-600 error=HTTP Error 404: Not Found
vision_push_failed frame_id=mock-video-601 error=HTTP Error 404: Not Found
vision_push_failed frame_id=mock-video-602 error=HTTP Error 404: Not Found
vision_push_failed frame_id=mock-video-603 error=HTTP Error 404: Not Found
vision_push_failed frame_id=mock-video-604 error=HTTP Error 404: Not Found
vision_push_failed frame_id=mock-video-605 error=HTTP Error 404: Not Found
vision_push_failed frame_id=mock-video-606 error=HTTP Error 404: Not Found
vision_push_failed frame_id=mock-video-607 error=HTTP Error 404: Not Found
vision_push_failed frame_id=mock-video-608 error=HTTP Error 404: Not Found
vision_push_failed frame_id=mock-video-609 error=HTTP Error 404: Not Found
vision_push_failed frame_id=mock-video-610 error=HTTP Error 404: Not Found
vision_push_failed frame_id=mock-video-611 error=HTTP Error 404: Not Found
vision_push_failed frame_id=mock-video-612 error=HTTP Error 404: Not Found
vision_push_failed frame_id=mock-video-613 error=HTTP Error 404: Not Found
vision_push_failed frame_id=mock-video-614 error=HTTP Error 404: Not Found
vision_push_failed frame_id=mock-video-615 error=HTTP Error 404: Not Found
vision_push_failed frame_id=mock-video-616 error=HTTP Error 404: Not Found
vision_push_failed frame_id=mock-video-617 error=HTTP Error 404: Not Found
vision_push_failed frame_id=mock-video-618 error=HTTP Error 404: Not Found
vision_push_failed frame_id=mock-video-619 error=HTTP Error 404: Not Found
vision_push_failed frame_id=mock-video-620 error=HTTP Error 404: Not Found
vision_push_failed frame_id=mock-video-621 error=HTTP Error 404: Not Found
vision_push_failed frame_id=mock-video-622 error=HTTP Error 404: Not Found
vision_push_failed frame_id=mock-video-623 error=HTTP Error 404: Not Found
vision_push_failed frame_id=mock-video-624 error=HTTP Error 404: Not Found
vision_push_failed frame_id=mock-video-625 error=HTTP Error 404: Not Found
vision_push_failed frame_id=mock-video-626 error=HTTP Error 404: Not Found
vision_push_failed frame_id=mock-video-627 error=HTTP Error 404: Not Found
vision_push_failed frame_id=mock-video-628 error=HTTP Error 404: Not Found
vision_push_failed frame_id=mock-video-629 error=HTTP Error 404: Not Found
vision_push_failed frame_id=mock-video-630 error=HTTP Error 404: Not Found
vision_push_failed frame_id=mock-video-631 error=HTTP Error 404: Not Found
vision_push_failed frame_id=mock-video-632 error=HTTP Error 404: Not Found
vision_push_failed frame_id=mock-video-633 error=HTTP Error 404: Not Found
vision_push_failed frame_id=mock-video-634 error=HTTP Error 404: Not Found
vision_push_failed frame_id=mock-video-635 error=HTTP Error 404: Not Found
vision_push_failed frame_id=mock-video-636 error=HTTP Error 404: Not Found
vision_push_failed frame_id=mock-video-637 error=<urlopen error timed out>
vision_push_failed frame_id=mock-video-638 error=HTTP Error 404: Not Found
vision_push_failed frame_id=mock-video-639 error=HTTP Error 404: Not Found
vision_push_failed frame_id=mock-video-640 error=HTTP Error 404: Not Found
vision_push_failed frame_id=mock-video-641 error=HTTP Error 404: Not Found
vision_push_failed frame_id=mock-video-642 error=HTTP Error 404: Not Found
vision_push_failed frame_id=mock-video-643 error=HTTP Error 404: Not Found
vision_push_failed frame_id=mock-video-644 error=HTTP Error 404: Not Found
vision_push_failed frame_id=mock-video-645 error=HTTP Error 404: Not Found
vision_push_failed frame_id=mock-video-646 error=HTTP Error 404: Not Found
vision_push_failed frame_id=mock-video-647 error=HTTP Error 404: Not Found
vision_push_failed frame_id=mock-video-648 error=HTTP Error 404: Not Found
vision_push_failed frame_id=mock-video-649 error=HTTP Error 404: Not Found
vision_push_failed frame_id=mock-video-650 error=HTTP Error 404: Not Found
vision_push_failed frame_id=mock-video-651 error=HTTP Error 404: Not Found
vision_push_failed frame_id=mock-video-652 error=HTTP Error 404: Not Found
vision_push_failed frame_id=mock-video-653 error=HTTP Error 404: Not Found
vision_push_failed frame_id=mock-video-654 error=HTTP Error 404: Not Found
vision_push_failed frame_id=mock-video-655 error=HTTP Error 404: Not Found
vision_push_failed frame_id=mock-video-656 error=HTTP Error 404: Not Found
vision_push_failed frame_id=mock-video-657 error=HTTP Error 404: Not Found
vision_push_failed frame_id=mock-video-658 error=HTTP Error 404: Not Found
vision_push_failed frame_id=mock-video-659 error=HTTP Error 404: Not Found
vision_push_failed frame_id=mock-video-660 error=HTTP Error 404: Not Found
vision_push_failed frame_id=mock-video-661 error=HTTP Error 404: Not Found
vision_push_failed frame_id=mock-video-662 error=HTTP Error 404: Not Found
vision_push_failed frame_id=mock-video-663 error=HTTP Error 404: Not Found
vision_push_failed frame_id=mock-video-664 error=HTTP Error 404: Not Found
vision_push_failed frame_id=mock-video-665 error=HTTP Error 404: Not Found
vision_push_failed frame_id=mock-video-666 error=HTTP Error 404: Not Found
vision_push_failed frame_id=mock-video-667 error=HTTP Error 404: Not Found
vision_push_failed frame_id=mock-video-668 error=HTTP Error 404: Not Found
vision_push_failed frame_id=mock-video-669 error=HTTP Error 404: Not Found
vision_push_failed frame_id=mock-video-670 error=HTTP Error 404: Not Found
vision_push_failed frame_id=mock-video-671 error=HTTP Error 404: Not Found
vision_push_failed frame_id=mock-video-672 error=HTTP Error 404: Not Found
vision_push_failed frame_id=mock-video-673 error=HTTP Error 404: Not Found
vision_push_failed frame_id=mock-video-674 error=HTTP Error 404: Not Found
vision_push_failed frame_id=mock-video-675 error=HTTP Error 404: Not Found
vision_push_failed frame_id=mock-video-676 error=HTTP Error 404: Not Found
vision_push_failed frame_id=mock-video-677 error=HTTP Error 404: Not Found
vision_push_failed frame_id=mock-video-678 error=HTTP Error 404: Not Found
vision_push_failed frame_id=mock-video-679 error=HTTP Error 404: Not Found
vision_push_failed frame_id=mock-video-680 error=HTTP Error 404: Not Found
vision_push_failed frame_id=mock-video-681 error=HTTP Error 404: Not Found
vision_push_failed frame_id=mock-video-682 error=HTTP Error 404: Not Found
vision_push_failed frame_id=mock-video-683 error=HTTP Error 404: Not Found
vision_push_failed frame_id=mock-video-684 error=HTTP Error 404: Not Found
vision_push_failed frame_id=mock-video-685 error=HTTP Error 404: Not Found
vision_push_failed frame_id=mock-video-686 error=HTTP Error 404: Not Found
vision_push_failed frame_id=mock-video-687 error=HTTP Error 404: Not Found
vision_push_failed frame_id=mock-video-688 error=HTTP Error 404: Not Found
vision_push_failed frame_id=mock-video-689 error=HTTP Error 404: Not Found
vision_push_failed frame_id=mock-video-690 error=HTTP Error 404: Not Found
vision_push_failed frame_id=mock-video-691 error=HTTP Error 404: Not Found
vision_push_failed frame_id=mock-video-692 error=HTTP Error 404: Not Found
vision_push_failed frame_id=mock-video-693 error=HTTP Error 404: Not Found
vision_push_failed frame_id=mock-video-694 error=HTTP Error 404: Not Found
vision_push_failed frame_id=mock-video-695 error=HTTP Error 404: Not Found
vision_push_failed frame_id=mock-video-696 error=HTTP Error 404: Not Found
vision_push_failed frame_id=mock-video-697 error=HTTP Error 404: Not Found
vision_push_failed frame_id=mock-video-698 error=HTTP Error 404: Not Found
vision_push_failed frame_id=mock-video-699 error=HTTP Error 404: Not Found
vision_push_failed frame_id=mock-video-700 error=HTTP Error 404: Not Found
vision_push_failed frame_id=mock-video-701 error=HTTP Error 404: Not Found
vision_push_failed frame_id=mock-video-702 error=HTTP Error 404: Not Found
vision_push_failed frame_id=mock-video-703 error=HTTP Error 404: Not Found
vision_push_failed frame_id=mock-video-704 error=HTTP Error 404: Not Found
vision_push_failed frame_id=mock-video-705 error=HTTP Error 404: Not Found
vision_push_failed frame_id=mock-video-706 error=HTTP Error 404: Not Found
vision_push_failed frame_id=mock-video-707 error=HTTP Error 404: Not Found
vision_push_failed frame_id=mock-video-708 error=HTTP Error 404: Not Found
vision_push_failed frame_id=mock-video-709 error=<urlopen error _ssl.c:1011: The handshake operation timed out>
vision_push_failed frame_id=mock-video-710 error=HTTP Error 404: Not Found
vision_push_failed frame_id=mock-video-711 error=HTTP Error 404: Not Found
vision_push_failed frame_id=mock-video-712 error=HTTP Error 404: Not Found
vision_push_failed frame_id=mock-video-713 error=HTTP Error 404: Not Found
vision_push_failed frame_id=mock-video-714 error=HTTP Error 404: Not Found
vision_push_failed frame_id=mock-video-715 error=HTTP Error 404: Not Found
vision_push_failed frame_id=mock-video-716 error=HTTP Error 404: Not Found
vision_push_failed frame_id=mock-video-717 error=HTTP Error 404: Not Found
vision_push_failed frame_id=mock-video-718 error=HTTP Error 404: Not Found
vision_push_failed frame_id=mock-video-719 error=HTTP Error 404: Not Found
vision_push_failed frame_id=mock-video-720 error=HTTP Error 404: Not Found
vision_push_failed frame_id=mock-video-721 error=HTTP Error 404: Not Found
vision_push_failed frame_id=mock-video-722 error=HTTP Error 404: Not Found
vision_push_failed frame_id=mock-video-723 error=HTTP Error 404: Not Found
vision_push_failed frame_id=mock-video-724 error=HTTP Error 404: Not Found
vision_push_failed frame_id=mock-video-725 error=HTTP Error 404: Not Found
vision_push_failed frame_id=mock-video-726 error=HTTP Error 404: Not Found
vision_push_failed frame_id=mock-video-727 error=HTTP Error 404: Not Found
vision_push_failed frame_id=mock-video-728 error=HTTP Error 404: Not Found
vision_push_failed frame_id=mock-video-729 error=HTTP Error 404: Not Found
vision_push_failed frame_id=mock-video-730 error=HTTP Error 404: Not Found
vision_push_failed frame_id=mock-video-731 error=HTTP Error 404: Not Found
vision_push_failed frame_id=mock-video-732 error=HTTP Error 404: Not Found
vision_push_failed frame_id=mock-video-733 error=HTTP Error 404: Not Found
vision_push_failed frame_id=mock-video-734 error=HTTP Error 404: Not Found
vision_push_failed frame_id=mock-video-735 error=HTTP Error 404: Not Found
vision_push_failed frame_id=mock-video-736 error=HTTP Error 404: Not Found
vision_push_failed frame_id=mock-video-737 error=HTTP Error 404: Not Found
vision_push_failed frame_id=mock-video-738 error=HTTP Error 404: Not Found
vision_push_failed frame_id=mock-video-739 error=HTTP Error 404: Not Found
vision_push_failed frame_id=mock-video-740 error=HTTP Error 404: Not Found
vision_push_failed frame_id=mock-video-741 error=HTTP Error 404: Not Found
vision_push_failed frame_id=mock-video-742 error=HTTP Error 404: Not Found
vision_push_failed frame_id=mock-video-743 error=HTTP Error 404: Not Found
vision_push_failed frame_id=mock-video-744 error=HTTP Error 404: Not Found
vision_push_failed frame_id=mock-video-745 error=HTTP Error 404: Not Found
vision_push_failed frame_id=mock-video-746 error=HTTP Error 404: Not Found
vision_push_failed frame_id=mock-video-747 error=HTTP Error 404: Not Found
vision_push_failed frame_id=mock-video-748 error=HTTP Error 404: Not Found
vision_push_failed frame_id=mock-video-749 error=HTTP Error 404: Not Found
vision_push_failed frame_id=mock-video-750 error=HTTP Error 404: Not Found
vision_push_failed frame_id=mock-video-751 error=HTTP Error 404: Not Found
vision_push_failed frame_id=mock-video-752 error=HTTP Error 404: Not Found
vision_push_failed frame_id=mock-video-753 error=HTTP Error 404: Not Found
vision_push_failed frame_id=mock-video-754 error=HTTP Error 404: Not Found
vision_push_failed frame_id=mock-video-755 error=HTTP Error 404: Not Found
vision_push_failed frame_id=mock-video-756 error=HTTP Error 404: Not Found
vision_push_failed frame_id=mock-video-757 error=HTTP Error 404: Not Found
vision_push_failed frame_id=mock-video-758 error=HTTP Error 404: Not Found
vision_push_failed frame_id=mock-video-759 error=HTTP Error 404: Not Found
vision_push_failed frame_id=mock-video-760 error=HTTP Error 404: Not Found
vision_push_failed frame_id=mock-video-761 error=HTTP Error 404: Not Found
vision_push_failed frame_id=mock-video-762 error=HTTP Error 404: Not Found
vision_push_failed frame_id=mock-video-763 error=HTTP Error 404: Not Found
vision_push_failed frame_id=mock-video-764 error=HTTP Error 404: Not Found
vision_push_failed frame_id=mock-video-765 error=HTTP Error 404: Not Found
vision_push_failed frame_id=mock-video-766 error=HTTP Error 404: Not Found
vision_push_failed frame_id=mock-video-767 error=HTTP Error 404: Not Found
vision_push_failed frame_id=mock-video-768 error=HTTP Error 404: Not Found
vision_push_failed frame_id=mock-video-769 error=HTTP Error 404: Not Found
vision_push_failed frame_id=mock-video-770 error=HTTP Error 404: Not Found
vision_push_failed frame_id=mock-video-771 error=HTTP Error 404: Not Found
vision_push_failed frame_id=mock-video-772 error=HTTP Error 404: Not Found
vision_push_failed frame_id=mock-video-773 error=HTTP Error 404: Not Found
vision_push_failed frame_id=mock-video-774 error=HTTP Error 404: Not Found
vision_push_failed frame_id=mock-video-775 error=HTTP Error 404: Not Found
vision_push_failed frame_id=mock-video-776 error=HTTP Error 404: Not Found
vision_push_failed frame_id=mock-video-777 error=HTTP Error 404: Not Found
vision_push_failed frame_id=mock-video-778 error=HTTP Error 404: Not Found
vision_push_failed frame_id=mock-video-779 error=HTTP Error 404: Not Found
vision_push_failed frame_id=mock-video-780 error=HTTP Error 404: Not Found
vision_push_failed frame_id=mock-video-781 error=HTTP Error 404: Not Found
vision_push_failed frame_id=mock-video-782 error=HTTP Error 404: Not Found
vision_push_failed frame_id=mock-video-783 error=HTTP Error 404: Not Found
vision_push_failed frame_id=mock-video-784 error=HTTP Error 404: Not Found
vision_push_failed frame_id=mock-video-785 error=HTTP Error 404: Not Found
vision_push_failed frame_id=mock-video-786 error=HTTP Error 404: Not Found
vision_push_failed frame_id=mock-video-787 error=HTTP Error 404: Not Found
vision_push_failed frame_id=mock-video-788 error=HTTP Error 404: Not Found
vision_push_failed frame_id=mock-video-789 error=HTTP Error 404: Not Found
vision_push_failed frame_id=mock-video-790 error=HTTP Error 404: Not Found
vision_push_failed frame_id=mock-video-791 error=HTTP Error 404: Not Found
vision_push_failed frame_id=mock-video-792 error=HTTP Error 404: Not Found
vision_push_failed frame_id=mock-video-793 error=HTTP Error 404: Not Found
vision_push_failed frame_id=mock-video-794 error=HTTP Error 404: Not Found
vision_push_failed frame_id=mock-video-795 error=HTTP Error 404: Not Found
vision_push_failed frame_id=mock-video-796 error=HTTP Error 404: Not Found
vision_push_failed frame_id=mock-video-797 error=HTTP Error 404: Not Found
vision_push_failed frame_id=mock-video-798 error=HTTP Error 404: Not Found
vision_push_failed frame_id=mock-video-799 error=HTTP Error 404: Not Found
vision_push_failed frame_id=mock-video-800 error=HTTP Error 404: Not Found
vision_push_failed frame_id=mock-video-801 error=HTTP Error 404: Not Found
vision_push_failed frame_id=mock-video-802 error=HTTP Error 404: Not Found
vision_push_failed frame_id=mock-video-803 error=HTTP Error 404: Not Found
vision_push_failed frame_id=mock-video-804 error=HTTP Error 404: Not Found
vision_push_failed frame_id=mock-video-805 error=HTTP Error 404: Not Found
vision_push_failed frame_id=mock-video-806 error=HTTP Error 404: Not Found
vision_push_failed frame_id=mock-video-807 error=HTTP Error 404: Not Found
vision_push_failed frame_id=mock-video-808 error=HTTP Error 404: Not Found
vision_push_failed frame_id=mock-video-809 error=HTTP Error 404: Not Found
vision_push_failed frame_id=mock-video-810 error=HTTP Error 404: Not Found
vision_push_failed frame_id=mock-video-811 error=HTTP Error 404: Not Found
vision_push_failed frame_id=mock-video-812 error=HTTP Error 404: Not Found
vision_push_failed frame_id=mock-video-813 error=HTTP Error 404: Not Found
vision_push_failed frame_id=mock-video-814 error=HTTP Error 404: Not Found
vision_push_failed frame_id=mock-video-815 error=HTTP Error 404: Not Found
vision_push_failed frame_id=mock-video-816 error=HTTP Error 404: Not Found
vision_push_failed frame_id=mock-video-817 error=HTTP Error 404: Not Found
vision_push_failed frame_id=mock-video-818 error=HTTP Error 404: Not Found
vision_push_failed frame_id=mock-video-819 error=HTTP Error 404: Not Found
vision_push_failed frame_id=mock-video-820 error=HTTP Error 404: Not Found
vision_push_failed frame_id=mock-video-821 error=HTTP Error 404: Not Found
vision_push_failed frame_id=mock-video-822 error=HTTP Error 404: Not Found
vision_push_failed frame_id=mock-video-823 error=HTTP Error 404: Not Found
vision_push_failed frame_id=mock-video-824 error=HTTP Error 404: Not Found
vision_push_failed frame_id=mock-video-825 error=HTTP Error 404: Not Found
vision_push_failed frame_id=mock-video-826 error=HTTP Error 404: Not Found
vision_push_failed frame_id=mock-video-827 error=HTTP Error 404: Not Found
vision_push_failed frame_id=mock-video-828 error=HTTP Error 404: Not Found
vision_push_failed frame_id=mock-video-829 error=HTTP Error 404: Not Found
vision_push_failed frame_id=mock-video-830 error=HTTP Error 404: Not Found
vision_push_failed frame_id=mock-video-831 error=HTTP Error 404: Not Found
vision_push_failed frame_id=mock-video-832 error=HTTP Error 404: Not Found
vision_push_failed frame_id=mock-video-833 error=HTTP Error 404: Not Found
vision_push_failed frame_id=mock-video-834 error=HTTP Error 404: Not Found
vision_push_failed frame_id=mock-video-835 error=HTTP Error 404: Not Found
vision_push_failed frame_id=mock-video-836 error=HTTP Error 404: Not Found
vision_push_failed frame_id=mock-video-837 error=HTTP Error 404: Not Found
vision_push_failed frame_id=mock-video-838 error=HTTP Error 404: Not Found
vision_push_failed frame_id=mock-video-839 error=HTTP Error 404: Not Found
vision_push_failed frame_id=mock-video-840 error=HTTP Error 404: Not Found
vision_push_failed frame_id=mock-video-841 error=HTTP Error 404: Not Found
vision_push_failed frame_id=mock-video-842 error=HTTP Error 404: Not Found
vision_push_failed frame_id=mock-video-843 error=HTTP Error 404: Not Found
vision_push_failed frame_id=mock-video-844 error=HTTP Error 404: Not Found
vision_push_failed frame_id=mock-video-845 error=HTTP Error 404: Not Found
vision_push_failed frame_id=mock-video-846 error=HTTP Error 404: Not Found
vision_push_failed frame_id=mock-video-847 error=HTTP Error 404: Not Found
vision_push_failed frame_id=mock-video-848 error=HTTP Error 404: Not Found
vision_push_failed frame_id=mock-video-849 error=HTTP Error 404: Not Found
vision_push_failed frame_id=mock-video-850 error=HTTP Error 404: Not Found
vision_push_failed frame_id=mock-video-851 error=HTTP Error 404: Not Found
vision_push_failed frame_id=mock-video-852 error=HTTP Error 404: Not Found
vision_push_failed frame_id=mock-video-853 error=HTTP Error 404: Not Found
vision_push_failed frame_id=mock-video-854 error=HTTP Error 404: Not Found
vision_push_failed frame_id=mock-video-855 error=HTTP Error 404: Not Found
vision_push_failed frame_id=mock-video-856 error=HTTP Error 404: Not Found
vision_push_failed frame_id=mock-video-857 error=HTTP Error 404: Not Found
vision_push_failed frame_id=mock-video-858 error=HTTP Error 404: Not Found
vision_push_failed frame_id=mock-video-859 error=HTTP Error 404: Not Found
vision_push_failed frame_id=mock-video-860 error=HTTP Error 404: Not Found
vision_push_failed frame_id=mock-video-861 error=HTTP Error 404: Not Found
vision_push_failed frame_id=mock-video-862 error=HTTP Error 404: Not Found
vision_push_failed frame_id=mock-video-863 error=HTTP Error 404: Not Found
vision_push_failed frame_id=mock-video-864 error=HTTP Error 404: Not Found
vision_push_failed frame_id=mock-video-865 error=HTTP Error 404: Not Found
vision_push_failed frame_id=mock-video-866 error=HTTP Error 404: Not Found
vision_push_failed frame_id=mock-video-867 error=HTTP Error 404: Not Found
vision_push_failed frame_id=mock-video-868 error=HTTP Error 404: Not Found
vision_push_failed frame_id=mock-video-869 error=HTTP Error 404: Not Found
vision_push_failed frame_id=mock-video-870 error=HTTP Error 404: Not Found
vision_push_failed frame_id=mock-video-871 error=HTTP Error 404: Not Found
vision_push_failed frame_id=mock-video-872 error=HTTP Error 404: Not Found
vision_push_failed frame_id=mock-video-873 error=HTTP Error 404: Not Found
vision_push_failed frame_id=mock-video-874 error=HTTP Error 404: Not Found
vision_push_failed frame_id=mock-video-875 error=HTTP Error 404: Not Found
vision_push_failed frame_id=mock-video-876 error=HTTP Error 404: Not Found
vision_push_failed frame_id=mock-video-877 error=HTTP Error 404: Not Found
vision_push_failed frame_id=mock-video-878 error=HTTP Error 404: Not Found
vision_push_failed frame_id=mock-video-879 error=HTTP Error 404: Not Found
vision_push_failed frame_id=mock-video-880 error=HTTP Error 404: Not Found
vision_push_failed frame_id=mock-video-881 error=HTTP Error 404: Not Found
vision_push_failed frame_id=mock-video-882 error=HTTP Error 404: Not Found
vision_push_failed frame_id=mock-video-883 error=HTTP Error 404: Not Found
vision_push_failed frame_id=mock-video-884 error=HTTP Error 404: Not Found
vision_push_failed frame_id=mock-video-885 error=HTTP Error 404: Not Found
vision_push_failed frame_id=mock-video-886 error=HTTP Error 404: Not Found
vision_push_failed frame_id=mock-video-887 error=HTTP Error 404: Not Found
vision_push_failed frame_id=mock-video-888 error=HTTP Error 404: Not Found
vision_push_failed frame_id=mock-video-889 error=HTTP Error 404: Not Found
vision_push_failed frame_id=mock-video-890 error=HTTP Error 404: Not Found
vision_push_failed frame_id=mock-video-891 error=HTTP Error 404: Not Found
vision_push_failed frame_id=mock-video-892 error=HTTP Error 404: Not Found
vision_push_failed frame_id=mock-video-893 error=HTTP Error 404: Not Found
vision_push_failed frame_id=mock-video-894 error=HTTP Error 404: Not Found
vision_push_failed frame_id=mock-video-895 error=HTTP Error 404: Not Found
vision_push_failed frame_id=mock-video-896 error=HTTP Error 404: Not Found
vision_push_failed frame_id=mock-video-897 error=HTTP Error 404: Not Found
vision_push_failed frame_id=mock-video-898 error=HTTP Error 404: Not Found
vision_push_failed frame_id=mock-video-899 error=HTTP Error 404: Not Found
vision_push_failed frame_id=mock-video-900 error=HTTP Error 404: Not Found
vision_push_failed frame_id=mock-video-901 error=HTTP Error 404: Not Found
vision_push_failed frame_id=mock-video-902 error=HTTP Error 404: Not Found
vision_push_failed frame_id=mock-video-903 error=HTTP Error 404: Not Found
vision_push_failed frame_id=mock-video-904 error=HTTP Error 404: Not Found
vision_push_failed frame_id=mock-video-905 error=HTTP Error 404: Not Found
vision_push_failed frame_id=mock-video-906 error=HTTP Error 404: Not Found
vision_push_failed frame_id=mock-video-907 error=HTTP Error 404: Not Found
vision_push_failed frame_id=mock-video-908 error=HTTP Error 404: Not Found
vision_push_failed frame_id=mock-video-909 error=<urlopen error timed out>
vision_push_failed frame_id=mock-video-910 error=HTTP Error 404: Not Found
vision_push_failed frame_id=mock-video-911 error=HTTP Error 404: Not Found
vision_push_failed frame_id=mock-video-912 error=HTTP Error 404: Not Found
vision_push_failed frame_id=mock-video-913 error=HTTP Error 404: Not Found
vision_push_failed frame_id=mock-video-914 error=HTTP Error 404: Not Found
vision_push_failed frame_id=mock-video-915 error=HTTP Error 404: Not Found
vision_push_failed frame_id=mock-video-916 error=HTTP Error 404: Not Found
vision_push_failed frame_id=mock-video-917 error=HTTP Error 404: Not Found
vision_push_failed frame_id=mock-video-918 error=HTTP Error 404: Not Found
vision_push_failed frame_id=mock-video-919 error=HTTP Error 404: Not Found
vision_push_failed frame_id=mock-video-920 error=HTTP Error 404: Not Found
vision_push_failed frame_id=mock-video-921 error=HTTP Error 404: Not Found
vision_push_failed frame_id=mock-video-922 error=HTTP Error 404: Not Found
vision_push_failed frame_id=mock-video-923 error=HTTP Error 404: Not Found
vision_push_failed frame_id=mock-video-924 error=HTTP Error 404: Not Found
vision_push_failed frame_id=mock-video-925 error=HTTP Error 404: Not Found
vision_push_failed frame_id=mock-video-926 error=HTTP Error 404: Not Found
vision_push_failed frame_id=mock-video-927 error=HTTP Error 404: Not Found
vision_push_failed frame_id=mock-video-928 error=HTTP Error 404: Not Found
vision_push_failed frame_id=mock-video-929 error=HTTP Error 404: Not Found
vision_push_failed frame_id=mock-video-930 error=HTTP Error 404: Not Found
vision_push_failed frame_id=mock-video-931 error=HTTP Error 404: Not Found
vision_push_failed frame_id=mock-video-932 error=HTTP Error 404: Not Found
vision_push_failed frame_id=mock-video-933 error=HTTP Error 404: Not Found
vision_push_failed frame_id=mock-video-934 error=HTTP Error 404: Not Found
vision_push_failed frame_id=mock-video-935 error=HTTP Error 404: Not Found
vision_push_failed frame_id=mock-video-936 error=HTTP Error 404: Not Found
vision_push_failed frame_id=mock-video-937 error=HTTP Error 404: Not Found
vision_push_failed frame_id=mock-video-938 error=HTTP Error 404: Not Found
vision_push_failed frame_id=mock-video-939 error=HTTP Error 404: Not Found
vision_push_failed frame_id=mock-video-940 error=HTTP Error 404: Not Found
vision_push_failed frame_id=mock-video-941 error=HTTP Error 404: Not Found
vision_push_failed frame_id=mock-video-942 error=HTTP Error 404: Not Found
vision_push_failed frame_id=mock-video-943 error=HTTP Error 404: Not Found
vision_push_failed frame_id=mock-video-944 error=HTTP Error 404: Not Found
vision_push_failed frame_id=mock-video-945 error=HTTP Error 404: Not Found
vision_push_failed frame_id=mock-video-946 error=HTTP Error 404: Not Found
vision_push_failed frame_id=mock-video-947 error=HTTP Error 404: Not Found
vision_push_failed frame_id=mock-video-948 error=HTTP Error 404: Not Found
vision_push_failed frame_id=mock-video-949 error=HTTP Error 404: Not Found
vision_push_failed frame_id=mock-video-950 error=HTTP Error 404: Not Found
vision_push_failed frame_id=mock-video-951 error=HTTP Error 404: Not Found
vision_push_failed frame_id=mock-video-952 error=HTTP Error 404: Not Found
vision_push_failed frame_id=mock-video-953 error=HTTP Error 404: Not Found
vision_push_failed frame_id=mock-video-954 error=HTTP Error 404: Not Found
vision_push_failed frame_id=mock-video-955 error=HTTP Error 404: Not Found
vision_push_failed frame_id=mock-video-956 error=HTTP Error 404: Not Found
vision_push_failed frame_id=mock-video-957 error=HTTP Error 404: Not Found
vision_push_failed frame_id=mock-video-958 error=HTTP Error 404: Not Found
vision_push_failed frame_id=mock-video-959 error=HTTP Error 404: Not Found
vision_push_failed frame_id=mock-video-960 error=HTTP Error 404: Not Found
vision_push_failed frame_id=mock-video-961 error=HTTP Error 404: Not Found
vision_push_failed frame_id=mock-video-962 error=HTTP Error 404: Not Found
vision_push_failed frame_id=mock-video-963 error=HTTP Error 404: Not Found
vision_push_failed frame_id=mock-video-964 error=HTTP Error 404: Not Found
vision_push_failed frame_id=mock-video-965 error=HTTP Error 404: Not Found
vision_push_failed frame_id=mock-video-966 error=HTTP Error 404: Not Found
vision_push_failed frame_id=mock-video-967 error=HTTP Error 404: Not Found
vision_push_failed frame_id=mock-video-968 error=HTTP Error 404: Not Found
vision_push_failed frame_id=mock-video-969 error=HTTP Error 404: Not Found
vision_push_failed frame_id=mock-video-970 error=HTTP Error 404: Not Found
vision_push_failed frame_id=mock-video-971 error=HTTP Error 404: Not Found
vision_push_failed frame_id=mock-video-972 error=HTTP Error 404: Not Found
vision_push_failed frame_id=mock-video-973 error=HTTP Error 404: Not Found
vision_push_failed frame_id=mock-video-974 error=HTTP Error 404: Not Found
vision_push_failed frame_id=mock-video-975 error=HTTP Error 404: Not Found
vision_push_failed frame_id=mock-video-976 error=HTTP Error 404: Not Found
vision_push_failed frame_id=mock-video-977 error=HTTP Error 404: Not Found
vision_push_failed frame_id=mock-video-978 error=HTTP Error 404: Not Found
vision_push_failed frame_id=mock-video-979 error=HTTP Error 404: Not Found
vision_push_failed frame_id=mock-video-980 error=HTTP Error 404: Not Found
vision_push_failed frame_id=mock-video-981 error=HTTP Error 404: Not Found
vision_push_failed frame_id=mock-video-982 error=HTTP Error 404: Not Found
vision_push_failed frame_id=mock-video-983 error=HTTP Error 404: Not Found
vision_push_failed frame_id=mock-video-984 error=HTTP Error 404: Not Found
vision_push_failed frame_id=mock-video-985 error=HTTP Error 404: Not Found
vision_push_failed frame_id=mock-video-986 error=HTTP Error 404: Not Found
vision_push_failed frame_id=mock-video-987 error=HTTP Error 404: Not Found
vision_push_failed frame_id=mock-video-988 error=HTTP Error 404: Not Found
vision_push_failed frame_id=mock-video-989 error=HTTP Error 404: Not Found
vision_push_failed frame_id=mock-video-990 error=HTTP Error 404: Not Found
vision_push_failed frame_id=mock-video-991 error=<urlopen error timed out>
vision_push_failed frame_id=mock-video-992 error=HTTP Error 404: Not Found
vision_push_failed frame_id=mock-video-993 error=HTTP Error 404: Not Found
vision_push_failed frame_id=mock-video-994 error=HTTP Error 404: Not Found
vision_push_failed frame_id=mock-video-995 error=HTTP Error 404: Not Found
vision_push_failed frame_id=mock-video-996 error=HTTP Error 404: Not Found
vision_push_failed frame_id=mock-video-997 error=HTTP Error 404: Not Found
vision_push_failed frame_id=mock-video-998 error=HTTP Error 404: Not Found
vision_push_failed frame_id=mock-video-999 error=HTTP Error 404: Not Found
vision_push_failed frame_id=mock-video-1000 error=HTTP Error 404: Not Found
vision_push_failed frame_id=mock-video-1001 error=HTTP Error 404: Not Found
vision_push_failed frame_id=mock-video-1002 error=HTTP Error 404: Not Found
vision_push_failed frame_id=mock-video-1003 error=HTTP Error 404: Not Found
vision_push_failed frame_id=mock-video-1004 error=HTTP Error 404: Not Found
vision_push_failed frame_id=mock-video-1005 error=HTTP Error 404: Not Found
vision_push_failed frame_id=mock-video-1006 error=HTTP Error 404: Not Found
vision_push_failed frame_id=mock-video-1007 error=HTTP Error 404: Not Found
vision_push_failed frame_id=mock-video-1008 error=HTTP Error 404: Not Found
vision_push_failed frame_id=mock-video-1009 error=HTTP Error 404: Not Found
vision_push_failed frame_id=mock-video-1010 error=HTTP Error 404: Not Found
vision_push_failed frame_id=mock-video-1011 error=HTTP Error 404: Not Found
vision_push_failed frame_id=mock-video-1012 error=HTTP Error 404: Not Found
vision_push_failed frame_id=mock-video-1013 error=HTTP Error 404: Not Found
vision_push_failed frame_id=mock-video-1014 error=HTTP Error 404: Not Found
vision_push_failed frame_id=mock-video-1015 error=HTTP Error 404: Not Found
vision_push_failed frame_id=mock-video-1016 error=HTTP Error 404: Not Found
vision_push_failed frame_id=mock-video-1017 error=HTTP Error 404: Not Found
vision_push_failed frame_id=mock-video-1018 error=HTTP Error 404: Not Found
vision_push_failed frame_id=mock-video-1019 error=HTTP Error 404: Not Found
vision_push_failed frame_id=mock-video-1020 error=HTTP Error 404: Not Found
vision_push_failed frame_id=mock-video-1021 error=HTTP Error 404: Not Found
vision_push_failed frame_id=mock-video-1022 error=HTTP Error 404: Not Found
vision_push_failed frame_id=mock-video-1023 error=HTTP Error 404: Not Found
vision_push_failed frame_id=mock-video-1024 error=HTTP Error 404: Not Found
vision_push_failed frame_id=mock-video-1025 error=HTTP Error 404: Not Found
vision_push_failed frame_id=mock-video-1026 error=HTTP Error 404: Not Found
vision_push_failed frame_id=mock-video-1027 error=HTTP Error 404: Not Found
vision_push_failed frame_id=mock-video-1028 error=HTTP Error 404: Not Found
vision_push_failed frame_id=mock-video-1029 error=HTTP Error 404: Not Found
vision_push_failed frame_id=mock-video-1030 error=HTTP Error 404: Not Found
vision_push_failed frame_id=mock-video-1031 error=HTTP Error 404: Not Found
vision_push_failed frame_id=mock-video-1032 error=HTTP Error 404: Not Found
vision_push_failed frame_id=mock-video-1033 error=HTTP Error 404: Not Found
vision_push_failed frame_id=mock-video-1034 error=HTTP Error 404: Not Found
vision_push_failed frame_id=mock-video-1035 error=HTTP Error 404: Not Found
vision_push_failed frame_id=mock-video-1036 error=HTTP Error 404: Not Found
vision_push_failed frame_id=mock-video-1037 error=HTTP Error 404: Not Found
vision_push_failed frame_id=mock-video-1038 error=HTTP Error 404: Not Found
vision_push_failed frame_id=mock-video-1039 error=HTTP Error 404: Not Found
vision_push_failed frame_id=mock-video-1040 error=HTTP Error 404: Not Found
vision_push_failed frame_id=mock-video-1041 error=HTTP Error 404: Not Found
vision_push_failed frame_id=mock-video-1042 error=HTTP Error 404: Not Found
vision_push_failed frame_id=mock-video-1043 error=HTTP Error 404: Not Found
vision_push_failed frame_id=mock-video-1044 error=HTTP Error 404: Not Found
vision_push_failed frame_id=mock-video-1045 error=HTTP Error 404: Not Found
vision_push_failed frame_id=mock-video-1046 error=HTTP Error 404: Not Found
vision_push_failed frame_id=mock-video-1047 error=HTTP Error 404: Not Found
vision_push_failed frame_id=mock-video-1048 error=HTTP Error 404: Not Found
vision_push_failed frame_id=mock-video-1049 error=HTTP Error 404: Not Found
vision_push_failed frame_id=mock-video-1050 error=HTTP Error 404: Not Found
vision_push_failed frame_id=mock-video-1051 error=HTTP Error 404: Not Found
vision_push_failed frame_id=mock-video-1052 error=HTTP Error 404: Not Found
vision_push_failed frame_id=mock-video-1053 error=HTTP Error 404: Not Found
vision_push_failed frame_id=mock-video-1054 error=HTTP Error 404: Not Found
vision_push_failed frame_id=mock-video-1055 error=HTTP Error 404: Not Found
vision_push_failed frame_id=mock-video-1056 error=HTTP Error 404: Not Found
vision_push_failed frame_id=mock-video-1057 error=HTTP Error 404: Not Found
vision_push_failed frame_id=mock-video-1058 error=HTTP Error 404: Not Found
vision_push_failed frame_id=mock-video-1059 error=HTTP Error 404: Not Found
vision_push_failed frame_id=mock-video-1060 error=HTTP Error 404: Not Found
vision_push_failed frame_id=mock-video-1061 error=HTTP Error 404: Not Found
vision_push_failed frame_id=mock-video-1062 error=HTTP Error 404: Not Found
vision_push_failed frame_id=mock-video-1063 error=HTTP Error 404: Not Found
vision_push_failed frame_id=mock-video-1064 error=HTTP Error 404: Not Found
vision_push_failed frame_id=mock-video-1065 error=HTTP Error 404: Not Found
vision_push_failed frame_id=mock-video-1066 error=HTTP Error 404: Not Found
vision_push_failed frame_id=mock-video-1067 error=HTTP Error 404: Not Found
vision_push_failed frame_id=mock-video-1068 error=HTTP Error 404: Not Found
vision_push_failed frame_id=mock-video-1069 error=HTTP Error 404: Not Found
vision_push_failed frame_id=mock-video-1070 error=HTTP Error 404: Not Found
vision_push_failed frame_id=mock-video-1071 error=HTTP Error 404: Not Found
vision_push_failed frame_id=mock-video-1072 error=HTTP Error 404: Not Found
vision_push_failed frame_id=mock-video-1073 error=HTTP Error 404: Not Found
vision_push_failed frame_id=mock-video-1074 error=HTTP Error 404: Not Found
vision_push_failed frame_id=mock-video-1075 error=HTTP Error 404: Not Found
vision_push_failed frame_id=mock-video-1076 error=HTTP Error 404: Not Found
vision_push_failed frame_id=mock-video-1077 error=HTTP Error 404: Not Found
vision_push_failed frame_id=mock-video-1078 error=HTTP Error 404: Not Found
vision_push_failed frame_id=mock-video-1079 error=HTTP Error 404: Not Found
vision_push_failed frame_id=mock-video-1080 error=HTTP Error 404: Not Found
vision_push_failed frame_id=mock-video-1081 error=HTTP Error 404: Not Found
vision_push_failed frame_id=mock-video-1082 error=HTTP Error 404: Not Found
vision_push_failed frame_id=mock-video-1083 error=HTTP Error 404: Not Found
vision_push_failed frame_id=mock-video-1084 error=HTTP Error 404: Not Found
vision_push_failed frame_id=mock-video-1085 error=HTTP Error 404: Not Found
vision_push_failed frame_id=mock-video-1086 error=HTTP Error 404: Not Found
vision_push_failed frame_id=mock-video-1087 error=HTTP Error 404: Not Found
vision_push_failed frame_id=mock-video-1088 error=HTTP Error 404: Not Found
vision_push_failed frame_id=mock-video-1089 error=HTTP Error 404: Not Found
vision_push_failed frame_id=mock-video-1090 error=HTTP Error 404: Not Found
vision_push_failed frame_id=mock-video-1091 error=HTTP Error 404: Not Found
vision_push_failed frame_id=mock-video-1092 error=HTTP Error 404: Not Found
vision_push_failed frame_id=mock-video-1093 error=HTTP Error 404: Not Found
vision_push_failed frame_id=mock-video-1094 error=HTTP Error 404: Not Found
vision_push_failed frame_id=mock-video-1095 error=HTTP Error 404: Not Found
vision_push_failed frame_id=mock-video-1096 error=HTTP Error 404: Not Found
vision_push_failed frame_id=mock-video-1097 error=HTTP Error 404: Not Found
vision_push_failed frame_id=mock-video-1098 error=HTTP Error 404: Not Found
vision_push_failed frame_id=mock-video-1099 error=HTTP Error 404: Not Found
vision_push_failed frame_id=mock-video-1100 error=HTTP Error 404: Not Found
vision_push_failed frame_id=mock-video-1101 error=HTTP Error 404: Not Found
vision_push_failed frame_id=mock-video-1102 error=HTTP Error 404: Not Found
vision_push_failed frame_id=mock-video-1103 error=HTTP Error 404: Not Found
vision_push_failed frame_id=mock-video-1104 error=HTTP Error 404: Not Found
vision_push_failed frame_id=mock-video-1105 error=HTTP Error 404: Not Found
vision_push_failed frame_id=mock-video-1106 error=HTTP Error 404: Not Found
vision_push_failed frame_id=mock-video-1107 error=HTTP Error 404: Not Found
vision_push_failed frame_id=mock-video-1108 error=HTTP Error 404: Not Found
vision_push_failed frame_id=mock-video-1109 error=HTTP Error 404: Not Found
vision_push_failed frame_id=mock-video-1110 error=HTTP Error 404: Not Found
vision_push_failed frame_id=mock-video-1111 error=HTTP Error 404: Not Found
vision_push_failed frame_id=mock-video-1112 error=HTTP Error 404: Not Found
vision_push_failed frame_id=mock-video-1113 error=HTTP Error 404: Not Found
vision_push_failed frame_id=mock-video-1114 error=HTTP Error 404: Not Found
vision_push_failed frame_id=mock-video-1115 error=HTTP Error 404: Not Found
vision_push_failed frame_id=mock-video-1116 error=HTTP Error 404: Not Found
vision_push_failed frame_id=mock-video-1117 error=HTTP Error 404: Not Found
vision_push_failed frame_id=mock-video-1118 error=HTTP Error 404: Not Found
vision_push_failed frame_id=mock-video-1119 error=HTTP Error 404: Not Found
vision_push_failed frame_id=mock-video-1120 error=HTTP Error 404: Not Found
vision_push_failed frame_id=mock-video-1121 error=HTTP Error 404: Not Found
vision_push_failed frame_id=mock-video-1122 error=HTTP Error 404: Not Found
vision_push_failed frame_id=mock-video-1123 error=HTTP Error 404: Not Found
vision_push_failed frame_id=mock-video-1124 error=HTTP Error 404: Not Found
vision_push_failed frame_id=mock-video-1125 error=HTTP Error 404: Not Found
vision_push_failed frame_id=mock-video-1126 error=HTTP Error 404: Not Found
vision_push_failed frame_id=mock-video-1127 error=HTTP Error 404: Not Found
vision_push_failed frame_id=mock-video-1128 error=HTTP Error 404: Not Found
vision_push_failed frame_id=mock-video-1129 error=HTTP Error 404: Not Found
vision_push_failed frame_id=mock-video-1130 error=HTTP Error 404: Not Found
vision_push_failed frame_id=mock-video-1131 error=HTTP Error 404: Not Found
vision_push_failed frame_id=mock-video-1132 error=HTTP Error 404: Not Found
vision_push_failed frame_id=mock-video-1133 error=HTTP Error 404: Not Found
vision_push_failed frame_id=mock-video-1134 error=HTTP Error 404: Not Found
vision_push_failed frame_id=mock-video-1135 error=HTTP Error 404: Not Found
vision_push_failed frame_id=mock-video-1136 error=HTTP Error 404: Not Found
vision_push_failed frame_id=mock-video-1137 error=HTTP Error 404: Not Found
vision_push_failed frame_id=mock-video-1138 error=HTTP Error 404: Not Found
vision_push_failed frame_id=mock-video-1139 error=HTTP Error 404: Not Found
vision_push_failed frame_id=mock-video-1140 error=HTTP Error 404: Not Found
vision_push_failed frame_id=mock-video-1141 error=HTTP Error 404: Not Found
vision_push_failed frame_id=mock-video-1142 error=HTTP Error 404: Not Found
vision_push_failed frame_id=mock-video-1143 error=HTTP Error 404: Not Found
vision_push_failed frame_id=mock-video-1144 error=HTTP Error 404: Not Found
vision_push_failed frame_id=mock-video-1145 error=HTTP Error 404: Not Found
vision_push_failed frame_id=mock-video-1146 error=HTTP Error 404: Not Found
vision_push_failed frame_id=mock-video-1147 error=HTTP Error 404: Not Found
vision_push_failed frame_id=mock-video-1148 error=HTTP Error 404: Not Found
vision_push_failed frame_id=mock-video-1149 error=HTTP Error 404: Not Found
vision_push_failed frame_id=mock-video-1150 error=HTTP Error 404: Not Found
vision_push_failed frame_id=mock-video-1151 error=HTTP Error 404: Not Found
vision_push_failed frame_id=mock-video-1152 error=HTTP Error 404: Not Found
vision_push_failed frame_id=mock-video-1153 error=HTTP Error 404: Not Found
vision_push_failed frame_id=mock-video-1154 error=HTTP Error 404: Not Found
vision_push_failed frame_id=mock-video-1155 error=HTTP Error 404: Not Found
vision_push_failed frame_id=mock-video-1156 error=HTTP Error 404: Not Found
vision_push_failed frame_id=mock-video-1157 error=HTTP Error 404: Not Found
vision_push_failed frame_id=mock-video-1158 error=HTTP Error 404: Not Found
vision_push_failed frame_id=mock-video-1159 error=HTTP Error 404: Not Found
vision_push_failed frame_id=mock-video-1160 error=HTTP Error 404: Not Found
vision_push_failed frame_id=mock-video-1161 error=HTTP Error 404: Not Found
vision_push_failed frame_id=mock-video-1162 error=HTTP Error 404: Not Found
vision_push_failed frame_id=mock-video-1163 error=HTTP Error 404: Not Found
vision_push_failed frame_id=mock-video-1164 error=HTTP Error 404: Not Found
vision_push_failed frame_id=mock-video-1165 error=HTTP Error 404: Not Found
vision_push_failed frame_id=mock-video-1166 error=HTTP Error 404: Not Found
vision_push_failed frame_id=mock-video-1167 error=HTTP Error 404: Not Found
vision_push_failed frame_id=mock-video-1168 error=HTTP Error 404: Not Found
vision_push_failed frame_id=mock-video-1169 error=HTTP Error 404: Not Found
vision_push_failed frame_id=mock-video-1170 error=HTTP Error 404: Not Found
vision_push_failed frame_id=mock-video-1171 error=HTTP Error 404: Not Found
vision_push_failed frame_id=mock-video-1172 error=HTTP Error 404: Not Found
vision_push_failed frame_id=mock-video-1173 error=HTTP Error 404: Not Found
vision_push_failed frame_id=mock-video-1174 error=HTTP Error 404: Not Found
vision_push_failed frame_id=mock-video-1175 error=HTTP Error 404: Not Found
vision_push_failed frame_id=mock-video-1176 error=HTTP Error 404: Not Found
vision_push_failed frame_id=mock-video-1177 error=HTTP Error 404: Not Found
vision_push_failed frame_id=mock-video-1178 error=HTTP Error 404: Not Found
vision_push_failed frame_id=mock-video-1179 error=HTTP Error 404: Not Found
vision_push_failed frame_id=mock-video-1180 error=HTTP Error 404: Not Found
vision_push_failed frame_id=mock-video-1181 error=HTTP Error 404: Not Found
vision_push_failed frame_id=mock-video-1182 error=HTTP Error 404: Not Found
vision_push_failed frame_id=mock-video-1183 error=HTTP Error 404: Not Found
vision_push_failed frame_id=mock-video-1184 error=HTTP Error 404: Not Found
vision_push_failed frame_id=mock-video-1185 error=HTTP Error 404: Not Found
vision_push_failed frame_id=mock-video-1186 error=HTTP Error 404: Not Found
vision_push_failed frame_id=mock-video-1187 error=HTTP Error 404: Not Found
vision_push_failed frame_id=mock-video-1188 error=HTTP Error 404: Not Found
vision_push_failed frame_id=mock-video-1189 error=HTTP Error 404: Not Found
vision_push_failed frame_id=mock-video-1190 error=HTTP Error 404: Not Found
vision_push_failed frame_id=mock-video-1191 error=HTTP Error 404: Not Found
vision_push_failed frame_id=mock-video-1192 error=HTTP Error 404: Not Found
vision_push_failed frame_id=mock-video-1193 error=HTTP Error 404: Not Found
vision_push_failed frame_id=mock-video-1194 error=HTTP Error 404: Not Found
vision_push_failed frame_id=mock-video-1195 error=HTTP Error 404: Not Found
vision_push_failed frame_id=mock-video-1196 error=HTTP Error 404: Not Found
vision_push_failed frame_id=mock-video-1197 error=HTTP Error 404: Not Found
vision_push_failed frame_id=mock-video-1198 error=HTTP Error 404: Not Found
vision_push_failed frame_id=mock-video-1199 error=HTTP Error 404: Not Found
vision_push_failed frame_id=mock-video-1200 error=HTTP Error 404: Not Found
vision_push_failed frame_id=mock-video-1201 error=HTTP Error 404: Not Found
vision_push_failed frame_id=mock-video-1202 error=HTTP Error 404: Not Found
vision_push_failed frame_id=mock-video-1203 error=HTTP Error 404: Not Found
vision_push_failed frame_id=mock-video-1204 error=HTTP Error 404: Not Found
vision_push_failed frame_id=mock-video-1205 error=HTTP Error 404: Not Found
vision_push_failed frame_id=mock-video-1206 error=HTTP Error 404: Not Found
vision_push_failed frame_id=mock-video-1207 error=HTTP Error 404: Not Found
vision_push_failed frame_id=mock-video-1208 error=HTTP Error 404: Not Found
vision_push_failed frame_id=mock-video-1209 error=HTTP Error 404: Not Found
vision_push_failed frame_id=mock-video-1210 error=HTTP Error 404: Not Found
vision_push_failed frame_id=mock-video-1211 error=HTTP Error 404: Not Found
vision_push_failed frame_id=mock-video-1212 error=HTTP Error 404: Not Found
vision_push_failed frame_id=mock-video-1213 error=HTTP Error 404: Not Found
vision_push_failed frame_id=mock-video-1214 error=HTTP Error 404: Not Found
vision_push_failed frame_id=mock-video-1215 error=HTTP Error 404: Not Found
vision_push_failed frame_id=mock-video-1216 error=HTTP Error 404: Not Found
vision_push_failed frame_id=mock-video-1217 error=HTTP Error 404: Not Found
vision_push_failed frame_id=mock-video-1218 error=HTTP Error 404: Not Found
vision_push_failed frame_id=mock-video-1219 error=HTTP Error 404: Not Found
vision_push_failed frame_id=mock-video-1220 error=HTTP Error 404: Not Found
vision_push_failed frame_id=mock-video-1221 error=HTTP Error 404: Not Found
vision_push_failed frame_id=mock-video-1222 error=HTTP Error 404: Not Found
vision_push_failed frame_id=mock-video-1223 error=HTTP Error 404: Not Found
vision_push_failed frame_id=mock-video-1224 error=HTTP Error 404: Not Found
vision_push_failed frame_id=mock-video-1225 error=HTTP Error 404: Not Found
vision_push_failed frame_id=mock-video-1226 error=HTTP Error 404: Not Found
vision_push_failed frame_id=mock-video-1227 error=HTTP Error 404: Not Found
vision_push_failed frame_id=mock-video-1228 error=HTTP Error 404: Not Found
vision_push_failed frame_id=mock-video-1229 error=HTTP Error 404: Not Found
vision_push_failed frame_id=mock-video-1230 error=HTTP Error 404: Not Found
vision_push_failed frame_id=mock-video-1231 error=HTTP Error 404: Not Found
vision_push_failed frame_id=mock-video-1232 error=HTTP Error 404: Not Found
vision_push_failed frame_id=mock-video-1233 error=HTTP Error 404: Not Found
vision_push_failed frame_id=mock-video-1234 error=HTTP Error 404: Not Found
vision_push_failed frame_id=mock-video-1235 error=HTTP Error 404: Not Found
vision_push_failed frame_id=mock-video-1236 error=HTTP Error 404: Not Found
vision_push_failed frame_id=mock-video-1237 error=HTTP Error 404: Not Found
vision_push_failed frame_id=mock-video-1238 error=HTTP Error 404: Not Found
vision_push_failed frame_id=mock-video-1239 error=HTTP Error 404: Not Found
vision_push_failed frame_id=mock-video-1240 error=HTTP Error 404: Not Found
vision_push_failed frame_id=mock-video-1241 error=HTTP Error 404: Not Found
vision_push_failed frame_id=mock-video-1242 error=HTTP Error 404: Not Found
vision_push_failed frame_id=mock-video-1243 error=HTTP Error 404: Not Found
vision_push_failed frame_id=mock-video-1244 error=HTTP Error 404: Not Found
vision_push_failed frame_id=mock-video-1245 error=HTTP Error 404: Not Found
vision_push_failed frame_id=mock-video-1246 error=HTTP Error 404: Not Found
vision_push_failed frame_id=mock-video-1247 error=HTTP Error 404: Not Found
vision_push_failed frame_id=mock-video-1248 error=HTTP Error 404: Not Found
vision_push_failed frame_id=mock-video-1249 error=HTTP Error 404: Not Found
vision_push_failed frame_id=mock-video-1250 error=HTTP Error 404: Not Found
vision_push_failed frame_id=mock-video-1251 error=HTTP Error 404: Not Found
vision_push_failed frame_id=mock-video-1252 error=HTTP Error 404: Not Found
vision_push_failed frame_id=mock-video-1253 error=HTTP Error 404: Not Found
vision_push_failed frame_id=mock-video-1254 error=HTTP Error 404: Not Found
vision_push_failed frame_id=mock-video-1255 error=HTTP Error 404: Not Found
vision_push_failed frame_id=mock-video-1256 error=HTTP Error 404: Not Found
vision_push_failed frame_id=mock-video-1257 error=HTTP Error 404: Not Found
vision_push_failed frame_id=mock-video-1258 error=HTTP Error 404: Not Found
vision_push_failed frame_id=mock-video-1259 error=HTTP Error 404: Not Found
vision_push_failed frame_id=mock-video-1260 error=HTTP Error 404: Not Found
vision_push_failed frame_id=mock-video-1261 error=HTTP Error 404: Not Found
vision_push_failed frame_id=mock-video-1262 error=HTTP Error 404: Not Found
vision_push_failed frame_id=mock-video-1263 error=HTTP Error 404: Not Found
vision_push_failed frame_id=mock-video-1264 error=HTTP Error 404: Not Found
vision_push_failed frame_id=mock-video-1265 error=HTTP Error 404: Not Found
vision_push_failed frame_id=mock-video-1266 error=HTTP Error 404: Not Found
vision_push_failed frame_id=mock-video-1267 error=HTTP Error 404: Not Found
vision_push_failed frame_id=mock-video-1268 error=HTTP Error 404: Not Found
vision_push_failed frame_id=mock-video-1269 error=HTTP Error 404: Not Found
vision_push_failed frame_id=mock-video-1270 error=HTTP Error 404: Not Found
vision_push_failed frame_id=mock-video-1271 error=HTTP Error 404: Not Found
vision_push_failed frame_id=mock-video-1272 error=HTTP Error 404: Not Found
vision_push_failed frame_id=mock-video-1273 error=HTTP Error 404: Not Found
vision_push_failed frame_id=mock-video-1274 error=HTTP Error 404: Not Found
vision_push_failed frame_id=mock-video-1275 error=HTTP Error 404: Not Found
vision_push_failed frame_id=mock-video-1276 error=HTTP Error 404: Not Found
vision_push_failed frame_id=mock-video-1277 error=HTTP Error 404: Not Found
vision_push_failed frame_id=mock-video-1278 error=HTTP Error 404: Not Found
vision_push_failed frame_id=mock-video-1279 error=HTTP Error 404: Not Found
vision_push_failed frame_id=mock-video-1280 error=HTTP Error 404: Not Found
vision_push_failed frame_id=mock-video-1281 error=HTTP Error 404: Not Found
vision_push_failed frame_id=mock-video-1282 error=HTTP Error 404: Not Found
vision_push_failed frame_id=mock-video-1283 error=HTTP Error 404: Not Found
vision_push_failed frame_id=mock-video-1284 error=HTTP Error 404: Not Found
vision_push_failed frame_id=mock-video-1285 error=HTTP Error 404: Not Found
vision_push_failed frame_id=mock-video-1286 error=HTTP Error 404: Not Found
vision_push_failed frame_id=mock-video-1287 error=HTTP Error 404: Not Found
vision_push_failed frame_id=mock-video-1288 error=HTTP Error 404: Not Found
vision_push_failed frame_id=mock-video-1289 error=HTTP Error 404: Not Found
vision_push_failed frame_id=mock-video-1290 error=HTTP Error 404: Not Found
vision_push_failed frame_id=mock-video-1291 error=HTTP Error 404: Not Found
vision_push_failed frame_id=mock-video-1292 error=HTTP Error 404: Not Found
vision_push_failed frame_id=mock-video-1293 error=HTTP Error 404: Not Found
vision_push_failed frame_id=mock-video-1294 error=HTTP Error 404: Not Found
vision_push_failed frame_id=mock-video-1295 error=HTTP Error 404: Not Found
vision_push_failed frame_id=mock-video-1296 error=HTTP Error 404: Not Found
vision_push_failed frame_id=mock-video-1297 error=HTTP Error 404: Not Found
vision_push_failed frame_id=mock-video-1298 error=HTTP Error 404: Not Found
vision_push_failed frame_id=mock-video-1299 error=HTTP Error 404: Not Found
vision_push_failed frame_id=mock-video-1300 error=HTTP Error 404: Not Found
vision_push_failed frame_id=mock-video-1301 error=HTTP Error 404: Not Found
vision_push_failed frame_id=mock-video-1302 error=HTTP Error 404: Not Found
vision_push_failed frame_id=mock-video-1303 error=HTTP Error 404: Not Found
vision_push_failed frame_id=mock-video-1304 error=HTTP Error 404: Not Found
vision_push_failed frame_id=mock-video-1305 error=HTTP Error 404: Not Found
vision_push_failed frame_id=mock-video-1306 error=HTTP Error 404: Not Found
vision_push_failed frame_id=mock-video-1307 error=HTTP Error 404: Not Found
vision_push_failed frame_id=mock-video-1308 error=HTTP Error 404: Not Found
vision_push_failed frame_id=mock-video-1309 error=HTTP Error 404: Not Found
vision_push_failed frame_id=mock-video-1310 error=HTTP Error 404: Not Found
vision_push_failed frame_id=mock-video-1311 error=HTTP Error 404: Not Found
vision_push_failed frame_id=mock-video-1312 error=HTTP Error 404: Not Found
vision_push_failed frame_id=mock-video-1313 error=HTTP Error 404: Not Found
vision_push_failed frame_id=mock-video-1314 error=HTTP Error 404: Not Found
vision_push_failed frame_id=mock-video-1315 error=HTTP Error 404: Not Found
vision_push_failed frame_id=mock-video-1316 error=HTTP Error 404: Not Found
vision_push_failed frame_id=mock-video-1317 error=HTTP Error 404: Not Found
vision_push_failed frame_id=mock-video-1318 error=HTTP Error 404: Not Found
vision_push_failed frame_id=mock-video-1319 error=HTTP Error 404: Not Found
vision_push_failed frame_id=mock-video-1320 error=HTTP Error 404: Not Found
vision_push_failed frame_id=mock-video-1321 error=HTTP Error 404: Not Found
vision_push_failed frame_id=mock-video-1322 error=HTTP Error 404: Not Found
vision_push_failed frame_id=mock-video-1323 error=HTTP Error 404: Not Found
vision_push_failed frame_id=mock-video-1324 error=HTTP Error 404: Not Found
vision_push_failed frame_id=mock-video-1325 error=HTTP Error 404: Not Found
vision_push_failed frame_id=mock-video-1326 error=HTTP Error 404: Not Found
vision_push_failed frame_id=mock-video-1327 error=HTTP Error 404: Not Found
vision_push_failed frame_id=mock-video-1328 error=HTTP Error 404: Not Found
vision_push_failed frame_id=mock-video-1329 error=HTTP Error 404: Not Found
vision_push_failed frame_id=mock-video-1330 error=HTTP Error 404: Not Found
vision_push_failed frame_id=mock-video-1331 error=HTTP Error 404: Not Found
vision_push_failed frame_id=mock-video-1332 error=HTTP Error 404: Not Found
vision_push_failed frame_id=mock-video-1333 error=HTTP Error 404: Not Found
vision_push_failed frame_id=mock-video-1334 error=HTTP Error 404: Not Found
vision_push_failed frame_id=mock-video-1335 error=HTTP Error 404: Not Found
vision_push_failed frame_id=mock-video-1336 error=HTTP Error 404: Not Found
vision_push_failed frame_id=mock-video-1337 error=HTTP Error 404: Not Found
vision_push_failed frame_id=mock-video-1338 error=HTTP Error 404: Not Found
vision_push_failed frame_id=mock-video-1339 error=HTTP Error 404: Not Found
vision_push_failed frame_id=mock-video-1340 error=HTTP Error 404: Not Found
vision_push_failed frame_id=mock-video-1341 error=HTTP Error 404: Not Found
vision_push_failed frame_id=mock-video-1342 error=HTTP Error 404: Not Found
vision_push_failed frame_id=mock-video-1343 error=HTTP Error 404: Not Found
vision_push_failed frame_id=mock-video-1344 error=HTTP Error 404: Not Found
vision_push_failed frame_id=mock-video-1345 error=HTTP Error 404: Not Found
vision_push_failed frame_id=mock-video-1346 error=HTTP Error 404: Not Found
vision_push_failed frame_id=mock-video-1347 error=HTTP Error 404: Not Found
vision_push_failed frame_id=mock-video-1348 error=HTTP Error 404: Not Found
vision_push_failed frame_id=mock-video-1349 error=HTTP Error 404: Not Found
vision_push_failed frame_id=mock-video-1350 error=HTTP Error 404: Not Found
vision_push_failed frame_id=mock-video-1351 error=HTTP Error 404: Not Found
vision_push_failed frame_id=mock-video-1352 error=HTTP Error 404: Not Found
vision_push_failed frame_id=mock-video-1353 error=HTTP Error 404: Not Found
vision_push_failed frame_id=mock-video-1354 error=HTTP Error 404: Not Found
vision_push_failed frame_id=mock-video-1355 error=HTTP Error 404: Not Found
vision_push_failed frame_id=mock-video-1356 error=HTTP Error 404: Not Found
vision_push_failed frame_id=mock-video-1357 error=HTTP Error 404: Not Found
vision_push_failed frame_id=mock-video-1358 error=HTTP Error 404: Not Found
vision_push_failed frame_id=mock-video-1359 error=HTTP Error 404: Not Found
vision_push_failed frame_id=mock-video-1360 error=HTTP Error 404: Not Found
vision_push_failed frame_id=mock-video-1361 error=HTTP Error 404: Not Found
vision_push_failed frame_id=mock-video-1362 error=HTTP Error 404: Not Found
vision_push_failed frame_id=mock-video-1363 error=HTTP Error 404: Not Found
vision_push_failed frame_id=mock-video-1364 error=HTTP Error 404: Not Found
vision_push_failed frame_id=mock-video-1365 error=HTTP Error 404: Not Found
vision_push_failed frame_id=mock-video-1366 error=HTTP Error 404: Not Found
vision_push_failed frame_id=mock-video-1367 error=HTTP Error 404: Not Found
vision_push_failed frame_id=mock-video-1368 error=HTTP Error 404: Not Found
vision_push_failed frame_id=mock-video-1369 error=HTTP Error 404: Not Found
vision_push_failed frame_id=mock-video-1370 error=HTTP Error 404: Not Found
vision_push_failed frame_id=mock-video-1371 error=HTTP Error 404: Not Found
vision_push_failed frame_id=mock-video-1372 error=HTTP Error 404: Not Found
vision_push_failed frame_id=mock-video-1373 error=HTTP Error 404: Not Found
vision_push_failed frame_id=mock-video-1374 error=HTTP Error 404: Not Found
vision_push_failed frame_id=mock-video-1375 error=HTTP Error 404: Not Found
vision_push_failed frame_id=mock-video-1376 error=HTTP Error 404: Not Found
vision_push_failed frame_id=mock-video-1377 error=HTTP Error 404: Not Found
vision_push_failed frame_id=mock-video-1378 error=HTTP Error 404: Not Found
vision_push_failed frame_id=mock-video-1379 error=HTTP Error 404: Not Found
vision_push_failed frame_id=mock-video-1380 error=HTTP Error 404: Not Found
vision_push_failed frame_id=mock-video-1381 error=HTTP Error 404: Not Found
vision_push_failed frame_id=mock-video-1382 error=HTTP Error 404: Not Found
vision_push_failed frame_id=mock-video-1383 error=HTTP Error 404: Not Found
vision_push_failed frame_id=mock-video-1384 error=HTTP Error 404: Not Found
vision_push_failed frame_id=mock-video-1385 error=<urlopen error timed out>
vision_push_failed frame_id=mock-video-1386 error=HTTP Error 404: Not Found
vision_push_failed frame_id=mock-video-1387 error=HTTP Error 404: Not Found
vision_push_failed frame_id=mock-video-1388 error=HTTP Error 404: Not Found
vision_push_failed frame_id=mock-video-1389 error=HTTP Error 404: Not Found
vision_push_failed frame_id=mock-video-1390 error=HTTP Error 404: Not Found
vision_push_failed frame_id=mock-video-1391 error=HTTP Error 404: Not Found
vision_push_failed frame_id=mock-video-1392 error=HTTP Error 404: Not Found
vision_push_failed frame_id=mock-video-1393 error=HTTP Error 404: Not Found
vision_push_failed frame_id=mock-video-1394 error=HTTP Error 404: Not Found
vision_push_failed frame_id=mock-video-1395 error=HTTP Error 404: Not Found
vision_push_failed frame_id=mock-video-1396 error=HTTP Error 404: Not Found
vision_push_failed frame_id=mock-video-1397 error=HTTP Error 404: Not Found
vision_push_failed frame_id=mock-video-1398 error=HTTP Error 404: Not Found
vision_push_failed frame_id=mock-video-1399 error=HTTP Error 404: Not Found
vision_push_failed frame_id=mock-video-1400 error=HTTP Error 404: Not Found
vision_push_failed frame_id=mock-video-1401 error=HTTP Error 404: Not Found
vision_push_failed frame_id=mock-video-1402 error=HTTP Error 404: Not Found
vision_push_failed frame_id=mock-video-1403 error=HTTP Error 404: Not Found
vision_push_failed frame_id=mock-video-1404 error=HTTP Error 404: Not Found
vision_push_failed frame_id=mock-video-1405 error=HTTP Error 404: Not Found
vision_push_failed frame_id=mock-video-1406 error=HTTP Error 404: Not Found
vision_push_failed frame_id=mock-video-1407 error=HTTP Error 404: Not Found
vision_push_failed frame_id=mock-video-1408 error=HTTP Error 404: Not Found
vision_push_failed frame_id=mock-video-1409 error=HTTP Error 404: Not Found
vision_push_failed frame_id=mock-video-1410 error=HTTP Error 404: Not Found
vision_push_failed frame_id=mock-video-1411 error=HTTP Error 404: Not Found
vision_push_failed frame_id=mock-video-1412 error=HTTP Error 404: Not Found
vision_push_failed frame_id=mock-video-1413 error=HTTP Error 404: Not Found
vision_push_failed frame_id=mock-video-1414 error=HTTP Error 404: Not Found
vision_push_failed frame_id=mock-video-1415 error=HTTP Error 404: Not Found
vision_push_failed frame_id=mock-video-1416 error=HTTP Error 404: Not Found
vision_push_failed frame_id=mock-video-1417 error=HTTP Error 404: Not Found
vision_push_failed frame_id=mock-video-1418 error=HTTP Error 404: Not Found
vision_push_failed frame_id=mock-video-1419 error=HTTP Error 404: Not Found
vision_push_failed frame_id=mock-video-1420 error=HTTP Error 404: Not Found
vision_push_failed frame_id=mock-video-1421 error=HTTP Error 404: Not Found
vision_push_failed frame_id=mock-video-1422 error=HTTP Error 404: Not Found
vision_push_failed frame_id=mock-video-1423 error=HTTP Error 404: Not Found
vision_push_failed frame_id=mock-video-1424 error=HTTP Error 404: Not Found
vision_push_failed frame_id=mock-video-1425 error=HTTP Error 404: Not Found
vision_push_failed frame_id=mock-video-1426 error=HTTP Error 404: Not Found
vision_push_failed frame_id=mock-video-1427 error=HTTP Error 404: Not Found
vision_push_failed frame_id=mock-video-1428 error=HTTP Error 404: Not Found
vision_push_failed frame_id=mock-video-1429 error=HTTP Error 404: Not Found
vision_push_failed frame_id=mock-video-1430 error=HTTP Error 404: Not Found
vision_push_failed frame_id=mock-video-1431 error=HTTP Error 404: Not Found
vision_push_failed frame_id=mock-video-1432 error=HTTP Error 404: Not Found
vision_push_failed frame_id=mock-video-1433 error=HTTP Error 404: Not Found
vision_push_failed frame_id=mock-video-1434 error=HTTP Error 404: Not Found
vision_push_failed frame_id=mock-video-1435 error=HTTP Error 404: Not Found
vision_push_failed frame_id=mock-video-1436 error=HTTP Error 404: Not Found
vision_push_failed frame_id=mock-video-1437 error=HTTP Error 404: Not Found
vision_push_failed frame_id=mock-video-1438 error=HTTP Error 404: Not Found
vision_push_failed frame_id=mock-video-1439 error=HTTP Error 404: Not Found
vision_push_failed frame_id=mock-video-1440 error=HTTP Error 404: Not Found
vision_push_failed frame_id=mock-video-1441 error=HTTP Error 404: Not Found
vision_push_failed frame_id=mock-video-1442 error=HTTP Error 404: Not Found
vision_push_failed frame_id=mock-video-1443 error=HTTP Error 404: Not Found
vision_push_failed frame_id=mock-video-1444 error=HTTP Error 404: Not Found
vision_push_failed frame_id=mock-video-1445 error=HTTP Error 404: Not Found
vision_push_failed frame_id=mock-video-1446 error=HTTP Error 404: Not Found
vision_push_failed frame_id=mock-video-1447 error=HTTP Error 404: Not Found
vision_push_failed frame_id=mock-video-1448 error=HTTP Error 404: Not Found
vision_push_failed frame_id=mock-video-1449 error=HTTP Error 404: Not Found
vision_push_failed frame_id=mock-video-1450 error=HTTP Error 404: Not Found
vision_push_failed frame_id=mock-video-1451 error=HTTP Error 404: Not Found
vision_push_failed frame_id=mock-video-1452 error=HTTP Error 404: Not Found
vision_push_failed frame_id=mock-video-1453 error=HTTP Error 404: Not Found
vision_push_failed frame_id=mock-video-1454 error=HTTP Error 404: Not Found
vision_push_failed frame_id=mock-video-1455 error=HTTP Error 404: Not Found
vision_push_failed frame_id=mock-video-1456 error=HTTP Error 404: Not Found
vision_push_failed frame_id=mock-video-1457 error=HTTP Error 404: Not Found
vision_push_failed frame_id=mock-video-1458 error=HTTP Error 404: Not Found
vision_push_failed frame_id=mock-video-1459 error=HTTP Error 404: Not Found
vision_push_failed frame_id=mock-video-1460 error=HTTP Error 404: Not Found
vision_push_failed frame_id=mock-video-1461 error=HTTP Error 404: Not Found
vision_push_failed frame_id=mock-video-1462 error=HTTP Error 404: Not Found
vision_push_failed frame_id=mock-video-1463 error=HTTP Error 404: Not Found
vision_push_failed frame_id=mock-video-1464 error=HTTP Error 404: Not Found
vision_push_failed frame_id=mock-video-1465 error=HTTP Error 404: Not Found
vision_push_failed frame_id=mock-video-1466 error=HTTP Error 404: Not Found
vision_push_failed frame_id=mock-video-1467 error=HTTP Error 404: Not Found
vision_push_failed frame_id=mock-video-1468 error=HTTP Error 404: Not Found
vision_push_failed frame_id=mock-video-1469 error=HTTP Error 404: Not Found
vision_push_failed frame_id=mock-video-1470 error=HTTP Error 404: Not Found
vision_push_failed frame_id=mock-video-1471 error=HTTP Error 404: Not Found
vision_push_failed frame_id=mock-video-1472 error=HTTP Error 404: Not Found
vision_push_failed frame_id=mock-video-1473 error=HTTP Error 404: Not Found
vision_push_failed frame_id=mock-video-1474 error=HTTP Error 404: Not Found
vision_push_failed frame_id=mock-video-1475 error=HTTP Error 404: Not Found
vision_push_failed frame_id=mock-video-1476 error=HTTP Error 404: Not Found
vision_push_failed frame_id=mock-video-1477 error=HTTP Error 404: Not Found
vision_push_failed frame_id=mock-video-1478 error=HTTP Error 404: Not Found
vision_push_failed frame_id=mock-video-1479 error=HTTP Error 404: Not Found
vision_push_failed frame_id=mock-video-1480 error=HTTP Error 404: Not Found
vision_push_failed frame_id=mock-video-1481 error=HTTP Error 404: Not Found
vision_push_failed frame_id=mock-video-1482 error=HTTP Error 404: Not Found
vision_push_failed frame_id=mock-video-1483 error=HTTP Error 404: Not Found
vision_push_failed frame_id=mock-video-1484 error=HTTP Error 404: Not Found
vision_push_failed frame_id=mock-video-1485 error=HTTP Error 404: Not Found
vision_push_failed frame_id=mock-video-1486 error=HTTP Error 404: Not Found
vision_push_failed frame_id=mock-video-1487 error=HTTP Error 404: Not Found
vision_push_failed frame_id=mock-video-1488 error=HTTP Error 404: Not Found
vision_push_failed frame_id=mock-video-1489 error=HTTP Error 404: Not Found
vision_push_failed frame_id=mock-video-1490 error=HTTP Error 404: Not Found
vision_push_failed frame_id=mock-video-1491 error=HTTP Error 404: Not Found
vision_push_failed frame_id=mock-video-1492 error=HTTP Error 404: Not Found
vision_push_failed frame_id=mock-video-1493 error=HTTP Error 404: Not Found
vision_push_failed frame_id=mock-video-1494 error=HTTP Error 404: Not Found
vision_push_failed frame_id=mock-video-1495 error=HTTP Error 404: Not Found
vision_push_failed frame_id=mock-video-1496 error=HTTP Error 404: Not Found
vision_push_failed frame_id=mock-video-1497 error=HTTP Error 404: Not Found
vision_push_failed frame_id=mock-video-1498 error=HTTP Error 404: Not Found
vision_push_failed frame_id=mock-video-1499 error=HTTP Error 404: Not Found
vision_push_failed frame_id=mock-video-1500 error=HTTP Error 404: Not Found
vision_push_failed frame_id=mock-video-1501 error=HTTP Error 404: Not Found
vision_push_failed frame_id=mock-video-1502 error=HTTP Error 404: Not Found
vision_push_failed frame_id=mock-video-1503 error=HTTP Error 404: Not Found
vision_push_failed frame_id=mock-video-1504 error=HTTP Error 404: Not Found
vision_push_failed frame_id=mock-video-1505 error=HTTP Error 404: Not Found
vision_push_failed frame_id=mock-video-1506 error=HTTP Error 404: Not Found
vision_push_failed frame_id=mock-video-1507 error=HTTP Error 404: Not Found
vision_push_failed frame_id=mock-video-1508 error=HTTP Error 404: Not Found
vision_push_failed frame_id=mock-video-1509 error=HTTP Error 404: Not Found
vision_push_failed frame_id=mock-video-1510 error=HTTP Error 404: Not Found
vision_push_failed frame_id=mock-video-1511 error=HTTP Error 404: Not Found
vision_push_failed frame_id=mock-video-1512 error=HTTP Error 404: Not Found
vision_push_failed frame_id=mock-video-1513 error=HTTP Error 404: Not Found
vision_push_failed frame_id=mock-video-1514 error=HTTP Error 404: Not Found
vision_push_failed frame_id=mock-video-1515 error=HTTP Error 404: Not Found
vision_push_failed frame_id=mock-video-1516 error=HTTP Error 404: Not Found
vision_push_failed frame_id=mock-video-1517 error=HTTP Error 404: Not Found
vision_push_failed frame_id=mock-video-1518 error=HTTP Error 404: Not Found
vision_push_failed frame_id=mock-video-1519 error=HTTP Error 404: Not Found
vision_push_failed frame_id=mock-video-1520 error=HTTP Error 404: Not Found
vision_push_failed frame_id=mock-video-1521 error=HTTP Error 404: Not Found
vision_push_failed frame_id=mock-video-1522 error=HTTP Error 404: Not Found
vision_push_failed frame_id=mock-video-1523 error=HTTP Error 404: Not Found
vision_push_failed frame_id=mock-video-1524 error=HTTP Error 404: Not Found
vision_push_failed frame_id=mock-video-1525 error=HTTP Error 404: Not Found
vision_push_failed frame_id=mock-video-1526 error=HTTP Error 404: Not Found
vision_push_failed frame_id=mock-video-1527 error=HTTP Error 404: Not Found
vision_push_failed frame_id=mock-video-1528 error=HTTP Error 404: Not Found
vision_push_failed frame_id=mock-video-1529 error=HTTP Error 404: Not Found
vision_push_failed frame_id=mock-video-1530 error=HTTP Error 404: Not Found
vision_push_failed frame_id=mock-video-1531 error=HTTP Error 404: Not Found
vision_push_failed frame_id=mock-video-1532 error=HTTP Error 404: Not Found
vision_push_failed frame_id=mock-video-1533 error=HTTP Error 404: Not Found
vision_push_failed frame_id=mock-video-1534 error=HTTP Error 404: Not Found
vision_push_failed frame_id=mock-video-1535 error=HTTP Error 404: Not Found
vision_push_failed frame_id=mock-video-1536 error=HTTP Error 404: Not Found
vision_push_failed frame_id=mock-video-1537 error=HTTP Error 404: Not Found
vision_push_failed frame_id=mock-video-1538 error=HTTP Error 404: Not Found
vision_push_failed frame_id=mock-video-1539 error=HTTP Error 404: Not Found
vision_push_failed frame_id=mock-video-1540 error=HTTP Error 404: Not Found
vision_push_failed frame_id=mock-video-1541 error=HTTP Error 404: Not Found
vision_push_failed frame_id=mock-video-1542 error=HTTP Error 404: Not Found
vision_push_failed frame_id=mock-video-1543 error=HTTP Error 404: Not Found
vision_push_failed frame_id=mock-video-1544 error=HTTP Error 404: Not Found
vision_push_failed frame_id=mock-video-1545 error=HTTP Error 404: Not Found
vision_push_failed frame_id=mock-video-1546 error=HTTP Error 404: Not Found
vision_push_failed frame_id=mock-video-1547 error=HTTP Error 404: Not Found
vision_push_failed frame_id=mock-video-1548 error=HTTP Error 404: Not Found
vision_push_failed frame_id=mock-video-1549 error=HTTP Error 404: Not Found
vision_push_failed frame_id=mock-video-1550 error=HTTP Error 404: Not Found
vision_push_failed frame_id=mock-video-1551 error=HTTP Error 404: Not Found
vision_push_failed frame_id=mock-video-1552 error=HTTP Error 404: Not Found
vision_push_failed frame_id=mock-video-1553 error=HTTP Error 404: Not Found
vision_push_failed frame_id=mock-video-1554 error=HTTP Error 404: Not Found
vision_push_failed frame_id=mock-video-1555 error=HTTP Error 404: Not Found
vision_push_failed frame_id=mock-video-1556 error=HTTP Error 404: Not Found
vision_push_failed frame_id=mock-video-1557 error=HTTP Error 404: Not Found
vision_push_failed frame_id=mock-video-1558 error=HTTP Error 404: Not Found
vision_push_failed frame_id=mock-video-1559 error=HTTP Error 404: Not Found
vision_push_failed frame_id=mock-video-1560 error=HTTP Error 404: Not Found
vision_push_failed frame_id=mock-video-1561 error=HTTP Error 404: Not Found
vision_push_failed frame_id=mock-video-1562 error=HTTP Error 404: Not Found
vision_push_failed frame_id=mock-video-1563 error=HTTP Error 404: Not Found
vision_push_failed frame_id=mock-video-1564 error=HTTP Error 404: Not Found
vision_push_failed frame_id=mock-video-1565 error=HTTP Error 404: Not Found
vision_push_failed frame_id=mock-video-1566 error=HTTP Error 404: Not Found
vision_push_failed frame_id=mock-video-1567 error=HTTP Error 404: Not Found
vision_push_failed frame_id=mock-video-1568 error=HTTP Error 404: Not Found
vision_push_failed frame_id=mock-video-1569 error=HTTP Error 404: Not Found
vision_push_failed frame_id=mock-video-1570 error=<urlopen error timed out>
vision_push_failed frame_id=mock-video-1571 error=HTTP Error 404: Not Found
vision_push_failed frame_id=mock-video-1572 error=HTTP Error 404: Not Found
vision_push_failed frame_id=mock-video-1573 error=HTTP Error 404: Not Found
vision_push_failed frame_id=mock-video-1574 error=HTTP Error 404: Not Found
vision_push_failed frame_id=mock-video-1575 error=HTTP Error 404: Not Found
vision_push_failed frame_id=mock-video-1576 error=HTTP Error 404: Not Found
vision_push_failed frame_id=mock-video-1577 error=HTTP Error 404: Not Found
vision_push_failed frame_id=mock-video-1578 error=HTTP Error 404: Not Found
vision_push_failed frame_id=mock-video-1579 error=HTTP Error 404: Not Found
vision_push_failed frame_id=mock-video-1580 error=HTTP Error 404: Not Found
vision_push_failed frame_id=mock-video-1581 error=HTTP Error 404: Not Found
vision_push_failed frame_id=mock-video-1582 error=HTTP Error 404: Not Found
vision_push_failed frame_id=mock-video-1583 error=HTTP Error 404: Not Found
vision_push_failed frame_id=mock-video-1584 error=HTTP Error 404: Not Found
vision_push_failed frame_id=mock-video-1585 error=HTTP Error 404: Not Found
vision_push_failed frame_id=mock-video-1586 error=HTTP Error 404: Not Found
vision_push_failed frame_id=mock-video-1587 error=HTTP Error 404: Not Found
vision_push_failed frame_id=mock-video-1588 error=HTTP Error 404: Not Found
vision_push_failed frame_id=mock-video-1589 error=HTTP Error 404: Not Found
vision_push_failed frame_id=mock-video-1590 error=HTTP Error 404: Not Found
vision_push_failed frame_id=mock-video-1591 error=HTTP Error 404: Not Found
vision_push_failed frame_id=mock-video-1592 error=HTTP Error 404: Not Found
vision_push_failed frame_id=mock-video-1593 error=HTTP Error 404: Not Found
vision_push_failed frame_id=mock-video-1594 error=HTTP Error 404: Not Found
vision_push_failed frame_id=mock-video-1595 error=HTTP Error 404: Not Found
vision_push_failed frame_id=mock-video-1596 error=HTTP Error 404: Not Found
vision_push_failed frame_id=mock-video-1597 error=HTTP Error 404: Not Found
vision_push_failed frame_id=mock-video-1598 error=HTTP Error 404: Not Found
vision_push_failed frame_id=mock-video-1599 error=HTTP Error 404: Not Found
vision_push_failed frame_id=mock-video-1600 error=HTTP Error 404: Not Found
vision_push_failed frame_id=mock-video-1601 error=HTTP Error 404: Not Found
vision_push_failed frame_id=mock-video-1602 error=HTTP Error 404: Not Found
vision_push_failed frame_id=mock-video-1603 error=HTTP Error 404: Not Found
vision_push_failed frame_id=mock-video-1604 error=HTTP Error 404: Not Found
vision_push_failed frame_id=mock-video-1605 error=HTTP Error 404: Not Found
vision_push_failed frame_id=mock-video-1606 error=HTTP Error 404: Not Found
vision_push_failed frame_id=mock-video-1607 error=HTTP Error 404: Not Found
vision_push_failed frame_id=mock-video-1608 error=HTTP Error 404: Not Found
vision_push_failed frame_id=mock-video-1609 error=HTTP Error 404: Not Found
vision_push_failed frame_id=mock-video-1610 error=HTTP Error 404: Not Found
vision_push_failed frame_id=mock-video-1611 error=HTTP Error 404: Not Found
vision_push_failed frame_id=mock-video-1612 error=HTTP Error 404: Not Found
vision_push_failed frame_id=mock-video-1613 error=HTTP Error 404: Not Found
vision_push_failed frame_id=mock-video-1614 error=HTTP Error 404: Not Found
vision_push_failed frame_id=mock-video-1615 error=HTTP Error 404: Not Found
vision_push_failed frame_id=mock-video-1616 error=HTTP Error 404: Not Found
vision_push_failed frame_id=mock-video-1617 error=HTTP Error 404: Not Found
vision_push_failed frame_id=mock-video-1618 error=HTTP Error 404: Not Found
vision_push_failed frame_id=mock-video-1619 error=HTTP Error 404: Not Found
vision_push_failed frame_id=mock-video-1620 error=HTTP Error 404: Not Found
vision_push_failed frame_id=mock-video-1621 error=HTTP Error 404: Not Found
vision_push_failed frame_id=mock-video-1622 error=HTTP Error 404: Not Found
vision_push_failed frame_id=mock-video-1623 error=HTTP Error 404: Not Found
vision_push_failed frame_id=mock-video-1624 error=HTTP Error 404: Not Found
vision_push_failed frame_id=mock-video-1625 error=HTTP Error 404: Not Found
vision_push_failed frame_id=mock-video-1626 error=HTTP Error 404: Not Found
vision_push_failed frame_id=mock-video-1627 error=HTTP Error 404: Not Found
vision_push_failed frame_id=mock-video-1628 error=HTTP Error 404: Not Found
vision_push_failed frame_id=mock-video-1629 error=HTTP Error 404: Not Found
vision_push_failed frame_id=mock-video-1630 error=HTTP Error 404: Not Found
vision_push_failed frame_id=mock-video-1631 error=HTTP Error 404: Not Found
vision_push_failed frame_id=mock-video-1632 error=HTTP Error 404: Not Found
vision_push_failed frame_id=mock-video-1633 error=HTTP Error 404: Not Found
vision_push_failed frame_id=mock-video-1634 error=HTTP Error 404: Not Found
vision_push_failed frame_id=mock-video-1635 error=HTTP Error 404: Not Found
vision_push_failed frame_id=mock-video-1636 error=HTTP Error 404: Not Found
vision_push_failed frame_id=mock-video-1637 error=HTTP Error 404: Not Found
vision_push_failed frame_id=mock-video-1638 error=HTTP Error 404: Not Found
vision_push_failed frame_id=mock-video-1639 error=HTTP Error 404: Not Found
vision_push_failed frame_id=mock-video-1640 error=HTTP Error 404: Not Found
vision_push_failed frame_id=mock-video-1641 error=HTTP Error 404: Not Found
vision_push_failed frame_id=mock-video-1642 error=HTTP Error 404: Not Found
vision_push_failed frame_id=mock-video-1643 error=HTTP Error 404: Not Found
vision_push_failed frame_id=mock-video-1644 error=HTTP Error 404: Not Found
vision_push_failed frame_id=mock-video-1645 error=HTTP Error 404: Not Found
vision_push_failed frame_id=mock-video-1646 error=HTTP Error 404: Not Found
vision_push_failed frame_id=mock-video-1647 error=HTTP Error 404: Not Found
vision_push_failed frame_id=mock-video-1648 error=HTTP Error 404: Not Found
vision_push_failed frame_id=mock-video-1649 error=<urlopen error timed out>
vision_push_failed frame_id=mock-video-1650 error=HTTP Error 404: Not Found
vision_push_failed frame_id=mock-video-1651 error=HTTP Error 404: Not Found
vision_push_failed frame_id=mock-video-1652 error=HTTP Error 404: Not Found
vision_push_failed frame_id=mock-video-1653 error=HTTP Error 404: Not Found
vision_push_failed frame_id=mock-video-1654 error=HTTP Error 404: Not Found
vision_push_failed frame_id=mock-video-1655 error=HTTP Error 404: Not Found
vision_push_failed frame_id=mock-video-1656 error=HTTP Error 404: Not Found
vision_push_failed frame_id=mock-video-1657 error=HTTP Error 404: Not Found
vision_push_failed frame_id=mock-video-1658 error=HTTP Error 404: Not Found
vision_push_failed frame_id=mock-video-1659 error=HTTP Error 404: Not Found
vision_push_failed frame_id=mock-video-1660 error=HTTP Error 404: Not Found
vision_push_failed frame_id=mock-video-1661 error=HTTP Error 404: Not Found
vision_push_failed frame_id=mock-video-1662 error=HTTP Error 404: Not Found
vision_push_failed frame_id=mock-video-1663 error=HTTP Error 404: Not Found
vision_push_failed frame_id=mock-video-1664 error=HTTP Error 404: Not Found
vision_push_failed frame_id=mock-video-1665 error=HTTP Error 404: Not Found
vision_push_failed frame_id=mock-video-1666 error=HTTP Error 404: Not Found
vision_push_failed frame_id=mock-video-1667 error=HTTP Error 404: Not Found
vision_push_failed frame_id=mock-video-1668 error=HTTP Error 404: Not Found
vision_push_failed frame_id=mock-video-1669 error=HTTP Error 502: Bad Gateway
vision_push_failed frame_id=mock-video-1670 error=HTTP Error 404: Not Found
vision_push_failed frame_id=mock-video-1671 error=HTTP Error 404: Not Found
vision_push_failed frame_id=mock-video-1672 error=HTTP Error 404: Not Found
vision_push_failed frame_id=mock-video-1673 error=<urlopen error timed out>
vision_push_failed frame_id=mock-video-1674 error=HTTP Error 404: Not Found
vision_push_failed frame_id=mock-video-1675 error=HTTP Error 404: Not Found
vision_push_failed frame_id=mock-video-1676 error=HTTP Error 404: Not Found
vision_push_failed frame_id=mock-video-1677 error=HTTP Error 404: Not Found
vision_push_failed frame_id=mock-video-1678 error=HTTP Error 404: Not Found
vision_push_failed frame_id=mock-video-1679 error=HTTP Error 404: Not Found
vision_push_failed frame_id=mock-video-1680 error=HTTP Error 404: Not Found
vision_push_failed frame_id=mock-video-1681 error=HTTP Error 404: Not Found
vision_push_failed frame_id=mock-video-1682 error=HTTP Error 404: Not Found
vision_push_failed frame_id=mock-video-1683 error=HTTP Error 404: Not Found
vision_push_failed frame_id=mock-video-1684 error=HTTP Error 404: Not Found
vision_push_failed frame_id=mock-video-1685 error=HTTP Error 404: Not Found
vision_push_failed frame_id=mock-video-1686 error=HTTP Error 404: Not Found
vision_push_failed frame_id=mock-video-1687 error=HTTP Error 404: Not Found
vision_push_failed frame_id=mock-video-1688 error=HTTP Error 404: Not Found
vision_push_failed frame_id=mock-video-1689 error=HTTP Error 404: Not Found
vision_push_failed frame_id=mock-video-1690 error=HTTP Error 404: Not Found
vision_push_failed frame_id=mock-video-1691 error=HTTP Error 404: Not Found
vision_push_failed frame_id=mock-video-1692 error=HTTP Error 404: Not Found
vision_push_failed frame_id=mock-video-1693 error=HTTP Error 404: Not Found
vision_push_failed frame_id=mock-video-1694 error=HTTP Error 404: Not Found
vision_push_failed frame_id=mock-video-1695 error=HTTP Error 404: Not Found
vision_push_failed frame_id=mock-video-1696 error=HTTP Error 404: Not Found
vision_push_failed frame_id=mock-video-1697 error=HTTP Error 404: Not Found
vision_push_failed frame_id=mock-video-1698 error=HTTP Error 404: Not Found
vision_push_failed frame_id=mock-video-1699 error=HTTP Error 404: Not Found
vision_push_failed frame_id=mock-video-1700 error=HTTP Error 404: Not Found
vision_push_failed frame_id=mock-video-1701 error=HTTP Error 404: Not Found
vision_push_failed frame_id=mock-video-1702 error=HTTP Error 404: Not Found
vision_push_failed frame_id=mock-video-1703 error=HTTP Error 404: Not Found
vision_push_failed frame_id=mock-video-1704 error=HTTP Error 404: Not Found
vision_push_failed frame_id=mock-video-1705 error=HTTP Error 404: Not Found
vision_push_failed frame_id=mock-video-1706 error=HTTP Error 404: Not Found
vision_push_failed frame_id=mock-video-1707 error=HTTP Error 404: Not Found
vision_push_failed frame_id=mock-video-1708 error=HTTP Error 404: Not Found
vision_push_failed frame_id=mock-video-1709 error=HTTP Error 404: Not Found
vision_push_failed frame_id=mock-video-1710 error=HTTP Error 404: Not Found
vision_push_failed frame_id=mock-video-1711 error=HTTP Error 404: Not Found
vision_push_failed frame_id=mock-video-1712 error=HTTP Error 404: Not Found
vision_push_failed frame_id=mock-video-1713 error=HTTP Error 404: Not Found
vision_push_failed frame_id=mock-video-1714 error=HTTP Error 404: Not Found
vision_push_failed frame_id=mock-video-1715 error=HTTP Error 404: Not Found
vision_push_failed frame_id=mock-video-1716 error=HTTP Error 404: Not Found
vision_push_failed frame_id=mock-video-1717 error=HTTP Error 404: Not Found
vision_push_failed frame_id=mock-video-1718 error=HTTP Error 404: Not Found
vision_push_failed frame_id=mock-video-1719 error=HTTP Error 404: Not Found
vision_push_failed frame_id=mock-video-1720 error=HTTP Error 404: Not Found
vision_push_failed frame_id=mock-video-1721 error=HTTP Error 404: Not Found
vision_push_failed frame_id=mock-video-1722 error=HTTP Error 404: Not Found
vision_push_failed frame_id=mock-video-1723 error=HTTP Error 404: Not Found
vision_push_failed frame_id=mock-video-1724 error=HTTP Error 404: Not Found
vision_push_failed frame_id=mock-video-1725 error=HTTP Error 404: Not Found
vision_push_failed frame_id=mock-video-1726 error=HTTP Error 404: Not Found
vision_push_failed frame_id=mock-video-1727 error=HTTP Error 404: Not Found
vision_push_failed frame_id=mock-video-1728 error=HTTP Error 404: Not Found
vision_push_failed frame_id=mock-video-1729 error=HTTP Error 404: Not Found
vision_push_failed frame_id=mock-video-1730 error=HTTP Error 404: Not Found
vision_push_failed frame_id=mock-video-1731 error=HTTP Error 404: Not Found
vision_push_failed frame_id=mock-video-1732 error=HTTP Error 404: Not Found
vision_push_failed frame_id=mock-video-1733 error=HTTP Error 404: Not Found
vision_push_failed frame_id=mock-video-1734 error=HTTP Error 404: Not Found
vision_push_failed frame_id=mock-video-1735 error=HTTP Error 404: Not Found
vision_push_failed frame_id=mock-video-1736 error=HTTP Error 404: Not Found
vision_push_failed frame_id=mock-video-1737 error=HTTP Error 404: Not Found
vision_push_failed frame_id=mock-video-1738 error=HTTP Error 404: Not Found
vision_push_failed frame_id=mock-video-1739 error=HTTP Error 404: Not Found
vision_push_failed frame_id=mock-video-1740 error=HTTP Error 404: Not Found
vision_push_failed frame_id=mock-video-1741 error=HTTP Error 404: Not Found
vision_push_failed frame_id=mock-video-1742 error=HTTP Error 404: Not Found
vision_push_failed frame_id=mock-video-1743 error=HTTP Error 404: Not Found
vision_push_failed frame_id=mock-video-1744 error=HTTP Error 404: Not Found
vision_push_failed frame_id=mock-video-1745 error=HTTP Error 404: Not Found
vision_push_failed frame_id=mock-video-1746 error=HTTP Error 404: Not Found
vision_push_failed frame_id=mock-video-1747 error=HTTP Error 404: Not Found
vision_push_failed frame_id=mock-video-1748 error=HTTP Error 404: Not Found
vision_push_failed frame_id=mock-video-1749 error=HTTP Error 404: Not Found
vision_push_failed frame_id=mock-video-1750 error=HTTP Error 404: Not Found
vision_push_failed frame_id=mock-video-1751 error=<urlopen error timed out>
vision_push_failed frame_id=mock-video-1752 error=HTTP Error 404: Not Found
vision_push_failed frame_id=mock-video-1753 error=HTTP Error 404: Not Found
vision_push_failed frame_id=mock-video-1754 error=HTTP Error 404: Not Found
vision_push_failed frame_id=mock-video-1755 error=HTTP Error 404: Not Found
vision_push_failed frame_id=mock-video-1756 error=HTTP Error 404: Not Found
vision_push_failed frame_id=mock-video-1757 error=HTTP Error 404: Not Found
vision_push_failed frame_id=mock-video-1758 error=HTTP Error 404: Not Found
vision_push_failed frame_id=mock-video-1759 error=HTTP Error 404: Not Found
vision_push_failed frame_id=mock-video-1760 error=HTTP Error 404: Not Found
vision_push_failed frame_id=mock-video-1761 error=HTTP Error 404: Not Found
vision_push_failed frame_id=mock-video-1762 error=HTTP Error 404: Not Found
vision_push_failed frame_id=mock-video-1763 error=HTTP Error 404: Not Found
vision_push_failed frame_id=mock-video-1764 error=HTTP Error 404: Not Found
vision_push_failed frame_id=mock-video-1765 error=HTTP Error 404: Not Found
vision_push_failed frame_id=mock-video-1766 error=HTTP Error 404: Not Found
vision_push_failed frame_id=mock-video-1767 error=HTTP Error 404: Not Found
vision_push_failed frame_id=mock-video-1768 error=HTTP Error 404: Not Found
vision_push_failed frame_id=mock-video-1769 error=HTTP Error 404: Not Found
vision_push_failed frame_id=mock-video-1770 error=HTTP Error 404: Not Found
vision_push_failed frame_id=mock-video-1771 error=HTTP Error 404: Not Found
vision_push_failed frame_id=mock-video-1772 error=HTTP Error 404: Not Found
vision_push_failed frame_id=mock-video-1773 error=HTTP Error 404: Not Found
vision_push_failed frame_id=mock-video-1774 error=HTTP Error 404: Not Found
vision_push_failed frame_id=mock-video-1775 error=HTTP Error 404: Not Found
vision_push_failed frame_id=mock-video-1776 error=HTTP Error 404: Not Found
vision_push_failed frame_id=mock-video-1777 error=HTTP Error 404: Not Found
vision_push_failed frame_id=mock-video-1778 error=HTTP Error 404: Not Found
vision_push_failed frame_id=mock-video-1779 error=HTTP Error 404: Not Found
vision_push_failed frame_id=mock-video-1780 error=HTTP Error 404: Not Found
vision_push_failed frame_id=mock-video-1781 error=HTTP Error 404: Not Found
vision_push_failed frame_id=mock-video-1782 error=HTTP Error 404: Not Found
vision_push_failed frame_id=mock-video-1783 error=HTTP Error 404: Not Found
vision_push_failed frame_id=mock-video-1784 error=HTTP Error 404: Not Found
vision_push_failed frame_id=mock-video-1785 error=HTTP Error 404: Not Found
vision_push_failed frame_id=mock-video-1786 error=HTTP Error 404: Not Found
vision_push_failed frame_id=mock-video-1787 error=HTTP Error 404: Not Found
vision_push_failed frame_id=mock-video-1788 error=HTTP Error 404: Not Found
vision_push_failed frame_id=mock-video-1789 error=HTTP Error 404: Not Found
vision_push_failed frame_id=mock-video-1790 error=HTTP Error 404: Not Found
vision_push_failed frame_id=mock-video-1791 error=HTTP Error 404: Not Found
vision_push_failed frame_id=mock-video-1792 error=HTTP Error 404: Not Found
vision_push_failed frame_id=mock-video-1793 error=HTTP Error 404: Not Found
vision_push_failed frame_id=mock-video-1794 error=HTTP Error 404: Not Found
vision_push_failed frame_id=mock-video-1795 error=HTTP Error 404: Not Found
vision_push_failed frame_id=mock-video-1796 error=HTTP Error 404: Not Found
vision_push_failed frame_id=mock-video-1797 error=HTTP Error 404: Not Found
vision_push_failed frame_id=mock-video-1798 error=HTTP Error 404: Not Found
vision_push_failed frame_id=mock-video-1799 error=HTTP Error 404: Not Found
vision_push_failed frame_id=mock-video-1800 error=HTTP Error 404: Not Found
vision_push_failed frame_id=mock-video-1801 error=HTTP Error 404: Not Found
vision_push_failed frame_id=mock-video-1802 error=HTTP Error 404: Not Found
vision_push_failed frame_id=mock-video-1803 error=HTTP Error 404: Not Found
vision_push_failed frame_id=mock-video-1804 error=HTTP Error 404: Not Found
vision_push_failed frame_id=mock-video-1805 error=HTTP Error 404: Not Found
vision_push_failed frame_id=mock-video-1806 error=HTTP Error 404: Not Found
vision_push_failed frame_id=mock-video-1807 error=HTTP Error 404: Not Found
vision_push_failed frame_id=mock-video-1808 error=HTTP Error 404: Not Found
vision_push_failed frame_id=mock-video-1809 error=HTTP Error 404: Not Found
vision_push_failed frame_id=mock-video-1810 error=HTTP Error 404: Not Found
vision_push_failed frame_id=mock-video-1811 error=HTTP Error 404: Not Found
vision_push_failed frame_id=mock-video-1812 error=HTTP Error 404: Not Found
vision_push_failed frame_id=mock-video-1813 error=HTTP Error 404: Not Found
vision_push_failed frame_id=mock-video-1814 error=HTTP Error 404: Not Found
vision_push_failed frame_id=mock-video-1815 error=HTTP Error 404: Not Found
vision_push_failed frame_id=mock-video-1816 error=HTTP Error 404: Not Found
vision_push_failed frame_id=mock-video-1817 error=HTTP Error 404: Not Found
vision_push_failed frame_id=mock-video-1818 error=HTTP Error 404: Not Found
vision_push_failed frame_id=mock-video-1819 error=HTTP Error 404: Not Found
vision_push_failed frame_id=mock-video-1820 error=HTTP Error 404: Not Found
vision_push_failed frame_id=mock-video-1821 error=HTTP Error 404: Not Found
vision_push_failed frame_id=mock-video-1822 error=HTTP Error 404: Not Found
vision_push_failed frame_id=mock-video-1823 error=HTTP Error 404: Not Found
vision_push_failed frame_id=mock-video-1824 error=HTTP Error 404: Not Found
vision_push_failed frame_id=mock-video-1825 error=HTTP Error 404: Not Found
vision_push_failed frame_id=mock-video-1826 error=HTTP Error 404: Not Found
vision_push_failed frame_id=mock-video-1827 error=HTTP Error 404: Not Found
vision_push_failed frame_id=mock-video-1828 error=HTTP Error 404: Not Found
vision_push_failed frame_id=mock-video-1829 error=HTTP Error 404: Not Found
vision_push_failed frame_id=mock-video-1830 error=HTTP Error 404: Not Found
vision_push_failed frame_id=mock-video-1831 error=HTTP Error 404: Not Found
vision_push_failed frame_id=mock-video-1832 error=HTTP Error 404: Not Found
vision_push_failed frame_id=mock-video-1833 error=HTTP Error 404: Not Found
vision_push_failed frame_id=mock-video-1834 error=HTTP Error 404: Not Found
vision_push_failed frame_id=mock-video-1835 error=HTTP Error 404: Not Found
vision_push_failed frame_id=mock-video-1836 error=HTTP Error 404: Not Found
vision_push_failed frame_id=mock-video-1837 error=HTTP Error 404: Not Found
vision_push_failed frame_id=mock-video-1838 error=HTTP Error 404: Not Found
vision_push_failed frame_id=mock-video-1839 error=HTTP Error 404: Not Found
vision_push_failed frame_id=mock-video-1840 error=HTTP Error 404: Not Found
vision_push_failed frame_id=mock-video-1841 error=HTTP Error 404: Not Found
vision_push_failed frame_id=mock-video-1842 error=HTTP Error 404: Not Found
vision_push_failed frame_id=mock-video-1843 error=HTTP Error 404: Not Found
vision_push_failed frame_id=mock-video-1844 error=HTTP Error 404: Not Found
vision_push_failed frame_id=mock-video-1845 error=HTTP Error 404: Not Found
vision_push_failed frame_id=mock-video-1846 error=HTTP Error 404: Not Found
vision_push_failed frame_id=mock-video-1847 error=HTTP Error 404: Not Found
vision_push_failed frame_id=mock-video-1848 error=HTTP Error 404: Not Found
vision_push_failed frame_id=mock-video-1849 error=HTTP Error 404: Not Found
vision_push_failed frame_id=mock-video-1850 error=HTTP Error 404: Not Found
vision_push_failed frame_id=mock-video-1851 error=HTTP Error 404: Not Found
vision_push_failed frame_id=mock-video-1852 error=HTTP Error 404: Not Found
vision_push_failed frame_id=mock-video-1853 error=HTTP Error 404: Not Found
vision_push_failed frame_id=mock-video-1854 error=HTTP Error 404: Not Found
vision_push_failed frame_id=mock-video-1855 error=HTTP Error 404: Not Found
vision_push_failed frame_id=mock-video-1856 error=HTTP Error 404: Not Found
vision_push_failed frame_id=mock-video-1857 error=HTTP Error 404: Not Found
vision_push_failed frame_id=mock-video-1858 error=HTTP Error 404: Not Found
vision_push_failed frame_id=mock-video-1859 error=HTTP Error 404: Not Found
vision_push_failed frame_id=mock-video-1860 error=HTTP Error 404: Not Found
vision_push_failed frame_id=mock-video-1861 error=HTTP Error 404: Not Found
vision_push_failed frame_id=mock-video-1862 error=HTTP Error 404: Not Found
vision_push_failed frame_id=mock-video-1863 error=HTTP Error 404: Not Found
vision_push_failed frame_id=mock-video-1864 error=HTTP Error 404: Not Found
vision_push_failed frame_id=mock-video-1865 error=HTTP Error 404: Not Found
vision_push_failed frame_id=mock-video-1866 error=HTTP Error 404: Not Found
vision_push_failed frame_id=mock-video-1867 error=HTTP Error 404: Not Found
vision_push_failed frame_id=mock-video-1868 error=HTTP Error 404: Not Found
vision_push_failed frame_id=mock-video-1869 error=HTTP Error 404: Not Found
vision_push_failed frame_id=mock-video-1870 error=HTTP Error 404: Not Found
vision_push_failed frame_id=mock-video-1871 error=HTTP Error 404: Not Found
vision_push_failed frame_id=mock-video-1872 error=HTTP Error 404: Not Found
vision_push_failed frame_id=mock-video-1873 error=HTTP Error 404: Not Found
vision_push_failed frame_id=mock-video-1874 error=HTTP Error 404: Not Found
vision_push_failed frame_id=mock-video-1875 error=HTTP Error 404: Not Found
vision_push_failed frame_id=mock-video-1876 error=HTTP Error 404: Not Found
vision_push_failed frame_id=mock-video-1877 error=HTTP Error 404: Not Found
vision_push_failed frame_id=mock-video-1878 error=HTTP Error 404: Not Found
vision_push_failed frame_id=mock-video-1879 error=HTTP Error 404: Not Found
vision_push_failed frame_id=mock-video-1880 error=HTTP Error 404: Not Found
vision_push_failed frame_id=mock-video-1881 error=HTTP Error 404: Not Found
vision_push_failed frame_id=mock-video-1882 error=HTTP Error 404: Not Found
vision_push_failed frame_id=mock-video-1883 error=HTTP Error 404: Not Found
vision_push_failed frame_id=mock-video-1884 error=HTTP Error 404: Not Found
vision_push_failed frame_id=mock-video-1885 error=HTTP Error 404: Not Found
vision_push_failed frame_id=mock-video-1886 error=HTTP Error 404: Not Found
vision_push_failed frame_id=mock-video-1887 error=HTTP Error 404: Not Found
vision_push_failed frame_id=mock-video-1888 error=HTTP Error 404: Not Found
vision_push_failed frame_id=mock-video-1889 error=HTTP Error 404: Not Found
vision_push_failed frame_id=mock-video-1890 error=HTTP Error 404: Not Found
vision_push_failed frame_id=mock-video-1891 error=HTTP Error 404: Not Found
vision_push_failed frame_id=mock-video-1892 error=HTTP Error 404: Not Found
vision_push_failed frame_id=mock-video-1893 error=HTTP Error 404: Not Found
vision_push_failed frame_id=mock-video-1894 error=HTTP Error 404: Not Found
vision_push_failed frame_id=mock-video-1895 error=HTTP Error 404: Not Found
vision_push_failed frame_id=mock-video-1896 error=HTTP Error 404: Not Found
vision_push_failed frame_id=mock-video-1897 error=HTTP Error 404: Not Found
vision_push_failed frame_id=mock-video-1898 error=HTTP Error 404: Not Found
vision_push_failed frame_id=mock-video-1899 error=HTTP Error 404: Not Found
vision_push_failed frame_id=mock-video-1900 error=HTTP Error 404: Not Found
vision_push_failed frame_id=mock-video-1901 error=HTTP Error 404: Not Found
vision_push_failed frame_id=mock-video-1902 error=HTTP Error 404: Not Found
vision_push_failed frame_id=mock-video-1903 error=HTTP Error 404: Not Found
vision_push_failed frame_id=mock-video-1904 error=HTTP Error 404: Not Found
vision_push_failed frame_id=mock-video-1905 error=HTTP Error 404: Not Found
vision_push_failed frame_id=mock-video-1906 error=HTTP Error 404: Not Found
vision_push_failed frame_id=mock-video-1907 error=HTTP Error 404: Not Found
vision_push_failed frame_id=mock-video-1908 error=HTTP Error 404: Not Found
vision_push_failed frame_id=mock-video-1909 error=HTTP Error 404: Not Found
vision_push_failed frame_id=mock-video-1910 error=HTTP Error 404: Not Found
vision_push_failed frame_id=mock-video-1911 error=HTTP Error 404: Not Found
vision_push_failed frame_id=mock-video-1912 error=HTTP Error 404: Not Found
vision_push_failed frame_id=mock-video-1913 error=HTTP Error 404: Not Found
vision_push_failed frame_id=mock-video-1914 error=HTTP Error 404: Not Found
vision_push_failed frame_id=mock-video-1915 error=HTTP Error 404: Not Found
vision_push_failed frame_id=mock-video-1916 error=HTTP Error 404: Not Found
vision_push_failed frame_id=mock-video-1917 error=HTTP Error 404: Not Found
vision_push_failed frame_id=mock-video-1918 error=HTTP Error 404: Not Found
vision_push_failed frame_id=mock-video-1919 error=HTTP Error 404: Not Found
vision_push_failed frame_id=mock-video-1920 error=HTTP Error 404: Not Found
vision_push_failed frame_id=mock-video-1921 error=HTTP Error 404: Not Found
vision_push_failed frame_id=mock-video-1922 error=HTTP Error 404: Not Found
vision_push_failed frame_id=mock-video-1923 error=HTTP Error 404: Not Found
vision_push_failed frame_id=mock-video-1924 error=HTTP Error 404: Not Found
vision_push_failed frame_id=mock-video-1925 error=HTTP Error 404: Not Found
vision_push_failed frame_id=mock-video-1926 error=HTTP Error 404: Not Found
vision_push_failed frame_id=mock-video-1927 error=<urlopen error timed out>
vision_push_failed frame_id=mock-video-1928 error=HTTP Error 404: Not Found
vision_push_failed frame_id=mock-video-1929 error=HTTP Error 404: Not Found
vision_push_failed frame_id=mock-video-1930 error=HTTP Error 404: Not Found
vision_push_failed frame_id=mock-video-1931 error=HTTP Error 404: Not Found
vision_push_failed frame_id=mock-video-1932 error=HTTP Error 404: Not Found
vision_push_failed frame_id=mock-video-1933 error=HTTP Error 404: Not Found
vision_push_failed frame_id=mock-video-1934 error=HTTP Error 404: Not Found
vision_push_failed frame_id=mock-video-1935 error=HTTP Error 404: Not Found
vision_push_failed frame_id=mock-video-1936 error=HTTP Error 404: Not Found
vision_push_failed frame_id=mock-video-1937 error=HTTP Error 404: Not Found
vision_push_failed frame_id=mock-video-1938 error=HTTP Error 404: Not Found
vision_push_failed frame_id=mock-video-1939 error=HTTP Error 404: Not Found
vision_push_failed frame_id=mock-video-1940 error=HTTP Error 404: Not Found
vision_push_failed frame_id=mock-video-1941 error=HTTP Error 404: Not Found
vision_push_failed frame_id=mock-video-1942 error=HTTP Error 404: Not Found
vision_push_failed frame_id=mock-video-1943 error=HTTP Error 404: Not Found
vision_push_failed frame_id=mock-video-1944 error=HTTP Error 404: Not Found
vision_push_failed frame_id=mock-video-1945 error=HTTP Error 404: Not Found
vision_push_failed frame_id=mock-video-1946 error=HTTP Error 404: Not Found
vision_push_failed frame_id=mock-video-1947 error=HTTP Error 404: Not Found
vision_push_failed frame_id=mock-video-1948 error=HTTP Error 404: Not Found
vision_push_failed frame_id=mock-video-1949 error=HTTP Error 404: Not Found
vision_push_failed frame_id=mock-video-1950 error=HTTP Error 404: Not Found
vision_push_failed frame_id=mock-video-1951 error=HTTP Error 404: Not Found
vision_push_failed frame_id=mock-video-1952 error=HTTP Error 404: Not Found
vision_push_failed frame_id=mock-video-1953 error=HTTP Error 404: Not Found
vision_push_failed frame_id=mock-video-1954 error=HTTP Error 404: Not Found
vision_push_failed frame_id=mock-video-1955 error=HTTP Error 404: Not Found
vision_push_failed frame_id=mock-video-1956 error=HTTP Error 404: Not Found
vision_push_failed frame_id=mock-video-1957 error=HTTP Error 404: Not Found
vision_push_failed frame_id=mock-video-1958 error=HTTP Error 404: Not Found
vision_push_failed frame_id=mock-video-1959 error=HTTP Error 404: Not Found
vision_push_failed frame_id=mock-video-1960 error=HTTP Error 404: Not Found
vision_push_failed frame_id=mock-video-1961 error=HTTP Error 404: Not Found
vision_push_failed frame_id=mock-video-1962 error=HTTP Error 404: Not Found
vision_push_failed frame_id=mock-video-1963 error=HTTP Error 404: Not Found
vision_push_failed frame_id=mock-video-1964 error=HTTP Error 404: Not Found
vision_push_failed frame_id=mock-video-1965 error=HTTP Error 404: Not Found
vision_push_failed frame_id=mock-video-1966 error=HTTP Error 404: Not Found
vision_push_failed frame_id=mock-video-1967 error=HTTP Error 404: Not Found
vision_push_failed frame_id=mock-video-1968 error=HTTP Error 404: Not Found
vision_push_failed frame_id=mock-video-1969 error=HTTP Error 404: Not Found
vision_push_failed frame_id=mock-video-1970 error=HTTP Error 404: Not Found
vision_push_failed frame_id=mock-video-1971 error=HTTP Error 404: Not Found
vision_push_failed frame_id=mock-video-1972 error=HTTP Error 404: Not Found
vision_push_failed frame_id=mock-video-1973 error=HTTP Error 404: Not Found
vision_push_failed frame_id=mock-video-1974 error=HTTP Error 404: Not Found
vision_push_failed frame_id=mock-video-1975 error=HTTP Error 404: Not Found
vision_push_failed frame_id=mock-video-1976 error=HTTP Error 404: Not Found
vision_push_failed frame_id=mock-video-1977 error=HTTP Error 404: Not Found
vision_push_failed frame_id=mock-video-1978 error=HTTP Error 404: Not Found
vision_push_failed frame_id=mock-video-1979 error=HTTP Error 404: Not Found
vision_push_failed frame_id=mock-video-1980 error=HTTP Error 404: Not Found
vision_push_failed frame_id=mock-video-1981 error=HTTP Error 404: Not Found
vision_push_failed frame_id=mock-video-1982 error=HTTP Error 404: Not Found
vision_push_failed frame_id=mock-video-1983 error=HTTP Error 404: Not Found
vision_push_failed frame_id=mock-video-1984 error=HTTP Error 404: Not Found
vision_push_failed frame_id=mock-video-1985 error=HTTP Error 404: Not Found
vision_push_failed frame_id=mock-video-1986 error=HTTP Error 404: Not Found
vision_push_failed frame_id=mock-video-1987 error=HTTP Error 404: Not Found
vision_push_failed frame_id=mock-video-1988 error=HTTP Error 404: Not Found
vision_push_failed frame_id=mock-video-1989 error=HTTP Error 404: Not Found
vision_push_failed frame_id=mock-video-1990 error=HTTP Error 404: Not Found
vision_push_failed frame_id=mock-video-1991 error=HTTP Error 404: Not Found
vision_push_failed frame_id=mock-video-1992 error=HTTP Error 404: Not Found
vision_push_failed frame_id=mock-video-1993 error=HTTP Error 404: Not Found
vision_push_failed frame_id=mock-video-1994 error=HTTP Error 404: Not Found
vision_push_failed frame_id=mock-video-1995 error=HTTP Error 404: Not Found
vision_push_failed frame_id=mock-video-1996 error=HTTP Error 404: Not Found
vision_push_failed frame_id=mock-video-1997 error=HTTP Error 404: Not Found
vision_push_failed frame_id=mock-video-1998 error=HTTP Error 404: Not Found
vision_push_failed frame_id=mock-video-1999 error=HTTP Error 404: Not Found
vision_push_failed frame_id=mock-video-2000 error=HTTP Error 404: Not Found
vision_push_failed frame_id=mock-video-2001 error=HTTP Error 404: Not Found
vision_push_failed frame_id=mock-video-2002 error=HTTP Error 404: Not Found
vision_push_failed frame_id=mock-video-2003 error=HTTP Error 404: Not Found
vision_push_failed frame_id=mock-video-2004 error=HTTP Error 404: Not Found
vision_push_failed frame_id=mock-video-2005 error=HTTP Error 404: Not Found
vision_push_failed frame_id=mock-video-2006 error=HTTP Error 404: Not Found
vision_push_failed frame_id=mock-video-2007 error=HTTP Error 404: Not Found
vision_push_failed frame_id=mock-video-2008 error=HTTP Error 404: Not Found
vision_push_failed frame_id=mock-video-2009 error=HTTP Error 404: Not Found
vision_push_failed frame_id=mock-video-2010 error=HTTP Error 404: Not Found
vision_push_failed frame_id=mock-video-2011 error=<urlopen error _ssl.c:1011: The handshake operation timed out>
vision_push_failed frame_id=mock-video-2012 error=HTTP Error 404: Not Found
vision_push_failed frame_id=mock-video-2013 error=HTTP Error 404: Not Found
vision_push_failed frame_id=mock-video-2014 error=HTTP Error 404: Not Found
vision_push_failed frame_id=mock-video-2015 error=HTTP Error 404: Not Found
vision_push_failed frame_id=mock-video-2016 error=HTTP Error 404: Not Found
vision_push_failed frame_id=mock-video-2017 error=HTTP Error 404: Not Found
vision_push_failed frame_id=mock-video-2018 error=HTTP Error 404: Not Found
vision_push_failed frame_id=mock-video-2019 error=HTTP Error 404: Not Found
vision_push_failed frame_id=mock-video-2020 error=HTTP Error 404: Not Found
vision_push_failed frame_id=mock-video-2021 error=HTTP Error 404: Not Found
vision_push_failed frame_id=mock-video-2022 error=HTTP Error 404: Not Found
vision_push_failed frame_id=mock-video-2023 error=HTTP Error 404: Not Found
vision_push_failed frame_id=mock-video-2024 error=HTTP Error 404: Not Found
vision_push_failed frame_id=mock-video-2025 error=HTTP Error 404: Not Found
vision_push_failed frame_id=mock-video-2026 error=HTTP Error 404: Not Found
vision_push_failed frame_id=mock-video-2027 error=HTTP Error 404: Not Found
vision_push_failed frame_id=mock-video-2028 error=HTTP Error 404: Not Found
vision_push_failed frame_id=mock-video-2029 error=HTTP Error 404: Not Found
vision_push_failed frame_id=mock-video-2030 error=HTTP Error 404: Not Found
vision_push_failed frame_id=mock-video-2031 error=HTTP Error 404: Not Found
vision_push_failed frame_id=mock-video-2032 error=HTTP Error 404: Not Found
vision_push_failed frame_id=mock-video-2033 error=HTTP Error 404: Not Found
vision_push_failed frame_id=mock-video-2034 error=HTTP Error 404: Not Found
vision_push_failed frame_id=mock-video-2035 error=HTTP Error 404: Not Found
vision_push_failed frame_id=mock-video-2036 error=HTTP Error 404: Not Found
vision_push_failed frame_id=mock-video-2037 error=HTTP Error 404: Not Found
vision_push_failed frame_id=mock-video-2038 error=HTTP Error 404: Not Found
vision_push_failed frame_id=mock-video-2039 error=HTTP Error 404: Not Found
vision_push_failed frame_id=mock-video-2040 error=HTTP Error 404: Not Found
vision_push_failed frame_id=mock-video-2041 error=HTTP Error 404: Not Found
vision_push_failed frame_id=mock-video-2042 error=HTTP Error 404: Not Found
vision_push_failed frame_id=mock-video-2043 error=HTTP Error 404: Not Found
vision_push_failed frame_id=mock-video-2044 error=HTTP Error 404: Not Found
vision_push_failed frame_id=mock-video-2045 error=HTTP Error 404: Not Found
vision_push_failed frame_id=mock-video-2046 error=HTTP Error 404: Not Found
vision_push_failed frame_id=mock-video-2047 error=HTTP Error 404: Not Found
vision_push_failed frame_id=mock-video-2048 error=HTTP Error 404: Not Found
vision_push_failed frame_id=mock-video-2049 error=HTTP Error 404: Not Found
vision_push_failed frame_id=mock-video-2050 error=HTTP Error 404: Not Found
vision_push_failed frame_id=mock-video-2051 error=HTTP Error 404: Not Found
vision_push_failed frame_id=mock-video-2052 error=HTTP Error 404: Not Found
vision_push_failed frame_id=mock-video-2053 error=HTTP Error 404: Not Found
vision_push_failed frame_id=mock-video-2054 error=HTTP Error 404: Not Found
vision_push_failed frame_id=mock-video-2055 error=HTTP Error 404: Not Found
vision_push_failed frame_id=mock-video-2056 error=HTTP Error 404: Not Found
vision_push_failed frame_id=mock-video-2057 error=HTTP Error 404: Not Found
vision_push_failed frame_id=mock-video-2058 error=HTTP Error 404: Not Found
vision_push_failed frame_id=mock-video-2059 error=HTTP Error 404: Not Found
vision_push_failed frame_id=mock-video-2060 error=HTTP Error 404: Not Found
vision_push_failed frame_id=mock-video-2061 error=HTTP Error 404: Not Found
vision_push_failed frame_id=mock-video-2062 error=HTTP Error 404: Not Found
vision_push_failed frame_id=mock-video-2063 error=HTTP Error 404: Not Found
vision_push_failed frame_id=mock-video-2064 error=HTTP Error 404: Not Found
vision_push_failed frame_id=mock-video-2065 error=HTTP Error 404: Not Found
vision_push_failed frame_id=mock-video-2066 error=HTTP Error 404: Not Found
vision_push_failed frame_id=mock-video-2067 error=HTTP Error 404: Not Found
vision_push_failed frame_id=mock-video-2068 error=HTTP Error 404: Not Found
vision_push_failed frame_id=mock-video-2069 error=HTTP Error 404: Not Found
vision_push_failed frame_id=mock-video-2070 error=HTTP Error 404: Not Found
vision_push_failed frame_id=mock-video-2071 error=HTTP Error 404: Not Found
vision_push_failed frame_id=mock-video-2072 error=HTTP Error 404: Not Found
vision_push_failed frame_id=mock-video-2073 error=HTTP Error 404: Not Found
vision_push_failed frame_id=mock-video-2074 error=HTTP Error 404: Not Found
vision_push_failed frame_id=mock-video-2075 error=HTTP Error 404: Not Found
vision_push_failed frame_id=mock-video-2076 error=HTTP Error 404: Not Found
vision_push_failed frame_id=mock-video-2077 error=HTTP Error 404: Not Found
vision_push_failed frame_id=mock-video-2078 error=HTTP Error 404: Not Found
vision_push_failed frame_id=mock-video-2079 error=HTTP Error 404: Not Found
vision_push_failed frame_id=mock-video-2080 error=HTTP Error 404: Not Found
vision_push_failed frame_id=mock-video-2081 error=HTTP Error 404: Not Found
vision_push_failed frame_id=mock-video-2082 error=HTTP Error 404: Not Found
vision_push_failed frame_id=mock-video-2083 error=HTTP Error 404: Not Found
vision_push_failed frame_id=mock-video-2084 error=HTTP Error 404: Not Found
vision_push_failed frame_id=mock-video-2085 error=HTTP Error 404: Not Found
vision_push_failed frame_id=mock-video-2086 error=HTTP Error 404: Not Found
vision_push_failed frame_id=mock-video-2087 error=HTTP Error 404: Not Found
vision_push_failed frame_id=mock-video-2088 error=HTTP Error 404: Not Found
vision_push_failed frame_id=mock-video-2089 error=HTTP Error 404: Not Found
vision_push_failed frame_id=mock-video-2090 error=HTTP Error 404: Not Found
vision_push_failed frame_id=mock-video-2091 error=HTTP Error 404: Not Found
vision_push_failed frame_id=mock-video-2092 error=HTTP Error 404: Not Found
vision_push_failed frame_id=mock-video-2093 error=HTTP Error 404: Not Found
vision_push_failed frame_id=mock-video-2094 error=HTTP Error 404: Not Found
vision_push_failed frame_id=mock-video-2095 error=HTTP Error 404: Not Found
vision_push_failed frame_id=mock-video-2096 error=HTTP Error 404: Not Found
vision_push_failed frame_id=mock-video-2097 error=HTTP Error 404: Not Found
vision_push_failed frame_id=mock-video-2098 error=HTTP Error 404: Not Found
vision_push_failed frame_id=mock-video-2099 error=HTTP Error 404: Not Found
vision_push_failed frame_id=mock-video-2100 error=HTTP Error 404: Not Found
vision_push_failed frame_id=mock-video-2101 error=HTTP Error 404: Not Found
vision_push_failed frame_id=mock-video-2102 error=HTTP Error 404: Not Found
vision_push_failed frame_id=mock-video-2103 error=HTTP Error 404: Not Found
vision_push_failed frame_id=mock-video-2104 error=HTTP Error 404: Not Found
vision_push_failed frame_id=mock-video-2105 error=HTTP Error 404: Not Found
vision_push_failed frame_id=mock-video-2106 error=HTTP Error 404: Not Found
vision_push_failed frame_id=mock-video-2107 error=HTTP Error 404: Not Found
vision_push_failed frame_id=mock-video-2108 error=HTTP Error 404: Not Found
vision_push_failed frame_id=mock-video-2109 error=HTTP Error 404: Not Found
vision_push_failed frame_id=mock-video-2110 error=HTTP Error 404: Not Found
vision_push_failed frame_id=mock-video-2111 error=HTTP Error 404: Not Found
vision_push_failed frame_id=mock-video-2112 error=HTTP Error 404: Not Found
vision_push_failed frame_id=mock-video-2113 error=HTTP Error 404: Not Found
vision_push_failed frame_id=mock-video-2114 error=HTTP Error 404: Not Found
vision_push_failed frame_id=mock-video-2115 error=HTTP Error 404: Not Found
vision_push_failed frame_id=mock-video-2116 error=HTTP Error 404: Not Found
vision_push_failed frame_id=mock-video-2117 error=HTTP Error 404: Not Found
vision_push_failed frame_id=mock-video-2118 error=HTTP Error 404: Not Found
vision_push_failed frame_id=mock-video-2119 error=HTTP Error 404: Not Found
vision_push_failed frame_id=mock-video-2120 error=HTTP Error 404: Not Found
vision_push_failed frame_id=mock-video-2121 error=HTTP Error 404: Not Found
vision_push_failed frame_id=mock-video-2122 error=HTTP Error 404: Not Found
vision_push_failed frame_id=mock-video-2123 error=HTTP Error 404: Not Found
vision_push_failed frame_id=mock-video-2124 error=HTTP Error 404: Not Found
vision_push_failed frame_id=mock-video-2125 error=HTTP Error 404: Not Found
vision_push_failed frame_id=mock-video-2126 error=HTTP Error 404: Not Found
vision_push_failed frame_id=mock-video-2127 error=HTTP Error 404: Not Found
vision_push_failed frame_id=mock-video-2128 error=HTTP Error 404: Not Found
vision_push_failed frame_id=mock-video-2129 error=HTTP Error 404: Not Found
vision_push_failed frame_id=mock-video-2130 error=HTTP Error 404: Not Found
vision_push_failed frame_id=mock-video-2131 error=HTTP Error 404: Not Found
vision_push_failed frame_id=mock-video-2132 error=HTTP Error 404: Not Found
vision_push_failed frame_id=mock-video-2133 error=HTTP Error 404: Not Found
vision_push_failed frame_id=mock-video-2134 error=HTTP Error 404: Not Found
vision_push_failed frame_id=mock-video-2135 error=HTTP Error 404: Not Found
vision_push_failed frame_id=mock-video-2136 error=HTTP Error 404: Not Found
vision_push_failed frame_id=mock-video-2137 error=HTTP Error 404: Not Found
vision_push_failed frame_id=mock-video-2138 error=HTTP Error 404: Not Found
vision_push_failed frame_id=mock-video-2139 error=HTTP Error 404: Not Found
vision_push_failed frame_id=mock-video-2140 error=HTTP Error 404: Not Found
vision_push_failed frame_id=mock-video-2141 error=HTTP Error 404: Not Found
vision_push_failed frame_id=mock-video-2142 error=HTTP Error 404: Not Found
vision_push_failed frame_id=mock-video-2143 error=HTTP Error 404: Not Found
vision_push_failed frame_id=mock-video-2144 error=HTTP Error 404: Not Found
vision_push_failed frame_id=mock-video-2145 error=HTTP Error 404: Not Found
vision_push_failed frame_id=mock-video-2146 error=HTTP Error 404: Not Found
vision_push_failed frame_id=mock-video-2147 error=HTTP Error 404: Not Found
vision_push_failed frame_id=mock-video-2148 error=HTTP Error 404: Not Found
vision_push_failed frame_id=mock-video-2149 error=HTTP Error 404: Not Found
vision_push_failed frame_id=mock-video-2150 error=HTTP Error 404: Not Found
vision_push_failed frame_id=mock-video-2151 error=HTTP Error 404: Not Found
vision_push_failed frame_id=mock-video-2152 error=HTTP Error 404: Not Found
vision_push_failed frame_id=mock-video-2153 error=HTTP Error 404: Not Found
vision_push_failed frame_id=mock-video-2154 error=HTTP Error 404: Not Found
vision_push_failed frame_id=mock-video-2155 error=HTTP Error 404: Not Found
vision_push_failed frame_id=mock-video-2156 error=HTTP Error 404: Not Found
vision_push_failed frame_id=mock-video-2157 error=HTTP Error 404: Not Found
vision_push_failed frame_id=mock-video-2158 error=HTTP Error 404: Not Found
vision_push_failed frame_id=mock-video-2159 error=HTTP Error 404: Not Found
vision_push_failed frame_id=mock-video-2160 error=HTTP Error 404: Not Found
vision_push_failed frame_id=mock-video-2161 error=HTTP Error 404: Not Found
vision_push_failed frame_id=mock-video-2162 error=HTTP Error 404: Not Found
vision_push_failed frame_id=mock-video-2163 error=HTTP Error 404: Not Found
vision_push_failed frame_id=mock-video-2164 error=HTTP Error 404: Not Found
vision_push_failed frame_id=mock-video-2165 error=HTTP Error 404: Not Found
vision_push_failed frame_id=mock-video-2166 error=HTTP Error 404: Not Found
vision_push_failed frame_id=mock-video-2167 error=HTTP Error 404: Not Found
vision_push_failed frame_id=mock-video-2168 error=HTTP Error 404: Not Found
vision_push_failed frame_id=mock-video-2169 error=HTTP Error 404: Not Found
vision_push_failed frame_id=mock-video-2170 error=HTTP Error 404: Not Found
vision_push_failed frame_id=mock-video-2171 error=HTTP Error 404: Not Found
vision_push_failed frame_id=mock-video-2172 error=HTTP Error 404: Not Found
vision_push_failed frame_id=mock-video-2173 error=HTTP Error 404: Not Found
vision_push_failed frame_id=mock-video-2174 error=HTTP Error 404: Not Found
vision_push_failed frame_id=mock-video-2175 error=HTTP Error 404: Not Found
vision_push_failed frame_id=mock-video-2176 error=HTTP Error 404: Not Found
vision_push_failed frame_id=mock-video-2177 error=HTTP Error 404: Not Found
vision_push_failed frame_id=mock-video-2178 error=HTTP Error 404: Not Found
vision_push_failed frame_id=mock-video-2179 error=HTTP Error 404: Not Found
vision_push_failed frame_id=mock-video-2180 error=HTTP Error 404: Not Found
vision_push_failed frame_id=mock-video-2181 error=HTTP Error 404: Not Found
vision_push_failed frame_id=mock-video-2182 error=HTTP Error 404: Not Found
vision_push_failed frame_id=mock-video-2183 error=HTTP Error 404: Not Found
vision_push_failed frame_id=mock-video-2184 error=HTTP Error 404: Not Found
vision_push_failed frame_id=mock-video-2185 error=HTTP Error 404: Not Found
vision_push_failed frame_id=mock-video-2186 error=HTTP Error 404: Not Found
vision_push_failed frame_id=mock-video-2187 error=HTTP Error 404: Not Found
vision_push_failed frame_id=mock-video-2188 error=HTTP Error 404: Not Found
vision_push_failed frame_id=mock-video-2189 error=HTTP Error 404: Not Found
vision_push_failed frame_id=mock-video-2190 error=HTTP Error 404: Not Found
vision_push_failed frame_id=mock-video-2191 error=HTTP Error 404: Not Found
vision_push_failed frame_id=mock-video-2192 error=HTTP Error 404: Not Found
vision_push_failed frame_id=mock-video-2193 error=HTTP Error 404: Not Found
vision_push_failed frame_id=mock-video-2194 error=HTTP Error 404: Not Found
vision_push_failed frame_id=mock-video-2195 error=HTTP Error 404: Not Found
vision_push_failed frame_id=mock-video-2196 error=HTTP Error 404: Not Found
vision_push_failed frame_id=mock-video-2197 error=HTTP Error 404: Not Found
vision_push_failed frame_id=mock-video-2198 error=HTTP Error 404: Not Found
vision_push_failed frame_id=mock-video-2199 error=HTTP Error 404: Not Found
vision_push_failed frame_id=mock-video-2200 error=HTTP Error 404: Not Found
vision_push_failed frame_id=mock-video-2201 error=HTTP Error 404: Not Found
vision_push_failed frame_id=mock-video-2202 error=HTTP Error 404: Not Found
vision_push_failed frame_id=mock-video-2203 error=HTTP Error 404: Not Found
vision_push_failed frame_id=mock-video-2204 error=HTTP Error 404: Not Found
vision_push_failed frame_id=mock-video-2205 error=HTTP Error 404: Not Found
vision_push_failed frame_id=mock-video-2206 error=HTTP Error 404: Not Found
vision_push_failed frame_id=mock-video-2207 error=HTTP Error 404: Not Found
vision_push_failed frame_id=mock-video-2208 error=HTTP Error 404: Not Found
vision_push_failed frame_id=mock-video-2209 error=HTTP Error 404: Not Found
vision_push_failed frame_id=mock-video-2210 error=HTTP Error 404: Not Found
vision_push_failed frame_id=mock-video-2211 error=HTTP Error 404: Not Found
vision_push_failed frame_id=mock-video-2212 error=HTTP Error 404: Not Found
vision_push_failed frame_id=mock-video-2213 error=HTTP Error 404: Not Found
vision_push_failed frame_id=mock-video-2214 error=HTTP Error 404: Not Found
vision_push_failed frame_id=mock-video-2215 error=HTTP Error 404: Not Found
vision_push_failed frame_id=mock-video-2216 error=HTTP Error 404: Not Found
vision_push_failed frame_id=mock-video-2217 error=HTTP Error 404: Not Found
vision_push_failed frame_id=mock-video-2218 error=HTTP Error 404: Not Found
vision_push_failed frame_id=mock-video-2219 error=HTTP Error 404: Not Found
vision_push_failed frame_id=mock-video-2220 error=HTTP Error 404: Not Found
vision_push_failed frame_id=mock-video-2221 error=HTTP Error 404: Not Found
vision_push_failed frame_id=mock-video-2222 error=HTTP Error 404: Not Found
vision_push_failed frame_id=mock-video-2223 error=HTTP Error 404: Not Found
vision_push_failed frame_id=mock-video-2224 error=HTTP Error 404: Not Found
vision_push_failed frame_id=mock-video-2225 error=HTTP Error 404: Not Found
vision_push_failed frame_id=mock-video-2226 error=HTTP Error 404: Not Found
vision_push_failed frame_id=mock-video-2227 error=HTTP Error 404: Not Found
vision_push_failed frame_id=mock-video-2228 error=HTTP Error 404: Not Found
vision_push_failed frame_id=mock-video-2229 error=HTTP Error 404: Not Found
vision_push_failed frame_id=mock-video-2230 error=HTTP Error 404: Not Found
vision_push_failed frame_id=mock-video-2231 error=HTTP Error 404: Not Found
vision_push_failed frame_id=mock-video-2232 error=HTTP Error 404: Not Found
vision_push_failed frame_id=mock-video-2233 error=HTTP Error 404: Not Found
vision_push_failed frame_id=mock-video-2234 error=HTTP Error 404: Not Found
vision_push_failed frame_id=mock-video-2235 error=HTTP Error 404: Not Found
vision_push_failed frame_id=mock-video-2236 error=HTTP Error 404: Not Found
vision_push_failed frame_id=mock-video-2237 error=HTTP Error 404: Not Found
vision_push_failed frame_id=mock-video-2238 error=HTTP Error 404: Not Found
vision_push_failed frame_id=mock-video-2239 error=HTTP Error 404: Not Found
vision_push_failed frame_id=mock-video-2240 error=HTTP Error 404: Not Found
vision_push_failed frame_id=mock-video-2241 error=HTTP Error 404: Not Found
vision_push_failed frame_id=mock-video-2242 error=HTTP Error 404: Not Found
vision_push_failed frame_id=mock-video-2243 error=HTTP Error 404: Not Found
vision_push_failed frame_id=mock-video-2244 error=HTTP Error 404: Not Found
vision_push_failed frame_id=mock-video-2245 error=HTTP Error 404: Not Found
vision_push_failed frame_id=mock-video-2246 error=HTTP Error 404: Not Found
vision_push_failed frame_id=mock-video-2247 error=HTTP Error 404: Not Found
vision_push_failed frame_id=mock-video-2248 error=HTTP Error 404: Not Found
vision_push_failed frame_id=mock-video-2249 error=HTTP Error 404: Not Found
vision_push_failed frame_id=mock-video-2250 error=HTTP Error 404: Not Found
vision_push_failed frame_id=mock-video-2251 error=HTTP Error 404: Not Found
vision_push_failed frame_id=mock-video-2252 error=HTTP Error 404: Not Found
vision_push_failed frame_id=mock-video-2253 error=HTTP Error 404: Not Found
vision_push_failed frame_id=mock-video-2254 error=HTTP Error 404: Not Found
vision_push_failed frame_id=mock-video-2255 error=HTTP Error 404: Not Found
vision_push_failed frame_id=mock-video-2256 error=HTTP Error 404: Not Found
vision_push_failed frame_id=mock-video-2257 error=HTTP Error 404: Not Found
vision_push_failed frame_id=mock-video-2258 error=HTTP Error 404: Not Found
vision_push_failed frame_id=mock-video-2259 error=HTTP Error 404: Not Found
vision_push_failed frame_id=mock-video-2260 error=HTTP Error 404: Not Found
vision_push_failed frame_id=mock-video-2261 error=HTTP Error 404: Not Found
vision_push_failed frame_id=mock-video-2262 error=HTTP Error 404: Not Found
vision_push_failed frame_id=mock-video-2263 error=HTTP Error 404: Not Found
vision_push_failed frame_id=mock-video-2264 error=HTTP Error 404: Not Found
vision_push_failed frame_id=mock-video-2265 error=HTTP Error 404: Not Found
vision_push_failed frame_id=mock-video-2266 error=HTTP Error 404: Not Found
vision_push_failed frame_id=mock-video-2267 error=HTTP Error 404: Not Found
vision_push_failed frame_id=mock-video-2268 error=HTTP Error 404: Not Found
vision_push_failed frame_id=mock-video-2269 error=HTTP Error 404: Not Found
vision_push_failed frame_id=mock-video-2270 error=HTTP Error 404: Not Found
vision_push_failed frame_id=mock-video-2271 error=HTTP Error 404: Not Found
vision_push_failed frame_id=mock-video-2272 error=HTTP Error 404: Not Found
vision_push_failed frame_id=mock-video-2273 error=HTTP Error 404: Not Found
vision_push_failed frame_id=mock-video-2274 error=HTTP Error 404: Not Found
vision_push_failed frame_id=mock-video-2275 error=HTTP Error 404: Not Found
vision_push_failed frame_id=mock-video-2276 error=HTTP Error 404: Not Found
vision_push_failed frame_id=mock-video-2277 error=HTTP Error 404: Not Found
vision_push_failed frame_id=mock-video-2278 error=HTTP Error 404: Not Found
vision_push_failed frame_id=mock-video-2279 error=HTTP Error 404: Not Found
vision_push_failed frame_id=mock-video-2280 error=HTTP Error 404: Not Found
vision_push_failed frame_id=mock-video-2281 error=HTTP Error 404: Not Found
vision_push_failed frame_id=mock-video-2282 error=HTTP Error 404: Not Found
vision_push_failed frame_id=mock-video-2283 error=HTTP Error 404: Not Found
vision_push_failed frame_id=mock-video-2284 error=HTTP Error 404: Not Found
vision_push_failed frame_id=mock-video-2285 error=HTTP Error 404: Not Found
vision_push_failed frame_id=mock-video-2286 error=HTTP Error 404: Not Found
vision_push_failed frame_id=mock-video-2287 error=HTTP Error 404: Not Found
vision_push_failed frame_id=mock-video-2288 error=HTTP Error 404: Not Found
vision_push_failed frame_id=mock-video-2289 error=HTTP Error 404: Not Found
vision_push_failed frame_id=mock-video-2290 error=HTTP Error 404: Not Found
vision_push_failed frame_id=mock-video-2291 error=HTTP Error 404: Not Found
vision_push_failed frame_id=mock-video-2292 error=HTTP Error 404: Not Found
vision_push_failed frame_id=mock-video-2293 error=HTTP Error 404: Not Found
vision_push_failed frame_id=mock-video-2294 error=HTTP Error 404: Not Found
vision_push_failed frame_id=mock-video-2295 error=HTTP Error 404: Not Found
vision_push_failed frame_id=mock-video-2296 error=HTTP Error 404: Not Found
vision_push_failed frame_id=mock-video-2297 error=HTTP Error 404: Not Found
vision_push_failed frame_id=mock-video-2298 error=HTTP Error 404: Not Found
vision_push_failed frame_id=mock-video-2299 error=HTTP Error 404: Not Found
vision_push_failed frame_id=mock-video-2300 error=HTTP Error 404: Not Found
vision_push_failed frame_id=mock-video-2301 error=HTTP Error 404: Not Found
vision_push_failed frame_id=mock-video-2302 error=HTTP Error 404: Not Found
vision_push_failed frame_id=mock-video-2303 error=HTTP Error 404: Not Found
vision_push_failed frame_id=mock-video-2304 error=HTTP Error 404: Not Found
vision_push_failed frame_id=mock-video-2305 error=HTTP Error 404: Not Found
vision_push_failed frame_id=mock-video-2306 error=HTTP Error 404: Not Found
vision_push_failed frame_id=mock-video-2307 error=HTTP Error 404: Not Found
vision_push_failed frame_id=mock-video-2308 error=HTTP Error 404: Not Found
vision_push_failed frame_id=mock-video-2309 error=HTTP Error 404: Not Found
vision_push_failed frame_id=mock-video-2310 error=HTTP Error 404: Not Found
vision_push_failed frame_id=mock-video-2311 error=HTTP Error 404: Not Found
vision_push_failed frame_id=mock-video-2312 error=HTTP Error 404: Not Found
vision_push_failed frame_id=mock-video-2313 error=HTTP Error 404: Not Found
vision_push_failed frame_id=mock-video-2314 error=HTTP Error 404: Not Found
vision_push_failed frame_id=mock-video-2315 error=HTTP Error 404: Not Found
vision_push_failed frame_id=mock-video-2316 error=<urlopen error timed out>
vision_push_failed frame_id=mock-video-2317 error=HTTP Error 404: Not Found
vision_push_failed frame_id=mock-video-2318 error=HTTP Error 404: Not Found
vision_push_failed frame_id=mock-video-2319 error=HTTP Error 404: Not Found
vision_push_failed frame_id=mock-video-2320 error=HTTP Error 404: Not Found
vision_push_failed frame_id=mock-video-2321 error=HTTP Error 404: Not Found
vision_push_failed frame_id=mock-video-2322 error=HTTP Error 404: Not Found
vision_push_failed frame_id=mock-video-2323 error=HTTP Error 404: Not Found
vision_push_failed frame_id=mock-video-2324 error=HTTP Error 404: Not Found
vision_push_failed frame_id=mock-video-2325 error=HTTP Error 404: Not Found
vision_push_failed frame_id=mock-video-2326 error=HTTP Error 404: Not Found
vision_push_failed frame_id=mock-video-2327 error=HTTP Error 404: Not Found
vision_push_failed frame_id=mock-video-2328 error=HTTP Error 404: Not Found
vision_push_failed frame_id=mock-video-2329 error=HTTP Error 404: Not Found
vision_push_failed frame_id=mock-video-2330 error=HTTP Error 404: Not Found
vision_push_failed frame_id=mock-video-2331 error=HTTP Error 404: Not Found
vision_push_failed frame_id=mock-video-2332 error=HTTP Error 404: Not Found
vision_push_failed frame_id=mock-video-2333 error=HTTP Error 404: Not Found
vision_push_failed frame_id=mock-video-2334 error=HTTP Error 404: Not Found
vision_push_failed frame_id=mock-video-2335 error=HTTP Error 404: Not Found
vision_push_failed frame_id=mock-video-2336 error=HTTP Error 404: Not Found
vision_push_failed frame_id=mock-video-2337 error=HTTP Error 404: Not Found
vision_push_failed frame_id=mock-video-2338 error=HTTP Error 404: Not Found
vision_push_failed frame_id=mock-video-2339 error=HTTP Error 404: Not Found
vision_push_failed frame_id=mock-video-2340 error=HTTP Error 404: Not Found
vision_push_failed frame_id=mock-video-2341 error=HTTP Error 404: Not Found
vision_push_failed frame_id=mock-video-2342 error=HTTP Error 404: Not Found
vision_push_failed frame_id=mock-video-2343 error=HTTP Error 404: Not Found
vision_push_failed frame_id=mock-video-2344 error=HTTP Error 404: Not Found
vision_push_failed frame_id=mock-video-2345 error=HTTP Error 404: Not Found
vision_push_failed frame_id=mock-video-2346 error=HTTP Error 404: Not Found
vision_push_failed frame_id=mock-video-2347 error=HTTP Error 404: Not Found
vision_push_failed frame_id=mock-video-2348 error=HTTP Error 404: Not Found
vision_push_failed frame_id=mock-video-2349 error=HTTP Error 404: Not Found
vision_push_failed frame_id=mock-video-2350 error=HTTP Error 404: Not Found
vision_push_failed frame_id=mock-video-2351 error=HTTP Error 404: Not Found
vision_push_failed frame_id=mock-video-2352 error=HTTP Error 404: Not Found
vision_push_failed frame_id=mock-video-2353 error=HTTP Error 404: Not Found
vision_push_failed frame_id=mock-video-2354 error=HTTP Error 404: Not Found
vision_push_failed frame_id=mock-video-2355 error=HTTP Error 404: Not Found
vision_push_failed frame_id=mock-video-2356 error=HTTP Error 404: Not Found
vision_push_failed frame_id=mock-video-2357 error=HTTP Error 404: Not Found
vision_push_failed frame_id=mock-video-2358 error=HTTP Error 404: Not Found
vision_push_failed frame_id=mock-video-2359 error=HTTP Error 404: Not Found
vision_push_failed frame_id=mock-video-2360 error=HTTP Error 404: Not Found
vision_push_failed frame_id=mock-video-2361 error=HTTP Error 404: Not Found
vision_push_failed frame_id=mock-video-2362 error=HTTP Error 404: Not Found
vision_push_failed frame_id=mock-video-2363 error=HTTP Error 404: Not Found
vision_push_failed frame_id=mock-video-2364 error=HTTP Error 404: Not Found
vision_push_failed frame_id=mock-video-2365 error=HTTP Error 404: Not Found
vision_push_failed frame_id=mock-video-2366 error=HTTP Error 404: Not Found
vision_push_failed frame_id=mock-video-2367 error=HTTP Error 404: Not Found
vision_push_failed frame_id=mock-video-2368 error=HTTP Error 404: Not Found
vision_push_failed frame_id=mock-video-2369 error=HTTP Error 404: Not Found
vision_push_failed frame_id=mock-video-2370 error=HTTP Error 404: Not Found
vision_push_failed frame_id=mock-video-2371 error=HTTP Error 404: Not Found
vision_push_failed frame_id=mock-video-2372 error=HTTP Error 404: Not Found
vision_push_failed frame_id=mock-video-2373 error=HTTP Error 404: Not Found
vision_push_failed frame_id=mock-video-2374 error=HTTP Error 404: Not Found
vision_push_failed frame_id=mock-video-2375 error=HTTP Error 404: Not Found
vision_push_failed frame_id=mock-video-2376 error=HTTP Error 404: Not Found
vision_push_failed frame_id=mock-video-2377 error=HTTP Error 404: Not Found
vision_push_failed frame_id=mock-video-2378 error=HTTP Error 404: Not Found
vision_push_failed frame_id=mock-video-2379 error=HTTP Error 404: Not Found
vision_push_failed frame_id=mock-video-2380 error=HTTP Error 404: Not Found
vision_push_failed frame_id=mock-video-2381 error=HTTP Error 404: Not Found
vision_push_failed frame_id=mock-video-2382 error=HTTP Error 404: Not Found
vision_push_failed frame_id=mock-video-2383 error=HTTP Error 404: Not Found
vision_push_failed frame_id=mock-video-2384 error=HTTP Error 404: Not Found
vision_push_failed frame_id=mock-video-2385 error=HTTP Error 404: Not Found
vision_push_failed frame_id=mock-video-2386 error=HTTP Error 404: Not Found
vision_push_failed frame_id=mock-video-2387 error=HTTP Error 404: Not Found
vision_push_failed frame_id=mock-video-2388 error=HTTP Error 404: Not Found
vision_push_failed frame_id=mock-video-2389 error=HTTP Error 404: Not Found
vision_push_failed frame_id=mock-video-2390 error=HTTP Error 404: Not Found
vision_push_failed frame_id=mock-video-2391 error=HTTP Error 404: Not Found
vision_push_failed frame_id=mock-video-2392 error=HTTP Error 404: Not Found
vision_push_failed frame_id=mock-video-2393 error=HTTP Error 404: Not Found
vision_push_failed frame_id=mock-video-2394 error=HTTP Error 404: Not Found
vision_push_failed frame_id=mock-video-2395 error=HTTP Error 404: Not Found
vision_push_failed frame_id=mock-video-2396 error=HTTP Error 404: Not Found
vision_push_failed frame_id=mock-video-2397 error=HTTP Error 404: Not Found
vision_push_failed frame_id=mock-video-2398 error=HTTP Error 404: Not Found
vision_push_failed frame_id=mock-video-2399 error=HTTP Error 404: Not Found
vision_push_failed frame_id=mock-video-2400 error=HTTP Error 404: Not Found
vision_push_failed frame_id=mock-video-2401 error=HTTP Error 404: Not Found
vision_push_failed frame_id=mock-video-2402 error=HTTP Error 404: Not Found
vision_push_failed frame_id=mock-video-2403 error=HTTP Error 404: Not Found
vision_push_failed frame_id=mock-video-2404 error=HTTP Error 404: Not Found
vision_push_failed frame_id=mock-video-2405 error=HTTP Error 404: Not Found
vision_push_failed frame_id=mock-video-2406 error=HTTP Error 404: Not Found
vision_push_failed frame_id=mock-video-2407 error=HTTP Error 404: Not Found
vision_push_failed frame_id=mock-video-2408 error=HTTP Error 404: Not Found
vision_push_failed frame_id=mock-video-2409 error=HTTP Error 404: Not Found
vision_push_failed frame_id=mock-video-2410 error=HTTP Error 404: Not Found
vision_push_failed frame_id=mock-video-2411 error=HTTP Error 404: Not Found
vision_push_failed frame_id=mock-video-2412 error=HTTP Error 404: Not Found
vision_push_failed frame_id=mock-video-2413 error=HTTP Error 404: Not Found
vision_push_failed frame_id=mock-video-2414 error=HTTP Error 404: Not Found
vision_push_failed frame_id=mock-video-2415 error=HTTP Error 404: Not Found
vision_push_failed frame_id=mock-video-2416 error=HTTP Error 404: Not Found
vision_push_failed frame_id=mock-video-2417 error=HTTP Error 404: Not Found
vision_push_failed frame_id=mock-video-2418 error=HTTP Error 404: Not Found
vision_push_failed frame_id=mock-video-2419 error=HTTP Error 404: Not Found
vision_push_failed frame_id=mock-video-2420 error=HTTP Error 404: Not Found
vision_push_failed frame_id=mock-video-2421 error=HTTP Error 404: Not Found
vision_push_failed frame_id=mock-video-2422 error=HTTP Error 404: Not Found
vision_push_failed frame_id=mock-video-2423 error=HTTP Error 404: Not Found
vision_push_failed frame_id=mock-video-2424 error=HTTP Error 404: Not Found
vision_push_failed frame_id=mock-video-2425 error=HTTP Error 404: Not Found
vision_push_failed frame_id=mock-video-2426 error=HTTP Error 404: Not Found
vision_push_failed frame_id=mock-video-2427 error=HTTP Error 404: Not Found
vision_push_failed frame_id=mock-video-2428 error=HTTP Error 404: Not Found
vision_push_failed frame_id=mock-video-2429 error=HTTP Error 404: Not Found
vision_push_failed frame_id=mock-video-2430 error=HTTP Error 404: Not Found
vision_push_failed frame_id=mock-video-2431 error=HTTP Error 404: Not Found
vision_push_failed frame_id=mock-video-2432 error=HTTP Error 404: Not Found
vision_push_failed frame_id=mock-video-2433 error=HTTP Error 404: Not Found
vision_push_failed frame_id=mock-video-2434 error=HTTP Error 404: Not Found
vision_push_failed frame_id=mock-video-2435 error=HTTP Error 404: Not Found
vision_push_failed frame_id=mock-video-2436 error=HTTP Error 404: Not Found
vision_push_failed frame_id=mock-video-2437 error=HTTP Error 404: Not Found
vision_push_failed frame_id=mock-video-2438 error=HTTP Error 404: Not Found
vision_push_failed frame_id=mock-video-2439 error=HTTP Error 404: Not Found
vision_push_failed frame_id=mock-video-2440 error=HTTP Error 404: Not Found
vision_push_failed frame_id=mock-video-2441 error=HTTP Error 404: Not Found
vision_push_failed frame_id=mock-video-2442 error=HTTP Error 404: Not Found
vision_push_failed frame_id=mock-video-2443 error=HTTP Error 404: Not Found
vision_push_failed frame_id=mock-video-2444 error=HTTP Error 404: Not Found
vision_push_failed frame_id=mock-video-2445 error=HTTP Error 404: Not Found
vision_push_failed frame_id=mock-video-2446 error=HTTP Error 404: Not Found
vision_push_failed frame_id=mock-video-2447 error=HTTP Error 404: Not Found
vision_push_failed frame_id=mock-video-2448 error=HTTP Error 404: Not Found
vision_push_failed frame_id=mock-video-2449 error=HTTP Error 404: Not Found
vision_push_failed frame_id=mock-video-2450 error=HTTP Error 404: Not Found
vision_push_failed frame_id=mock-video-2451 error=HTTP Error 404: Not Found
vision_push_failed frame_id=mock-video-2452 error=HTTP Error 404: Not Found
vision_push_failed frame_id=mock-video-2453 error=HTTP Error 404: Not Found
vision_push_failed frame_id=mock-video-2454 error=HTTP Error 404: Not Found
vision_push_failed frame_id=mock-video-2455 error=HTTP Error 404: Not Found
vision_push_failed frame_id=mock-video-2456 error=HTTP Error 404: Not Found
vision_push_failed frame_id=mock-video-2457 error=HTTP Error 404: Not Found
vision_push_failed frame_id=mock-video-2458 error=HTTP Error 404: Not Found
vision_push_failed frame_id=mock-video-2459 error=HTTP Error 404: Not Found
vision_push_failed frame_id=mock-video-2460 error=HTTP Error 404: Not Found
vision_push_failed frame_id=mock-video-2461 error=HTTP Error 404: Not Found
vision_push_failed frame_id=mock-video-2462 error=HTTP Error 404: Not Found
vision_push_failed frame_id=mock-video-2463 error=HTTP Error 404: Not Found
vision_push_failed frame_id=mock-video-2464 error=HTTP Error 404: Not Found
vision_push_failed frame_id=mock-video-2465 error=HTTP Error 404: Not Found
vision_push_failed frame_id=mock-video-2466 error=HTTP Error 404: Not Found
vision_push_failed frame_id=mock-video-2467 error=HTTP Error 404: Not Found
vision_push_failed frame_id=mock-video-2468 error=HTTP Error 404: Not Found
vision_push_failed frame_id=mock-video-2469 error=HTTP Error 404: Not Found
vision_push_failed frame_id=mock-video-2470 error=HTTP Error 404: Not Found
vision_push_failed frame_id=mock-video-2471 error=HTTP Error 404: Not Found
vision_push_failed frame_id=mock-video-2472 error=HTTP Error 404: Not Found
vision_push_failed frame_id=mock-video-2473 error=HTTP Error 404: Not Found
vision_push_failed frame_id=mock-video-2474 error=HTTP Error 404: Not Found
vision_push_failed frame_id=mock-video-2475 error=HTTP Error 404: Not Found
vision_push_failed frame_id=mock-video-2476 error=HTTP Error 404: Not Found
vision_push_failed frame_id=mock-video-2477 error=HTTP Error 404: Not Found
vision_push_failed frame_id=mock-video-2478 error=HTTP Error 404: Not Found
vision_push_failed frame_id=mock-video-2479 error=HTTP Error 404: Not Found
vision_push_failed frame_id=mock-video-2480 error=HTTP Error 404: Not Found
vision_push_failed frame_id=mock-video-2481 error=HTTP Error 404: Not Found
vision_push_failed frame_id=mock-video-2482 error=HTTP Error 404: Not Found
vision_push_failed frame_id=mock-video-2483 error=HTTP Error 404: Not Found
vision_push_failed frame_id=mock-video-2484 error=HTTP Error 404: Not Found
vision_push_failed frame_id=mock-video-2485 error=HTTP Error 404: Not Found
vision_push_failed frame_id=mock-video-2486 error=HTTP Error 404: Not Found
vision_push_failed frame_id=mock-video-2487 error=HTTP Error 404: Not Found
vision_push_failed frame_id=mock-video-2488 error=HTTP Error 404: Not Found
vision_push_failed frame_id=mock-video-2489 error=HTTP Error 404: Not Found
vision_push_failed frame_id=mock-video-2490 error=HTTP Error 404: Not Found
vision_push_failed frame_id=mock-video-2491 error=HTTP Error 404: Not Found
vision_push_failed frame_id=mock-video-2492 error=HTTP Error 404: Not Found
vision_push_failed frame_id=mock-video-2493 error=HTTP Error 404: Not Found
vision_push_failed frame_id=mock-video-2494 error=HTTP Error 404: Not Found
vision_push_failed frame_id=mock-video-2495 error=HTTP Error 404: Not Found
vision_push_failed frame_id=mock-video-2496 error=HTTP Error 404: Not Found
vision_push_failed frame_id=mock-video-2497 error=HTTP Error 404: Not Found
vision_push_failed frame_id=mock-video-2498 error=HTTP Error 404: Not Found
vision_push_failed frame_id=mock-video-2499 error=HTTP Error 404: Not Found
vision_push_failed frame_id=mock-video-2500 error=HTTP Error 404: Not Found
vision_push_failed frame_id=mock-video-2501 error=HTTP Error 404: Not Found
vision_push_failed frame_id=mock-video-2502 error=HTTP Error 404: Not Found
vision_push_failed frame_id=mock-video-2503 error=HTTP Error 404: Not Found
vision_push_failed frame_id=mock-video-2504 error=HTTP Error 404: Not Found
vision_push_failed frame_id=mock-video-2505 error=HTTP Error 404: Not Found
vision_push_failed frame_id=mock-video-2506 error=HTTP Error 404: Not Found
vision_push_failed frame_id=mock-video-2507 error=HTTP Error 404: Not Found
vision_push_failed frame_id=mock-video-2508 error=HTTP Error 404: Not Found
vision_push_failed frame_id=mock-video-2509 error=HTTP Error 404: Not Found
vision_push_failed frame_id=mock-video-2510 error=HTTP Error 404: Not Found
vision_push_failed frame_id=mock-video-2511 error=HTTP Error 404: Not Found
vision_push_failed frame_id=mock-video-2512 error=HTTP Error 404: Not Found
vision_push_failed frame_id=mock-video-2513 error=HTTP Error 404: Not Found
vision_push_failed frame_id=mock-video-2514 error=HTTP Error 404: Not Found
vision_push_failed frame_id=mock-video-2515 error=HTTP Error 404: Not Found
vision_push_failed frame_id=mock-video-2516 error=HTTP Error 404: Not Found
vision_push_failed frame_id=mock-video-2517 error=HTTP Error 404: Not Found
vision_push_failed frame_id=mock-video-2518 error=HTTP Error 404: Not Found
vision_push_failed frame_id=mock-video-2519 error=HTTP Error 404: Not Found
vision_push_failed frame_id=mock-video-2520 error=HTTP Error 404: Not Found
vision_push_failed frame_id=mock-video-2521 error=HTTP Error 404: Not Found
vision_push_failed frame_id=mock-video-2522 error=HTTP Error 404: Not Found
vision_push_failed frame_id=mock-video-2523 error=HTTP Error 404: Not Found
vision_push_failed frame_id=mock-video-2524 error=HTTP Error 404: Not Found
vision_push_failed frame_id=mock-video-2525 error=HTTP Error 404: Not Found
vision_push_failed frame_id=mock-video-2526 error=HTTP Error 404: Not Found
vision_push_failed frame_id=mock-video-2527 error=HTTP Error 404: Not Found
vision_push_failed frame_id=mock-video-2528 error=HTTP Error 404: Not Found
vision_push_failed frame_id=mock-video-2529 error=HTTP Error 404: Not Found
vision_push_failed frame_id=mock-video-2530 error=HTTP Error 404: Not Found
vision_push_failed frame_id=mock-video-2531 error=HTTP Error 404: Not Found
vision_push_failed frame_id=mock-video-2532 error=HTTP Error 404: Not Found
vision_push_failed frame_id=mock-video-2533 error=HTTP Error 404: Not Found
vision_push_failed frame_id=mock-video-2534 error=HTTP Error 404: Not Found
vision_push_failed frame_id=mock-video-2535 error=HTTP Error 404: Not Found
vision_push_failed frame_id=mock-video-2536 error=HTTP Error 404: Not Found
vision_push_failed frame_id=mock-video-2537 error=HTTP Error 404: Not Found
vision_push_failed frame_id=mock-video-2538 error=HTTP Error 404: Not Found
vision_push_failed frame_id=mock-video-2539 error=HTTP Error 404: Not Found
vision_push_failed frame_id=mock-video-2540 error=HTTP Error 404: Not Found
vision_push_failed frame_id=mock-video-2541 error=HTTP Error 404: Not Found
vision_push_failed frame_id=mock-video-2542 error=HTTP Error 404: Not Found
vision_push_failed frame_id=mock-video-2543 error=HTTP Error 404: Not Found
vision_push_failed frame_id=mock-video-2544 error=HTTP Error 404: Not Found
vision_push_failed frame_id=mock-video-2545 error=HTTP Error 404: Not Found
vision_push_failed frame_id=mock-video-2546 error=HTTP Error 404: Not Found
vision_push_failed frame_id=mock-video-2547 error=HTTP Error 404: Not Found
vision_push_failed frame_id=mock-video-2548 error=HTTP Error 404: Not Found
vision_push_failed frame_id=mock-video-2549 error=HTTP Error 404: Not Found
vision_push_failed frame_id=mock-video-2550 error=HTTP Error 404: Not Found
vision_push_failed frame_id=mock-video-2551 error=HTTP Error 404: Not Found
vision_push_failed frame_id=mock-video-2552 error=HTTP Error 404: Not Found
vision_push_failed frame_id=mock-video-2553 error=HTTP Error 404: Not Found
vision_push_failed frame_id=mock-video-2554 error=HTTP Error 404: Not Found
vision_push_failed frame_id=mock-video-2555 error=HTTP Error 404: Not Found
vision_push_failed frame_id=mock-video-2556 error=HTTP Error 404: Not Found
vision_push_failed frame_id=mock-video-2557 error=HTTP Error 404: Not Found
vision_push_failed frame_id=mock-video-2558 error=HTTP Error 404: Not Found
vision_push_failed frame_id=mock-video-2559 error=HTTP Error 404: Not Found
vision_push_failed frame_id=mock-video-2560 error=HTTP Error 404: Not Found
vision_push_failed frame_id=mock-video-2561 error=HTTP Error 404: Not Found
vision_push_failed frame_id=mock-video-2562 error=HTTP Error 404: Not Found
vision_push_failed frame_id=mock-video-2563 error=HTTP Error 404: Not Found
vision_push_failed frame_id=mock-video-2564 error=HTTP Error 404: Not Found
vision_push_failed frame_id=mock-video-2565 error=HTTP Error 404: Not Found
vision_push_failed frame_id=mock-video-2566 error=HTTP Error 404: Not Found
vision_push_failed frame_id=mock-video-2567 error=HTTP Error 404: Not Found
vision_push_failed frame_id=mock-video-2568 error=HTTP Error 404: Not Found
vision_push_failed frame_id=mock-video-2569 error=HTTP Error 404: Not Found
vision_push_failed frame_id=mock-video-2570 error=HTTP Error 404: Not Found
vision_push_failed frame_id=mock-video-2571 error=HTTP Error 404: Not Found
vision_push_failed frame_id=mock-video-2572 error=HTTP Error 404: Not Found
vision_push_failed frame_id=mock-video-2573 error=HTTP Error 404: Not Found
vision_push_failed frame_id=mock-video-2574 error=HTTP Error 404: Not Found
vision_push_failed frame_id=mock-video-2575 error=HTTP Error 404: Not Found
vision_push_failed frame_id=mock-video-2576 error=HTTP Error 404: Not Found
vision_push_failed frame_id=mock-video-2577 error=HTTP Error 404: Not Found
vision_push_failed frame_id=mock-video-2578 error=HTTP Error 404: Not Found
vision_push_failed frame_id=mock-video-2579 error=HTTP Error 404: Not Found
vision_push_failed frame_id=mock-video-2580 error=HTTP Error 404: Not Found
vision_push_failed frame_id=mock-video-2581 error=HTTP Error 404: Not Found
vision_push_failed frame_id=mock-video-2582 error=HTTP Error 404: Not Found
vision_push_failed frame_id=mock-video-2583 error=HTTP Error 404: Not Found
vision_push_failed frame_id=mock-video-2584 error=HTTP Error 404: Not Found
vision_push_failed frame_id=mock-video-2585 error=HTTP Error 404: Not Found
vision_push_failed frame_id=mock-video-2586 error=HTTP Error 404: Not Found
vision_push_failed frame_id=mock-video-2587 error=HTTP Error 404: Not Found
vision_push_failed frame_id=mock-video-2588 error=HTTP Error 404: Not Found
vision_push_failed frame_id=mock-video-2589 error=HTTP Error 404: Not Found
vision_push_failed frame_id=mock-video-2590 error=HTTP Error 404: Not Found
vision_push_failed frame_id=mock-video-2591 error=HTTP Error 404: Not Found
vision_push_failed frame_id=mock-video-2592 error=HTTP Error 404: Not Found
vision_push_failed frame_id=mock-video-2593 error=HTTP Error 404: Not Found
vision_push_failed frame_id=mock-video-2594 error=HTTP Error 404: Not Found
vision_push_failed frame_id=mock-video-2595 error=HTTP Error 404: Not Found
vision_push_failed frame_id=mock-video-2596 error=HTTP Error 404: Not Found
vision_push_failed frame_id=mock-video-2597 error=HTTP Error 404: Not Found
vision_push_failed frame_id=mock-video-2598 error=HTTP Error 404: Not Found
vision_push_failed frame_id=mock-video-2599 error=HTTP Error 404: Not Found
vision_push_failed frame_id=mock-video-2600 error=HTTP Error 404: Not Found
vision_push_failed frame_id=mock-video-2601 error=HTTP Error 404: Not Found
vision_push_failed frame_id=mock-video-2602 error=HTTP Error 404: Not Found
vision_push_failed frame_id=mock-video-2603 error=HTTP Error 404: Not Found
vision_push_failed frame_id=mock-video-2604 error=HTTP Error 404: Not Found
vision_push_failed frame_id=mock-video-2605 error=HTTP Error 404: Not Found
vision_push_failed frame_id=mock-video-2606 error=HTTP Error 404: Not Found
vision_push_failed frame_id=mock-video-2607 error=HTTP Error 404: Not Found
vision_push_failed frame_id=mock-video-2608 error=HTTP Error 404: Not Found
vision_push_failed frame_id=mock-video-2609 error=HTTP Error 404: Not Found
vision_push_failed frame_id=mock-video-2610 error=HTTP Error 404: Not Found
vision_push_failed frame_id=mock-video-2611 error=HTTP Error 404: Not Found
vision_push_failed frame_id=mock-video-2612 error=HTTP Error 404: Not Found
vision_push_failed frame_id=mock-video-2613 error=HTTP Error 404: Not Found
vision_push_failed frame_id=mock-video-2614 error=HTTP Error 404: Not Found
vision_push_failed frame_id=mock-video-2615 error=HTTP Error 404: Not Found
vision_push_failed frame_id=mock-video-2616 error=HTTP Error 404: Not Found
vision_push_failed frame_id=mock-video-2617 error=HTTP Error 404: Not Found
vision_push_failed frame_id=mock-video-2618 error=HTTP Error 404: Not Found
vision_push_failed frame_id=mock-video-2619 error=HTTP Error 404: Not Found
vision_push_failed frame_id=mock-video-2620 error=HTTP Error 404: Not Found
vision_push_failed frame_id=mock-video-2621 error=HTTP Error 404: Not Found
vision_push_failed frame_id=mock-video-2622 error=HTTP Error 404: Not Found
vision_push_failed frame_id=mock-video-2623 error=HTTP Error 404: Not Found
vision_push_failed frame_id=mock-video-2624 error=HTTP Error 404: Not Found
vision_push_failed frame_id=mock-video-2625 error=HTTP Error 404: Not Found
vision_push_failed frame_id=mock-video-2626 error=HTTP Error 404: Not Found
vision_push_failed frame_id=mock-video-2627 error=HTTP Error 404: Not Found
vision_push_failed frame_id=mock-video-2628 error=HTTP Error 404: Not Found
vision_push_failed frame_id=mock-video-2629 error=HTTP Error 404: Not Found
vision_push_failed frame_id=mock-video-2630 error=HTTP Error 404: Not Found
vision_push_failed frame_id=mock-video-2631 error=HTTP Error 404: Not Found
vision_push_failed frame_id=mock-video-2632 error=HTTP Error 404: Not Found
vision_push_failed frame_id=mock-video-2633 error=HTTP Error 404: Not Found
vision_push_failed frame_id=mock-video-2634 error=HTTP Error 404: Not Found
vision_push_failed frame_id=mock-video-2635 error=HTTP Error 404: Not Found
vision_push_failed frame_id=mock-video-2636 error=HTTP Error 404: Not Found
vision_push_failed frame_id=mock-video-2637 error=HTTP Error 404: Not Found
vision_push_failed frame_id=mock-video-2638 error=HTTP Error 404: Not Found
vision_push_failed frame_id=mock-video-2639 error=HTTP Error 404: Not Found
vision_push_failed frame_id=mock-video-2640 error=HTTP Error 404: Not Found
vision_push_failed frame_id=mock-video-2641 error=HTTP Error 404: Not Found
vision_push_failed frame_id=mock-video-2642 error=HTTP Error 404: Not Found
vision_push_failed frame_id=mock-video-2643 error=HTTP Error 404: Not Found
vision_push_failed frame_id=mock-video-2644 error=HTTP Error 404: Not Found
vision_push_failed frame_id=mock-video-2645 error=HTTP Error 404: Not Found
vision_push_failed frame_id=mock-video-2646 error=HTTP Error 404: Not Found
vision_push_failed frame_id=mock-video-2647 error=HTTP Error 404: Not Found
vision_push_failed frame_id=mock-video-2648 error=HTTP Error 404: Not Found
vision_push_failed frame_id=mock-video-2649 error=HTTP Error 404: Not Found
vision_push_failed frame_id=mock-video-2650 error=HTTP Error 404: Not Found
vision_push_failed frame_id=mock-video-2651 error=HTTP Error 404: Not Found
vision_push_failed frame_id=mock-video-2652 error=HTTP Error 404: Not Found
vision_push_failed frame_id=mock-video-2653 error=HTTP Error 404: Not Found
vision_push_failed frame_id=mock-video-2654 error=HTTP Error 404: Not Found
vision_push_failed frame_id=mock-video-2655 error=HTTP Error 404: Not Found
vision_push_failed frame_id=mock-video-2656 error=HTTP Error 404: Not Found
vision_push_failed frame_id=mock-video-2657 error=HTTP Error 404: Not Found
vision_push_failed frame_id=mock-video-2658 error=HTTP Error 404: Not Found
vision_push_failed frame_id=mock-video-2659 error=HTTP Error 404: Not Found
vision_push_failed frame_id=mock-video-2660 error=HTTP Error 404: Not Found
vision_push_failed frame_id=mock-video-2661 error=HTTP Error 404: Not Found
vision_push_failed frame_id=mock-video-2662 error=HTTP Error 404: Not Found
vision_push_failed frame_id=mock-video-2663 error=HTTP Error 404: Not Found
vision_push_failed frame_id=mock-video-2664 error=HTTP Error 404: Not Found
vision_push_failed frame_id=mock-video-2665 error=HTTP Error 404: Not Found
vision_push_failed frame_id=mock-video-2666 error=HTTP Error 404: Not Found
vision_push_failed frame_id=mock-video-2667 error=HTTP Error 404: Not Found
vision_push_failed frame_id=mock-video-2668 error=HTTP Error 404: Not Found
vision_push_failed frame_id=mock-video-2669 error=HTTP Error 404: Not Found
vision_push_failed frame_id=mock-video-2670 error=HTTP Error 404: Not Found
vision_push_failed frame_id=mock-video-2671 error=HTTP Error 404: Not Found
vision_push_failed frame_id=mock-video-2672 error=HTTP Error 404: Not Found
vision_push_failed frame_id=mock-video-2673 error=HTTP Error 404: Not Found
vision_push_failed frame_id=mock-video-2674 error=HTTP Error 404: Not Found
vision_push_failed frame_id=mock-video-2675 error=HTTP Error 404: Not Found
vision_push_failed frame_id=mock-video-2676 error=HTTP Error 404: Not Found
vision_push_failed frame_id=mock-video-2677 error=HTTP Error 404: Not Found
vision_push_failed frame_id=mock-video-2678 error=HTTP Error 404: Not Found
vision_push_failed frame_id=mock-video-2679 error=HTTP Error 404: Not Found
vision_push_failed frame_id=mock-video-2680 error=HTTP Error 404: Not Found
vision_push_failed frame_id=mock-video-2681 error=HTTP Error 404: Not Found
vision_push_failed frame_id=mock-video-2682 error=HTTP Error 404: Not Found
vision_push_failed frame_id=mock-video-2683 error=HTTP Error 404: Not Found
vision_push_failed frame_id=mock-video-2684 error=HTTP Error 404: Not Found
vision_push_failed frame_id=mock-video-2685 error=HTTP Error 404: Not Found
vision_push_failed frame_id=mock-video-2686 error=HTTP Error 404: Not Found
vision_push_failed frame_id=mock-video-2687 error=HTTP Error 404: Not Found
vision_push_failed frame_id=mock-video-2688 error=HTTP Error 404: Not Found
vision_push_failed frame_id=mock-video-2689 error=HTTP Error 404: Not Found
vision_push_failed frame_id=mock-video-2690 error=HTTP Error 404: Not Found
vision_push_failed frame_id=mock-video-2691 error=HTTP Error 404: Not Found
vision_push_failed frame_id=mock-video-2692 error=HTTP Error 404: Not Found
vision_push_failed frame_id=mock-video-2693 error=HTTP Error 404: Not Found
vision_push_failed frame_id=mock-video-2694 error=HTTP Error 404: Not Found
vision_push_failed frame_id=mock-video-2695 error=HTTP Error 404: Not Found
vision_push_failed frame_id=mock-video-2696 error=HTTP Error 404: Not Found
vision_push_failed frame_id=mock-video-2697 error=HTTP Error 404: Not Found
vision_push_failed frame_id=mock-video-2698 error=HTTP Error 404: Not Found
vision_push_failed frame_id=mock-video-2699 error=HTTP Error 404: Not Found
vision_push_failed frame_id=mock-video-2700 error=HTTP Error 404: Not Found
vision_push_failed frame_id=mock-video-2701 error=HTTP Error 404: Not Found
vision_push_failed frame_id=mock-video-2702 error=HTTP Error 404: Not Found
vision_push_failed frame_id=mock-video-2703 error=HTTP Error 404: Not Found
vision_push_failed frame_id=mock-video-2704 error=HTTP Error 404: Not Found
vision_push_failed frame_id=mock-video-2705 error=HTTP Error 404: Not Found
vision_push_failed frame_id=mock-video-2706 error=HTTP Error 404: Not Found
vision_push_failed frame_id=mock-video-2707 error=HTTP Error 404: Not Found
vision_push_failed frame_id=mock-video-2708 error=HTTP Error 404: Not Found
vision_push_failed frame_id=mock-video-2709 error=HTTP Error 404: Not Found
vision_push_failed frame_id=mock-video-2710 error=HTTP Error 404: Not Found
vision_push_failed frame_id=mock-video-2711 error=HTTP Error 404: Not Found
vision_push_failed frame_id=mock-video-2712 error=HTTP Error 404: Not Found
vision_push_failed frame_id=mock-video-2713 error=HTTP Error 404: Not Found
vision_push_failed frame_id=mock-video-2714 error=HTTP Error 404: Not Found
vision_push_failed frame_id=mock-video-2715 error=HTTP Error 404: Not Found
vision_push_failed frame_id=mock-video-2716 error=HTTP Error 404: Not Found
vision_push_failed frame_id=mock-video-2717 error=HTTP Error 404: Not Found
vision_push_failed frame_id=mock-video-2718 error=HTTP Error 404: Not Found
vision_push_failed frame_id=mock-video-2719 error=HTTP Error 404: Not Found
vision_push_failed frame_id=mock-video-2720 error=HTTP Error 404: Not Found
vision_push_failed frame_id=mock-video-2721 error=HTTP Error 404: Not Found
vision_push_failed frame_id=mock-video-2722 error=HTTP Error 404: Not Found
vision_push_failed frame_id=mock-video-2723 error=HTTP Error 404: Not Found
vision_push_failed frame_id=mock-video-2724 error=HTTP Error 404: Not Found
vision_push_failed frame_id=mock-video-2725 error=HTTP Error 404: Not Found
vision_push_failed frame_id=mock-video-2726 error=HTTP Error 404: Not Found
vision_push_failed frame_id=mock-video-2727 error=HTTP Error 404: Not Found
vision_push_failed frame_id=mock-video-2728 error=HTTP Error 404: Not Found
vision_push_failed frame_id=mock-video-2729 error=HTTP Error 404: Not Found
vision_push_failed frame_id=mock-video-2730 error=HTTP Error 404: Not Found
vision_push_failed frame_id=mock-video-2731 error=HTTP Error 404: Not Found
vision_push_failed frame_id=mock-video-2732 error=HTTP Error 404: Not Found
vision_push_failed frame_id=mock-video-2733 error=HTTP Error 404: Not Found
vision_push_failed frame_id=mock-video-2734 error=HTTP Error 404: Not Found
vision_push_failed frame_id=mock-video-2735 error=HTTP Error 404: Not Found
vision_push_failed frame_id=mock-video-2736 error=HTTP Error 404: Not Found
vision_push_failed frame_id=mock-video-2737 error=HTTP Error 404: Not Found
vision_push_failed frame_id=mock-video-2738 error=HTTP Error 404: Not Found
vision_push_failed frame_id=mock-video-2739 error=HTTP Error 404: Not Found
vision_push_failed frame_id=mock-video-2740 error=HTTP Error 404: Not Found
vision_push_failed frame_id=mock-video-2741 error=HTTP Error 404: Not Found
vision_push_failed frame_id=mock-video-2742 error=HTTP Error 404: Not Found
vision_push_failed frame_id=mock-video-2743 error=HTTP Error 404: Not Found
vision_push_failed frame_id=mock-video-2744 error=HTTP Error 404: Not Found
vision_push_failed frame_id=mock-video-2745 error=HTTP Error 404: Not Found
vision_push_failed frame_id=mock-video-2746 error=HTTP Error 404: Not Found
vision_push_failed frame_id=mock-video-2747 error=HTTP Error 404: Not Found
vision_push_failed frame_id=mock-video-2748 error=HTTP Error 404: Not Found
vision_push_failed frame_id=mock-video-2749 error=HTTP Error 404: Not Found
vision_push_failed frame_id=mock-video-2750 error=HTTP Error 404: Not Found
vision_push_failed frame_id=mock-video-2751 error=HTTP Error 404: Not Found
vision_push_failed frame_id=mock-video-2752 error=HTTP Error 404: Not Found
vision_push_failed frame_id=mock-video-2753 error=HTTP Error 404: Not Found
vision_push_failed frame_id=mock-video-2754 error=HTTP Error 404: Not Found
vision_push_failed frame_id=mock-video-2755 error=HTTP Error 404: Not Found
vision_push_failed frame_id=mock-video-2756 error=HTTP Error 404: Not Found
vision_push_failed frame_id=mock-video-2757 error=HTTP Error 404: Not Found
vision_push_failed frame_id=mock-video-2758 error=HTTP Error 404: Not Found
vision_push_failed frame_id=mock-video-2759 error=HTTP Error 404: Not Found
vision_push_failed frame_id=mock-video-2760 error=HTTP Error 404: Not Found
vision_push_failed frame_id=mock-video-2761 error=HTTP Error 404: Not Found
vision_push_failed frame_id=mock-video-2762 error=HTTP Error 404: Not Found
vision_push_failed frame_id=mock-video-2763 error=HTTP Error 404: Not Found
vision_push_failed frame_id=mock-video-2764 error=HTTP Error 404: Not Found
vision_push_failed frame_id=mock-video-2765 error=HTTP Error 404: Not Found
vision_push_failed frame_id=mock-video-2766 error=HTTP Error 404: Not Found
vision_push_failed frame_id=mock-video-2767 error=HTTP Error 404: Not Found
vision_push_failed frame_id=mock-video-2768 error=HTTP Error 404: Not Found
vision_push_failed frame_id=mock-video-2769 error=HTTP Error 404: Not Found
vision_push_failed frame_id=mock-video-2770 error=HTTP Error 404: Not Found
vision_push_failed frame_id=mock-video-2771 error=HTTP Error 404: Not Found
vision_push_failed frame_id=mock-video-2772 error=HTTP Error 404: Not Found
vision_push_failed frame_id=mock-video-2773 error=HTTP Error 404: Not Found
vision_push_failed frame_id=mock-video-2774 error=HTTP Error 404: Not Found
vision_push_failed frame_id=mock-video-2775 error=HTTP Error 404: Not Found
vision_push_failed frame_id=mock-video-2776 error=HTTP Error 404: Not Found
vision_push_failed frame_id=mock-video-2777 error=HTTP Error 404: Not Found
vision_push_failed frame_id=mock-video-2778 error=HTTP Error 404: Not Found
vision_push_failed frame_id=mock-video-2779 error=HTTP Error 404: Not Found
vision_push_failed frame_id=mock-video-2780 error=HTTP Error 404: Not Found
vision_push_failed frame_id=mock-video-2781 error=HTTP Error 404: Not Found
vision_push_failed frame_id=mock-video-2782 error=HTTP Error 404: Not Found
vision_push_failed frame_id=mock-video-2783 error=HTTP Error 404: Not Found
vision_push_failed frame_id=mock-video-2784 error=HTTP Error 404: Not Found
vision_push_failed frame_id=mock-video-2785 error=HTTP Error 404: Not Found
vision_push_failed frame_id=mock-video-2786 error=HTTP Error 404: Not Found
vision_push_failed frame_id=mock-video-2787 error=HTTP Error 404: Not Found
vision_push_failed frame_id=mock-video-2788 error=HTTP Error 404: Not Found
vision_push_failed frame_id=mock-video-2789 error=HTTP Error 404: Not Found
vision_push_failed frame_id=mock-video-2790 error=HTTP Error 404: Not Found
vision_push_failed frame_id=mock-video-2791 error=HTTP Error 404: Not Found
vision_push_failed frame_id=mock-video-2792 error=HTTP Error 404: Not Found
vision_push_failed frame_id=mock-video-2793 error=HTTP Error 404: Not Found
vision_push_failed frame_id=mock-video-2794 error=HTTP Error 404: Not Found
vision_push_failed frame_id=mock-video-2795 error=HTTP Error 404: Not Found
vision_push_failed frame_id=mock-video-2796 error=HTTP Error 404: Not Found
vision_push_failed frame_id=mock-video-2797 error=HTTP Error 404: Not Found
vision_push_failed frame_id=mock-video-2798 error=HTTP Error 404: Not Found
vision_push_failed frame_id=mock-video-2799 error=HTTP Error 404: Not Found
vision_push_failed frame_id=mock-video-2800 error=HTTP Error 404: Not Found
vision_push_failed frame_id=mock-video-2801 error=HTTP Error 404: Not Found
vision_push_failed frame_id=mock-video-2802 error=HTTP Error 404: Not Found
vision_push_failed frame_id=mock-video-2803 error=HTTP Error 404: Not Found
vision_push_failed frame_id=mock-video-2804 error=HTTP Error 404: Not Found
vision_push_failed frame_id=mock-video-2805 error=HTTP Error 404: Not Found
vision_push_failed frame_id=mock-video-2806 error=HTTP Error 404: Not Found
vision_push_failed frame_id=mock-video-2807 error=HTTP Error 404: Not Found
vision_push_failed frame_id=mock-video-2808 error=HTTP Error 404: Not Found
vision_push_failed frame_id=mock-video-2809 error=HTTP Error 404: Not Found
vision_push_failed frame_id=mock-video-2810 error=HTTP Error 404: Not Found
vision_push_failed frame_id=mock-video-2811 error=HTTP Error 404: Not Found
vision_push_failed frame_id=mock-video-2812 error=HTTP Error 404: Not Found
vision_push_failed frame_id=mock-video-2813 error=HTTP Error 404: Not Found
vision_push_failed frame_id=mock-video-2814 error=HTTP Error 404: Not Found
vision_push_failed frame_id=mock-video-2815 error=HTTP Error 404: Not Found
vision_push_failed frame_id=mock-video-2816 error=HTTP Error 404: Not Found
vision_push_failed frame_id=mock-video-2817 error=HTTP Error 404: Not Found
vision_push_failed frame_id=mock-video-2818 error=HTTP Error 404: Not Found
vision_push_failed frame_id=mock-video-2819 error=HTTP Error 404: Not Found
vision_push_failed frame_id=mock-video-2820 error=HTTP Error 404: Not Found
vision_push_failed frame_id=mock-video-2821 error=HTTP Error 404: Not Found
vision_push_failed frame_id=mock-video-2822 error=HTTP Error 404: Not Found
vision_push_failed frame_id=mock-video-2823 error=HTTP Error 404: Not Found
vision_push_failed frame_id=mock-video-2824 error=HTTP Error 404: Not Found
vision_push_failed frame_id=mock-video-2825 error=HTTP Error 404: Not Found
vision_push_failed frame_id=mock-video-2826 error=HTTP Error 404: Not Found
vision_push_failed frame_id=mock-video-2827 error=HTTP Error 404: Not Found
vision_push_failed frame_id=mock-video-2828 error=HTTP Error 404: Not Found
vision_push_failed frame_id=mock-video-2829 error=HTTP Error 404: Not Found
vision_push_failed frame_id=mock-video-2830 error=HTTP Error 404: Not Found
vision_push_failed frame_id=mock-video-2831 error=HTTP Error 404: Not Found
vision_push_failed frame_id=mock-video-2832 error=HTTP Error 404: Not Found
vision_push_failed frame_id=mock-video-2833 error=HTTP Error 404: Not Found
vision_push_failed frame_id=mock-video-2834 error=HTTP Error 404: Not Found
vision_push_failed frame_id=mock-video-2835 error=HTTP Error 404: Not Found
vision_push_failed frame_id=mock-video-2836 error=HTTP Error 404: Not Found
vision_push_failed frame_id=mock-video-2837 error=HTTP Error 404: Not Found
vision_push_failed frame_id=mock-video-2838 error=HTTP Error 404: Not Found
vision_push_failed frame_id=mock-video-2839 error=HTTP Error 404: Not Found
vision_push_failed frame_id=mock-video-2840 error=HTTP Error 404: Not Found
vision_push_failed frame_id=mock-video-2841 error=HTTP Error 404: Not Found
vision_push_failed frame_id=mock-video-2842 error=HTTP Error 404: Not Found
vision_push_failed frame_id=mock-video-2843 error=HTTP Error 404: Not Found
vision_push_failed frame_id=mock-video-2844 error=HTTP Error 404: Not Found
vision_push_failed frame_id=mock-video-2845 error=HTTP Error 404: Not Found
vision_push_failed frame_id=mock-video-2846 error=HTTP Error 404: Not Found
vision_push_failed frame_id=mock-video-2847 error=HTTP Error 404: Not Found
vision_push_failed frame_id=mock-video-2848 error=HTTP Error 404: Not Found
vision_push_failed frame_id=mock-video-2849 error=HTTP Error 404: Not Found
vision_push_failed frame_id=mock-video-2850 error=HTTP Error 404: Not Found
vision_push_failed frame_id=mock-video-2851 error=HTTP Error 404: Not Found
vision_push_failed frame_id=mock-video-2852 error=HTTP Error 404: Not Found
vision_push_failed frame_id=mock-video-2853 error=HTTP Error 404: Not Found
vision_push_failed frame_id=mock-video-2854 error=HTTP Error 404: Not Found
vision_push_failed frame_id=mock-video-2855 error=HTTP Error 404: Not Found
vision_push_failed frame_id=mock-video-2856 error=HTTP Error 404: Not Found
vision_push_failed frame_id=mock-video-2857 error=HTTP Error 404: Not Found
vision_push_failed frame_id=mock-video-2858 error=HTTP Error 404: Not Found
vision_push_failed frame_id=mock-video-2859 error=HTTP Error 404: Not Found
vision_push_failed frame_id=mock-video-2860 error=<urlopen error timed out>
vision_push_failed frame_id=mock-video-2861 error=HTTP Error 404: Not Found
vision_push_failed frame_id=mock-video-2862 error=HTTP Error 404: Not Found
vision_push_failed frame_id=mock-video-2863 error=HTTP Error 404: Not Found
vision_push_failed frame_id=mock-video-2864 error=HTTP Error 404: Not Found
vision_push_failed frame_id=mock-video-2865 error=HTTP Error 404: Not Found
vision_push_failed frame_id=mock-video-2866 error=HTTP Error 404: Not Found
vision_push_failed frame_id=mock-video-2867 error=HTTP Error 404: Not Found
vision_push_failed frame_id=mock-video-2868 error=HTTP Error 404: Not Found
vision_push_failed frame_id=mock-video-2869 error=HTTP Error 404: Not Found
vision_push_failed frame_id=mock-video-2870 error=HTTP Error 404: Not Found
vision_push_failed frame_id=mock-video-2871 error=HTTP Error 404: Not Found
vision_push_failed frame_id=mock-video-2872 error=HTTP Error 404: Not Found
vision_push_failed frame_id=mock-video-2873 error=HTTP Error 404: Not Found
vision_push_failed frame_id=mock-video-2874 error=HTTP Error 404: Not Found
vision_push_failed frame_id=mock-video-2875 error=HTTP Error 404: Not Found
vision_push_failed frame_id=mock-video-2876 error=HTTP Error 404: Not Found
vision_push_failed frame_id=mock-video-2877 error=<urlopen error timed out>
vision_push_failed frame_id=mock-video-2878 error=<urlopen error timed out>
vision_push_failed frame_id=mock-video-2879 error=HTTP Error 404: Not Found
vision_push_failed frame_id=mock-video-2880 error=HTTP Error 404: Not Found
vision_push_failed frame_id=mock-video-2881 error=<urlopen error timed out>
vision_push_failed frame_id=mock-video-2882 error=HTTP Error 404: Not Found
vision_push_failed frame_id=mock-video-2883 error=HTTP Error 404: Not Found
vision_push_failed frame_id=mock-video-2884 error=HTTP Error 404: Not Found
vision_push_failed frame_id=mock-video-2885 error=HTTP Error 404: Not Found
vision_push_failed frame_id=mock-video-2886 error=HTTP Error 404: Not Found
vision_push_failed frame_id=mock-video-2887 error=HTTP Error 404: Not Found
vision_push_failed frame_id=mock-video-2888 error=HTTP Error 404: Not Found
vision_push_failed frame_id=mock-video-2889 error=HTTP Error 404: Not Found
vision_push_failed frame_id=mock-video-2890 error=HTTP Error 404: Not Found
vision_push_failed frame_id=mock-video-2891 error=HTTP Error 404: Not Found
vision_push_failed frame_id=mock-video-2892 error=HTTP Error 404: Not Found
vision_push_failed frame_id=mock-video-2893 error=HTTP Error 404: Not Found
vision_push_failed frame_id=mock-video-2894 error=HTTP Error 404: Not Found
vision_push_failed frame_id=mock-video-2895 error=HTTP Error 404: Not Found
vision_push_failed frame_id=mock-video-2896 error=HTTP Error 404: Not Found
vision_push_failed frame_id=mock-video-2897 error=HTTP Error 404: Not Found
vision_push_failed frame_id=mock-video-2898 error=HTTP Error 404: Not Found
vision_push_failed frame_id=mock-video-2899 error=HTTP Error 404: Not Found
vision_push_failed frame_id=mock-video-2900 error=HTTP Error 404: Not Found
vision_push_failed frame_id=mock-video-2901 error=HTTP Error 404: Not Found
vision_push_failed frame_id=mock-video-2902 error=HTTP Error 404: Not Found
vision_push_failed frame_id=mock-video-2903 error=HTTP Error 404: Not Found
vision_push_failed frame_id=mock-video-2904 error=HTTP Error 404: Not Found
vision_push_failed frame_id=mock-video-2905 error=HTTP Error 404: Not Found
vision_push_failed frame_id=mock-video-2906 error=HTTP Error 404: Not Found
vision_push_failed frame_id=mock-video-2907 error=HTTP Error 404: Not Found
vision_push_failed frame_id=mock-video-2908 error=HTTP Error 404: Not Found
vision_push_failed frame_id=mock-video-2909 error=HTTP Error 404: Not Found
vision_push_failed frame_id=mock-video-2910 error=HTTP Error 404: Not Found
vision_push_failed frame_id=mock-video-2911 error=HTTP Error 404: Not Found
vision_push_failed frame_id=mock-video-2912 error=HTTP Error 404: Not Found
vision_push_failed frame_id=mock-video-2913 error=HTTP Error 404: Not Found
vision_push_failed frame_id=mock-video-2914 error=HTTP Error 404: Not Found
vision_push_failed frame_id=mock-video-2915 error=HTTP Error 404: Not Found
vision_push_failed frame_id=mock-video-2916 error=HTTP Error 404: Not Found
vision_push_failed frame_id=mock-video-2917 error=HTTP Error 404: Not Found
vision_push_failed frame_id=mock-video-2918 error=HTTP Error 404: Not Found
vision_push_failed frame_id=mock-video-2919 error=HTTP Error 404: Not Found
vision_push_failed frame_id=mock-video-2920 error=HTTP Error 404: Not Found
vision_push_failed frame_id=mock-video-2921 error=HTTP Error 404: Not Found
vision_push_failed frame_id=mock-video-2922 error=HTTP Error 404: Not Found
vision_push_failed frame_id=mock-video-2923 error=HTTP Error 404: Not Found
vision_push_failed frame_id=mock-video-2924 error=HTTP Error 404: Not Found
vision_push_failed frame_id=mock-video-2925 error=HTTP Error 404: Not Found
vision_push_failed frame_id=mock-video-2926 error=HTTP Error 404: Not Found
vision_push_failed frame_id=mock-video-2927 error=HTTP Error 404: Not Found
vision_push_failed frame_id=mock-video-2928 error=HTTP Error 404: Not Found
vision_push_failed frame_id=mock-video-2929 error=HTTP Error 404: Not Found
vision_push_failed frame_id=mock-video-2930 error=HTTP Error 404: Not Found
vision_push_failed frame_id=mock-video-2931 error=HTTP Error 404: Not Found
vision_push_failed frame_id=mock-video-2932 error=HTTP Error 404: Not Found
vision_push_failed frame_id=mock-video-2933 error=HTTP Error 404: Not Found
vision_push_failed frame_id=mock-video-2934 error=HTTP Error 404: Not Found
vision_push_failed frame_id=mock-video-2935 error=HTTP Error 404: Not Found
vision_push_failed frame_id=mock-video-2936 error=HTTP Error 404: Not Found
vision_push_failed frame_id=mock-video-2937 error=HTTP Error 404: Not Found
vision_push_failed frame_id=mock-video-2938 error=HTTP Error 404: Not Found
vision_push_failed frame_id=mock-video-2939 error=HTTP Error 404: Not Found
vision_push_failed frame_id=mock-video-2940 error=HTTP Error 404: Not Found
vision_push_failed frame_id=mock-video-2941 error=HTTP Error 404: Not Found
vision_push_failed frame_id=mock-video-2942 error=HTTP Error 404: Not Found
vision_push_failed frame_id=mock-video-2943 error=HTTP Error 404: Not Found
vision_push_failed frame_id=mock-video-2944 error=HTTP Error 404: Not Found
vision_push_failed frame_id=mock-video-2945 error=HTTP Error 404: Not Found
vision_push_failed frame_id=mock-video-2946 error=HTTP Error 404: Not Found
vision_push_failed frame_id=mock-video-2947 error=HTTP Error 404: Not Found
vision_push_failed frame_id=mock-video-2948 error=HTTP Error 404: Not Found
vision_push_failed frame_id=mock-video-2949 error=HTTP Error 404: Not Found
vision_push_failed frame_id=mock-video-2950 error=HTTP Error 404: Not Found
vision_push_failed frame_id=mock-video-2951 error=HTTP Error 404: Not Found
vision_push_failed frame_id=mock-video-2952 error=HTTP Error 404: Not Found
vision_push_failed frame_id=mock-video-2953 error=HTTP Error 404: Not Found
vision_push_failed frame_id=mock-video-2954 error=HTTP Error 404: Not Found
vision_push_failed frame_id=mock-video-2955 error=HTTP Error 404: Not Found
vision_push_failed frame_id=mock-video-2956 error=HTTP Error 404: Not Found
vision_push_failed frame_id=mock-video-2957 error=HTTP Error 404: Not Found
vision_push_failed frame_id=mock-video-2958 error=HTTP Error 404: Not Found
vision_push_failed frame_id=mock-video-2959 error=HTTP Error 404: Not Found
vision_push_failed frame_id=mock-video-2960 error=HTTP Error 404: Not Found
vision_push_failed frame_id=mock-video-2961 error=HTTP Error 404: Not Found
vision_push_failed frame_id=mock-video-2962 error=HTTP Error 404: Not Found
vision_push_failed frame_id=mock-video-2963 error=HTTP Error 404: Not Found
vision_push_failed frame_id=mock-video-2964 error=HTTP Error 404: Not Found
vision_push_failed frame_id=mock-video-2965 error=HTTP Error 404: Not Found
vision_push_failed frame_id=mock-video-2966 error=HTTP Error 404: Not Found
vision_push_failed frame_id=mock-video-2967 error=HTTP Error 404: Not Found
vision_push_failed frame_id=mock-video-2968 error=HTTP Error 404: Not Found
vision_push_failed frame_id=mock-video-2969 error=HTTP Error 404: Not Found
vision_push_failed frame_id=mock-video-2970 error=HTTP Error 404: Not Found
vision_push_failed frame_id=mock-video-2971 error=HTTP Error 404: Not Found
vision_push_failed frame_id=mock-video-2972 error=HTTP Error 404: Not Found
vision_push_failed frame_id=mock-video-2973 error=HTTP Error 404: Not Found
vision_push_failed frame_id=mock-video-2974 error=HTTP Error 404: Not Found
vision_push_failed frame_id=mock-video-2975 error=HTTP Error 404: Not Found
vision_push_failed frame_id=mock-video-2976 error=HTTP Error 404: Not Found
vision_push_failed frame_id=mock-video-2977 error=HTTP Error 404: Not Found
vision_push_failed frame_id=mock-video-2978 error=HTTP Error 404: Not Found
vision_push_failed frame_id=mock-video-2979 error=HTTP Error 404: Not Found
vision_push_failed frame_id=mock-video-2980 error=HTTP Error 404: Not Found
vision_push_failed frame_id=mock-video-2981 error=HTTP Error 404: Not Found
vision_push_failed frame_id=mock-video-2982 error=HTTP Error 404: Not Found
vision_push_failed frame_id=mock-video-2983 error=HTTP Error 404: Not Found
vision_push_failed frame_id=mock-video-2984 error=HTTP Error 404: Not Found
vision_push_failed frame_id=mock-video-2985 error=HTTP Error 404: Not Found
vision_push_failed frame_id=mock-video-2986 error=HTTP Error 404: Not Found
vision_push_failed frame_id=mock-video-2987 error=HTTP Error 404: Not Found
vision_push_failed frame_id=mock-video-2988 error=HTTP Error 404: Not Found
vision_push_failed frame_id=mock-video-2989 error=HTTP Error 404: Not Found
vision_push_failed frame_id=mock-video-2990 error=HTTP Error 404: Not Found
vision_push_failed frame_id=mock-video-2991 error=HTTP Error 404: Not Found
vision_push_failed frame_id=mock-video-2992 error=HTTP Error 404: Not Found
vision_push_failed frame_id=mock-video-2993 error=HTTP Error 404: Not Found
vision_push_failed frame_id=mock-video-2994 error=HTTP Error 404: Not Found
vision_push_failed frame_id=mock-video-2995 error=HTTP Error 404: Not Found
vision_push_failed frame_id=mock-video-2996 error=HTTP Error 404: Not Found
vision_push_failed frame_id=mock-video-2997 error=HTTP Error 404: Not Found
vision_push_failed frame_id=mock-video-2998 error=HTTP Error 404: Not Found
vision_push_failed frame_id=mock-video-2999 error=HTTP Error 404: Not Found
vision_push_failed frame_id=mock-video-3000 error=HTTP Error 404: Not Found
vision_push_failed frame_id=mock-video-3001 error=HTTP Error 404: Not Found
vision_push_failed frame_id=mock-video-3002 error=HTTP Error 404: Not Found
vision_push_failed frame_id=mock-video-3003 error=HTTP Error 404: Not Found
vision_push_failed frame_id=mock-video-3004 error=HTTP Error 404: Not Found
vision_push_failed frame_id=mock-video-3005 error=HTTP Error 404: Not Found
vision_push_failed frame_id=mock-video-3006 error=HTTP Error 404: Not Found
vision_push_failed frame_id=mock-video-3007 error=HTTP Error 404: Not Found
vision_push_failed frame_id=mock-video-3008 error=HTTP Error 404: Not Found
vision_push_failed frame_id=mock-video-3009 error=HTTP Error 404: Not Found
vision_push_failed frame_id=mock-video-3010 error=HTTP Error 404: Not Found
vision_push_failed frame_id=mock-video-3011 error=HTTP Error 404: Not Found
vision_push_failed frame_id=mock-video-3012 error=HTTP Error 404: Not Found
vision_push_failed frame_id=mock-video-3013 error=HTTP Error 404: Not Found
vision_push_failed frame_id=mock-video-3014 error=HTTP Error 404: Not Found
vision_push_failed frame_id=mock-video-3015 error=HTTP Error 404: Not Found
vision_push_failed frame_id=mock-video-3016 error=HTTP Error 404: Not Found
vision_push_failed frame_id=mock-video-3017 error=HTTP Error 404: Not Found
vision_push_failed frame_id=mock-video-3018 error=HTTP Error 404: Not Found
vision_push_failed frame_id=mock-video-3019 error=HTTP Error 404: Not Found
vision_push_failed frame_id=mock-video-3020 error=HTTP Error 404: Not Found
vision_push_failed frame_id=mock-video-3021 error=HTTP Error 404: Not Found
vision_push_failed frame_id=mock-video-3022 error=HTTP Error 404: Not Found
vision_push_failed frame_id=mock-video-3023 error=HTTP Error 404: Not Found
vision_push_failed frame_id=mock-video-3024 error=HTTP Error 404: Not Found
vision_push_failed frame_id=mock-video-3025 error=HTTP Error 404: Not Found
vision_push_failed frame_id=mock-video-3026 error=HTTP Error 404: Not Found
vision_push_failed frame_id=mock-video-3027 error=HTTP Error 404: Not Found
vision_push_failed frame_id=mock-video-3028 error=HTTP Error 404: Not Found
vision_push_failed frame_id=mock-video-3029 error=HTTP Error 404: Not Found
vision_push_failed frame_id=mock-video-3030 error=HTTP Error 404: Not Found
vision_push_failed frame_id=mock-video-3031 error=HTTP Error 404: Not Found
vision_push_failed frame_id=mock-video-3032 error=HTTP Error 404: Not Found
vision_push_failed frame_id=mock-video-3033 error=HTTP Error 404: Not Found
vision_push_failed frame_id=mock-video-3034 error=HTTP Error 404: Not Found
vision_push_failed frame_id=mock-video-3035 error=HTTP Error 404: Not Found
vision_push_failed frame_id=mock-video-3036 error=HTTP Error 404: Not Found
vision_push_failed frame_id=mock-video-3037 error=HTTP Error 404: Not Found
vision_push_failed frame_id=mock-video-3038 error=HTTP Error 404: Not Found
vision_push_failed frame_id=mock-video-3039 error=HTTP Error 404: Not Found
vision_push_failed frame_id=mock-video-3040 error=HTTP Error 404: Not Found
vision_push_failed frame_id=mock-video-3041 error=HTTP Error 404: Not Found
vision_push_failed frame_id=mock-video-3042 error=HTTP Error 404: Not Found
vision_push_failed frame_id=mock-video-3043 error=HTTP Error 404: Not Found
vision_push_failed frame_id=mock-video-3044 error=HTTP Error 404: Not Found
vision_push_failed frame_id=mock-video-3045 error=HTTP Error 404: Not Found
vision_push_failed frame_id=mock-video-3046 error=HTTP Error 404: Not Found
vision_push_failed frame_id=mock-video-3047 error=HTTP Error 404: Not Found
vision_push_failed frame_id=mock-video-3048 error=HTTP Error 404: Not Found
vision_push_failed frame_id=mock-video-3049 error=HTTP Error 404: Not Found
vision_push_failed frame_id=mock-video-3050 error=<urlopen error timed out>
vision_push_failed frame_id=mock-video-3051 error=HTTP Error 404: Not Found
vision_push_failed frame_id=mock-video-3052 error=HTTP Error 404: Not Found
vision_push_failed frame_id=mock-video-3053 error=HTTP Error 404: Not Found
vision_push_failed frame_id=mock-video-3054 error=HTTP Error 404: Not Found
vision_push_failed frame_id=mock-video-3055 error=HTTP Error 404: Not Found
vision_push_failed frame_id=mock-video-3056 error=HTTP Error 404: Not Found
vision_push_failed frame_id=mock-video-3057 error=HTTP Error 404: Not Found
vision_push_failed frame_id=mock-video-3058 error=HTTP Error 404: Not Found
vision_push_failed frame_id=mock-video-3059 error=HTTP Error 404: Not Found
vision_push_failed frame_id=mock-video-3060 error=HTTP Error 404: Not Found
vision_push_failed frame_id=mock-video-3061 error=HTTP Error 404: Not Found
vision_push_failed frame_id=mock-video-3062 error=HTTP Error 404: Not Found
vision_push_failed frame_id=mock-video-3063 error=HTTP Error 404: Not Found
vision_push_failed frame_id=mock-video-3064 error=HTTP Error 404: Not Found
vision_push_failed frame_id=mock-video-3065 error=HTTP Error 404: Not Found
vision_push_failed frame_id=mock-video-3066 error=HTTP Error 404: Not Found
vision_push_failed frame_id=mock-video-3067 error=HTTP Error 404: Not Found
vision_push_failed frame_id=mock-video-3068 error=HTTP Error 404: Not Found
vision_push_failed frame_id=mock-video-3069 error=HTTP Error 404: Not Found
vision_push_failed frame_id=mock-video-3070 error=HTTP Error 404: Not Found
vision_push_failed frame_id=mock-video-3071 error=HTTP Error 404: Not Found
vision_push_failed frame_id=mock-video-3072 error=HTTP Error 404: Not Found
vision_push_failed frame_id=mock-video-3073 error=HTTP Error 404: Not Found
vision_push_failed frame_id=mock-video-3074 error=HTTP Error 404: Not Found
vision_push_failed frame_id=mock-video-3075 error=HTTP Error 404: Not Found
vision_push_failed frame_id=mock-video-3076 error=HTTP Error 404: Not Found
vision_push_failed frame_id=mock-video-3077 error=HTTP Error 404: Not Found
vision_push_failed frame_id=mock-video-3078 error=HTTP Error 404: Not Found
vision_push_failed frame_id=mock-video-3079 error=HTTP Error 404: Not Found
vision_push_failed frame_id=mock-video-3080 error=HTTP Error 404: Not Found
vision_push_failed frame_id=mock-video-3081 error=HTTP Error 404: Not Found
vision_push_failed frame_id=mock-video-3082 error=HTTP Error 404: Not Found
vision_push_failed frame_id=mock-video-3083 error=HTTP Error 404: Not Found
vision_push_failed frame_id=mock-video-3084 error=HTTP Error 404: Not Found
vision_push_failed frame_id=mock-video-3085 error=HTTP Error 404: Not Found
vision_push_failed frame_id=mock-video-3086 error=HTTP Error 404: Not Found
vision_push_failed frame_id=mock-video-3087 error=HTTP Error 404: Not Found
vision_push_failed frame_id=mock-video-3088 error=HTTP Error 404: Not Found
vision_push_failed frame_id=mock-video-3089 error=HTTP Error 404: Not Found
vision_push_failed frame_id=mock-video-3090 error=HTTP Error 404: Not Found
vision_push_failed frame_id=mock-video-3091 error=HTTP Error 404: Not Found
vision_push_failed frame_id=mock-video-3092 error=HTTP Error 404: Not Found
vision_push_failed frame_id=mock-video-3093 error=HTTP Error 404: Not Found
vision_push_failed frame_id=mock-video-3094 error=HTTP Error 404: Not Found
vision_push_failed frame_id=mock-video-3095 error=HTTP Error 404: Not Found
vision_push_failed frame_id=mock-video-3096 error=HTTP Error 404: Not Found
vision_push_failed frame_id=mock-video-3097 error=HTTP Error 404: Not Found
vision_push_failed frame_id=mock-video-3098 error=HTTP Error 404: Not Found
vision_push_failed frame_id=mock-video-3099 error=HTTP Error 404: Not Found
vision_push_failed frame_id=mock-video-3100 error=HTTP Error 404: Not Found
vision_push_failed frame_id=mock-video-3101 error=HTTP Error 404: Not Found
vision_push_failed frame_id=mock-video-3102 error=HTTP Error 404: Not Found
vision_push_failed frame_id=mock-video-3103 error=HTTP Error 404: Not Found
vision_push_failed frame_id=mock-video-3104 error=HTTP Error 404: Not Found
vision_push_failed frame_id=mock-video-3105 error=HTTP Error 404: Not Found
vision_push_failed frame_id=mock-video-3106 error=HTTP Error 404: Not Found
vision_push_failed frame_id=mock-video-3107 error=HTTP Error 404: Not Found
vision_push_failed frame_id=mock-video-3108 error=HTTP Error 404: Not Found
vision_push_failed frame_id=mock-video-3109 error=HTTP Error 404: Not Found
vision_push_failed frame_id=mock-video-3110 error=HTTP Error 404: Not Found
vision_push_failed frame_id=mock-video-3111 error=HTTP Error 404: Not Found
vision_push_failed frame_id=mock-video-3112 error=HTTP Error 404: Not Found
vision_push_failed frame_id=mock-video-3113 error=HTTP Error 404: Not Found
vision_push_failed frame_id=mock-video-3114 error=HTTP Error 404: Not Found
vision_push_failed frame_id=mock-video-3115 error=HTTP Error 404: Not Found
vision_push_failed frame_id=mock-video-3116 error=HTTP Error 404: Not Found
vision_push_failed frame_id=mock-video-3117 error=HTTP Error 404: Not Found
vision_push_failed frame_id=mock-video-3118 error=HTTP Error 404: Not Found
vision_push_failed frame_id=mock-video-3119 error=HTTP Error 404: Not Found
vision_push_failed frame_id=mock-video-3120 error=HTTP Error 404: Not Found
vision_push_failed frame_id=mock-video-3121 error=HTTP Error 404: Not Found
vision_push_failed frame_id=mock-video-3122 error=HTTP Error 404: Not Found
vision_push_failed frame_id=mock-video-3123 error=HTTP Error 404: Not Found
vision_push_failed frame_id=mock-video-3124 error=HTTP Error 404: Not Found
vision_push_failed frame_id=mock-video-3125 error=HTTP Error 404: Not Found
vision_push_failed frame_id=mock-video-3126 error=HTTP Error 404: Not Found
vision_push_failed frame_id=mock-video-3127 error=HTTP Error 404: Not Found
vision_push_failed frame_id=mock-video-3128 error=HTTP Error 404: Not Found
vision_push_failed frame_id=mock-video-3129 error=HTTP Error 404: Not Found
vision_push_failed frame_id=mock-video-3130 error=HTTP Error 404: Not Found
vision_push_failed frame_id=mock-video-3131 error=HTTP Error 404: Not Found
vision_push_failed frame_id=mock-video-3132 error=HTTP Error 404: Not Found
vision_push_failed frame_id=mock-video-3133 error=HTTP Error 404: Not Found
vision_push_failed frame_id=mock-video-3134 error=HTTP Error 404: Not Found
vision_push_failed frame_id=mock-video-3135 error=HTTP Error 404: Not Found
vision_push_failed frame_id=mock-video-3136 error=HTTP Error 404: Not Found
vision_push_failed frame_id=mock-video-3137 error=HTTP Error 404: Not Found
vision_push_failed frame_id=mock-video-3138 error=HTTP Error 404: Not Found
vision_push_failed frame_id=mock-video-3139 error=HTTP Error 404: Not Found
vision_push_failed frame_id=mock-video-3140 error=HTTP Error 404: Not Found
vision_push_failed frame_id=mock-video-3141 error=HTTP Error 404: Not Found
vision_push_failed frame_id=mock-video-3142 error=HTTP Error 404: Not Found
vision_push_failed frame_id=mock-video-3143 error=HTTP Error 404: Not Found
vision_push_failed frame_id=mock-video-3144 error=HTTP Error 404: Not Found
vision_push_failed frame_id=mock-video-3145 error=HTTP Error 404: Not Found
vision_push_failed frame_id=mock-video-3146 error=HTTP Error 404: Not Found
vision_push_failed frame_id=mock-video-3147 error=HTTP Error 404: Not Found
vision_push_failed frame_id=mock-video-3148 error=HTTP Error 404: Not Found
vision_push_failed frame_id=mock-video-3149 error=HTTP Error 404: Not Found
vision_push_failed frame_id=mock-video-3150 error=HTTP Error 404: Not Found
vision_push_failed frame_id=mock-video-3151 error=HTTP Error 404: Not Found
vision_push_failed frame_id=mock-video-3152 error=HTTP Error 404: Not Found
vision_push_failed frame_id=mock-video-3153 error=HTTP Error 404: Not Found
vision_push_failed frame_id=mock-video-3154 error=HTTP Error 404: Not Found
vision_push_failed frame_id=mock-video-3155 error=HTTP Error 404: Not Found
vision_push_failed frame_id=mock-video-3156 error=HTTP Error 404: Not Found
vision_push_failed frame_id=mock-video-3157 error=HTTP Error 404: Not Found
vision_push_failed frame_id=mock-video-3158 error=HTTP Error 404: Not Found
vision_push_failed frame_id=mock-video-3159 error=HTTP Error 404: Not Found
vision_push_failed frame_id=mock-video-3160 error=HTTP Error 404: Not Found
vision_push_failed frame_id=mock-video-3161 error=HTTP Error 404: Not Found
vision_push_failed frame_id=mock-video-3162 error=HTTP Error 404: Not Found
vision_push_failed frame_id=mock-video-3163 error=HTTP Error 404: Not Found
vision_push_failed frame_id=mock-video-3164 error=HTTP Error 404: Not Found
vision_push_failed frame_id=mock-video-3165 error=HTTP Error 404: Not Found
vision_push_failed frame_id=mock-video-3166 error=HTTP Error 404: Not Found
vision_push_failed frame_id=mock-video-3167 error=HTTP Error 404: Not Found
vision_push_failed frame_id=mock-video-3168 error=HTTP Error 404: Not Found
vision_push_failed frame_id=mock-video-3169 error=HTTP Error 404: Not Found
vision_push_failed frame_id=mock-video-3170 error=HTTP Error 404: Not Found
vision_push_failed frame_id=mock-video-3171 error=HTTP Error 404: Not Found
vision_push_failed frame_id=mock-video-3172 error=HTTP Error 404: Not Found
vision_push_failed frame_id=mock-video-3173 error=HTTP Error 404: Not Found
vision_push_failed frame_id=mock-video-3174 error=HTTP Error 404: Not Found
vision_push_failed frame_id=mock-video-3175 error=HTTP Error 404: Not Found
vision_push_failed frame_id=mock-video-3176 error=HTTP Error 404: Not Found
vision_push_failed frame_id=mock-video-3177 error=HTTP Error 404: Not Found
vision_push_failed frame_id=mock-video-3178 error=HTTP Error 404: Not Found
vision_push_failed frame_id=mock-video-3179 error=HTTP Error 404: Not Found
vision_push_failed frame_id=mock-video-3180 error=HTTP Error 404: Not Found
vision_push_failed frame_id=mock-video-3181 error=HTTP Error 404: Not Found
vision_push_failed frame_id=mock-video-3182 error=HTTP Error 404: Not Found
vision_push_failed frame_id=mock-video-3183 error=HTTP Error 404: Not Found
vision_push_failed frame_id=mock-video-3184 error=HTTP Error 404: Not Found
vision_push_failed frame_id=mock-video-3185 error=HTTP Error 404: Not Found
vision_push_failed frame_id=mock-video-3186 error=HTTP Error 404: Not Found
vision_push_failed frame_id=mock-video-3187 error=HTTP Error 404: Not Found
vision_push_failed frame_id=mock-video-3188 error=HTTP Error 404: Not Found
vision_push_failed frame_id=mock-video-3189 error=HTTP Error 404: Not Found
vision_push_failed frame_id=mock-video-3190 error=HTTP Error 404: Not Found
vision_push_failed frame_id=mock-video-3191 error=HTTP Error 404: Not Found
vision_push_failed frame_id=mock-video-3192 error=HTTP Error 404: Not Found
vision_push_failed frame_id=mock-video-3193 error=HTTP Error 404: Not Found
vision_push_failed frame_id=mock-video-3194 error=HTTP Error 404: Not Found
vision_push_failed frame_id=mock-video-3195 error=HTTP Error 404: Not Found
vision_push_failed frame_id=mock-video-3196 error=HTTP Error 404: Not Found
vision_push_failed frame_id=mock-video-3197 error=HTTP Error 404: Not Found
vision_push_failed frame_id=mock-video-3198 error=HTTP Error 404: Not Found
vision_push_failed frame_id=mock-video-3199 error=HTTP Error 404: Not Found
vision_push_failed frame_id=mock-video-3200 error=HTTP Error 404: Not Found
vision_push_failed frame_id=mock-video-3201 error=HTTP Error 404: Not Found
vision_push_failed frame_id=mock-video-3202 error=HTTP Error 404: Not Found
vision_push_failed frame_id=mock-video-3203 error=HTTP Error 404: Not Found
vision_push_failed frame_id=mock-video-3204 error=HTTP Error 404: Not Found
vision_push_failed frame_id=mock-video-3205 error=HTTP Error 404: Not Found
vision_push_failed frame_id=mock-video-3206 error=HTTP Error 404: Not Found
vision_push_failed frame_id=mock-video-3207 error=HTTP Error 404: Not Found
vision_push_failed frame_id=mock-video-3208 error=HTTP Error 404: Not Found
vision_push_failed frame_id=mock-video-3209 error=HTTP Error 404: Not Found
vision_push_failed frame_id=mock-video-3210 error=HTTP Error 404: Not Found
vision_push_failed frame_id=mock-video-3211 error=HTTP Error 404: Not Found
vision_push_failed frame_id=mock-video-3212 error=HTTP Error 404: Not Found
vision_push_failed frame_id=mock-video-3213 error=HTTP Error 404: Not Found
vision_push_failed frame_id=mock-video-3214 error=HTTP Error 404: Not Found
vision_push_failed frame_id=mock-video-3215 error=HTTP Error 404: Not Found
vision_push_failed frame_id=mock-video-3216 error=HTTP Error 404: Not Found
vision_push_failed frame_id=mock-video-3217 error=HTTP Error 404: Not Found
vision_push_failed frame_id=mock-video-3218 error=HTTP Error 404: Not Found
vision_push_failed frame_id=mock-video-3219 error=HTTP Error 404: Not Found
vision_push_failed frame_id=mock-video-3220 error=HTTP Error 404: Not Found
vision_push_failed frame_id=mock-video-3221 error=HTTP Error 404: Not Found
vision_push_failed frame_id=mock-video-3222 error=HTTP Error 404: Not Found
vision_push_failed frame_id=mock-video-3223 error=HTTP Error 404: Not Found
vision_push_failed frame_id=mock-video-3224 error=HTTP Error 404: Not Found
vision_push_failed frame_id=mock-video-3225 error=HTTP Error 404: Not Found
vision_push_failed frame_id=mock-video-3226 error=HTTP Error 404: Not Found
vision_push_failed frame_id=mock-video-3227 error=HTTP Error 404: Not Found
vision_push_failed frame_id=mock-video-3228 error=HTTP Error 404: Not Found
vision_push_failed frame_id=mock-video-3229 error=<urlopen error timed out>
vision_push_failed frame_id=mock-video-3230 error=HTTP Error 404: Not Found
vision_push_failed frame_id=mock-video-3231 error=HTTP Error 404: Not Found
vision_push_failed frame_id=mock-video-3232 error=HTTP Error 404: Not Found
vision_push_failed frame_id=mock-video-3233 error=HTTP Error 404: Not Found
vision_push_failed frame_id=mock-video-3234 error=HTTP Error 404: Not Found
vision_push_failed frame_id=mock-video-3235 error=HTTP Error 404: Not Found
vision_push_failed frame_id=mock-video-3236 error=HTTP Error 404: Not Found
vision_push_failed frame_id=mock-video-3237 error=HTTP Error 404: Not Found
vision_push_failed frame_id=mock-video-3238 error=HTTP Error 404: Not Found
vision_push_failed frame_id=mock-video-3239 error=HTTP Error 404: Not Found
vision_push_failed frame_id=mock-video-3240 error=HTTP Error 404: Not Found
vision_push_failed frame_id=mock-video-3241 error=HTTP Error 404: Not Found
vision_push_failed frame_id=mock-video-3242 error=HTTP Error 404: Not Found
vision_push_failed frame_id=mock-video-3243 error=HTTP Error 404: Not Found
vision_push_failed frame_id=mock-video-3244 error=HTTP Error 404: Not Found
vision_push_failed frame_id=mock-video-3245 error=HTTP Error 404: Not Found
vision_push_failed frame_id=mock-video-3246 error=HTTP Error 404: Not Found
vision_push_failed frame_id=mock-video-3247 error=HTTP Error 404: Not Found
vision_push_failed frame_id=mock-video-3248 error=HTTP Error 404: Not Found
vision_push_failed frame_id=mock-video-3249 error=HTTP Error 404: Not Found
vision_push_failed frame_id=mock-video-3250 error=HTTP Error 404: Not Found
vision_push_failed frame_id=mock-video-3251 error=HTTP Error 404: Not Found
vision_push_failed frame_id=mock-video-3252 error=HTTP Error 404: Not Found
vision_push_failed frame_id=mock-video-3253 error=HTTP Error 404: Not Found
vision_push_failed frame_id=mock-video-3254 error=HTTP Error 404: Not Found
vision_push_failed frame_id=mock-video-3255 error=HTTP Error 404: Not Found
vision_push_failed frame_id=mock-video-3256 error=HTTP Error 404: Not Found
vision_push_failed frame_id=mock-video-3257 error=HTTP Error 404: Not Found
vision_push_failed frame_id=mock-video-3258 error=HTTP Error 404: Not Found
vision_push_failed frame_id=mock-video-3259 error=HTTP Error 404: Not Found
vision_push_failed frame_id=mock-video-3260 error=HTTP Error 404: Not Found
vision_push_failed frame_id=mock-video-3261 error=HTTP Error 404: Not Found
vision_push_failed frame_id=mock-video-3262 error=HTTP Error 404: Not Found
vision_push_failed frame_id=mock-video-3263 error=HTTP Error 404: Not Found
vision_push_failed frame_id=mock-video-3264 error=HTTP Error 404: Not Found
vision_push_failed frame_id=mock-video-3265 error=HTTP Error 404: Not Found
vision_push_failed frame_id=mock-video-3266 error=HTTP Error 404: Not Found
vision_push_failed frame_id=mock-video-3267 error=HTTP Error 404: Not Found
vision_push_failed frame_id=mock-video-3268 error=HTTP Error 404: Not Found
vision_push_failed frame_id=mock-video-3269 error=HTTP Error 404: Not Found
vision_push_failed frame_id=mock-video-3270 error=HTTP Error 404: Not Found
vision_push_failed frame_id=mock-video-3271 error=HTTP Error 404: Not Found
vision_push_failed frame_id=mock-video-3272 error=HTTP Error 404: Not Found
vision_push_failed frame_id=mock-video-3273 error=HTTP Error 404: Not Found
vision_push_failed frame_id=mock-video-3274 error=HTTP Error 404: Not Found
vision_push_failed frame_id=mock-video-3275 error=HTTP Error 404: Not Found
vision_push_failed frame_id=mock-video-3276 error=HTTP Error 404: Not Found
vision_push_failed frame_id=mock-video-3277 error=HTTP Error 404: Not Found
vision_push_failed frame_id=mock-video-3278 error=HTTP Error 404: Not Found
vision_push_failed frame_id=mock-video-3279 error=HTTP Error 404: Not Found
vision_push_failed frame_id=mock-video-3280 error=HTTP Error 404: Not Found
vision_push_failed frame_id=mock-video-3281 error=<urlopen error timed out>
vision_push_failed frame_id=mock-video-3282 error=HTTP Error 404: Not Found
vision_push_failed frame_id=mock-video-3283 error=HTTP Error 404: Not Found
vision_push_failed frame_id=mock-video-3284 error=HTTP Error 404: Not Found
vision_push_failed frame_id=mock-video-3285 error=HTTP Error 404: Not Found
vision_push_failed frame_id=mock-video-3286 error=HTTP Error 404: Not Found
vision_push_failed frame_id=mock-video-3287 error=HTTP Error 404: Not Found
vision_push_failed frame_id=mock-video-3288 error=HTTP Error 404: Not Found
vision_push_failed frame_id=mock-video-3289 error=HTTP Error 404: Not Found
vision_push_failed frame_id=mock-video-3290 error=HTTP Error 404: Not Found
vision_push_failed frame_id=mock-video-3291 error=HTTP Error 404: Not Found
vision_push_failed frame_id=mock-video-3292 error=HTTP Error 404: Not Found
vision_push_failed frame_id=mock-video-3293 error=HTTP Error 404: Not Found
vision_push_failed frame_id=mock-video-3294 error=HTTP Error 404: Not Found
vision_push_failed frame_id=mock-video-3295 error=HTTP Error 404: Not Found
vision_push_failed frame_id=mock-video-3296 error=HTTP Error 404: Not Found
vision_push_failed frame_id=mock-video-3297 error=HTTP Error 404: Not Found
vision_push_failed frame_id=mock-video-3298 error=HTTP Error 404: Not Found
vision_push_failed frame_id=mock-video-3299 error=HTTP Error 404: Not Found
vision_push_failed frame_id=mock-video-3300 error=HTTP Error 404: Not Found
vision_push_failed frame_id=mock-video-3301 error=HTTP Error 404: Not Found
vision_push_failed frame_id=mock-video-3302 error=HTTP Error 404: Not Found
vision_push_failed frame_id=mock-video-3303 error=HTTP Error 404: Not Found
vision_push_failed frame_id=mock-video-3304 error=HTTP Error 404: Not Found
vision_push_failed frame_id=mock-video-3305 error=HTTP Error 404: Not Found
vision_push_failed frame_id=mock-video-3306 error=HTTP Error 404: Not Found
vision_push_failed frame_id=mock-video-3307 error=HTTP Error 404: Not Found
vision_push_failed frame_id=mock-video-3308 error=HTTP Error 404: Not Found
vision_push_failed frame_id=mock-video-3309 error=HTTP Error 404: Not Found
vision_push_failed frame_id=mock-video-3310 error=HTTP Error 404: Not Found
vision_push_failed frame_id=mock-video-3311 error=HTTP Error 404: Not Found
vision_push_failed frame_id=mock-video-3312 error=HTTP Error 404: Not Found
vision_push_failed frame_id=mock-video-3313 error=HTTP Error 404: Not Found
vision_push_failed frame_id=mock-video-3314 error=HTTP Error 404: Not Found
vision_push_failed frame_id=mock-video-3315 error=HTTP Error 404: Not Found
vision_push_failed frame_id=mock-video-3316 error=HTTP Error 404: Not Found
vision_push_failed frame_id=mock-video-3317 error=HTTP Error 404: Not Found
vision_push_failed frame_id=mock-video-3318 error=HTTP Error 404: Not Found
vision_push_failed frame_id=mock-video-3319 error=HTTP Error 404: Not Found
vision_push_failed frame_id=mock-video-3320 error=HTTP Error 404: Not Found
vision_push_failed frame_id=mock-video-3321 error=HTTP Error 404: Not Found
vision_push_failed frame_id=mock-video-3322 error=HTTP Error 404: Not Found
vision_push_failed frame_id=mock-video-3323 error=HTTP Error 404: Not Found
vision_push_failed frame_id=mock-video-3324 error=HTTP Error 404: Not Found
vision_push_failed frame_id=mock-video-3325 error=HTTP Error 404: Not Found
vision_push_failed frame_id=mock-video-3326 error=HTTP Error 404: Not Found
vision_push_failed frame_id=mock-video-3327 error=HTTP Error 404: Not Found
vision_push_failed frame_id=mock-video-3328 error=HTTP Error 404: Not Found
vision_push_failed frame_id=mock-video-3329 error=HTTP Error 404: Not Found
vision_push_failed frame_id=mock-video-3330 error=HTTP Error 404: Not Found
vision_push_failed frame_id=mock-video-3331 error=HTTP Error 404: Not Found
vision_push_failed frame_id=mock-video-3332 error=HTTP Error 404: Not Found
vision_push_failed frame_id=mock-video-3333 error=HTTP Error 404: Not Found
vision_push_failed frame_id=mock-video-3334 error=HTTP Error 404: Not Found
vision_push_failed frame_id=mock-video-3335 error=HTTP Error 404: Not Found
vision_push_failed frame_id=mock-video-3336 error=HTTP Error 404: Not Found
vision_push_failed frame_id=mock-video-3337 error=HTTP Error 404: Not Found
vision_push_failed frame_id=mock-video-3338 error=HTTP Error 404: Not Found
vision_push_failed frame_id=mock-video-3339 error=HTTP Error 404: Not Found
vision_push_failed frame_id=mock-video-3340 error=HTTP Error 404: Not Found
vision_push_failed frame_id=mock-video-3341 error=HTTP Error 404: Not Found
vision_push_failed frame_id=mock-video-3342 error=HTTP Error 404: Not Found
vision_push_failed frame_id=mock-video-3343 error=HTTP Error 404: Not Found
vision_push_failed frame_id=mock-video-3344 error=HTTP Error 404: Not Found
vision_push_failed frame_id=mock-video-3345 error=HTTP Error 404: Not Found
vision_push_failed frame_id=mock-video-3346 error=HTTP Error 404: Not Found
vision_push_failed frame_id=mock-video-3347 error=HTTP Error 404: Not Found
vision_push_failed frame_id=mock-video-3348 error=HTTP Error 404: Not Found
vision_push_failed frame_id=mock-video-3349 error=HTTP Error 404: Not Found
vision_push_failed frame_id=mock-video-3350 error=HTTP Error 404: Not Found
vision_push_failed frame_id=mock-video-3351 error=HTTP Error 404: Not Found
vision_push_failed frame_id=mock-video-3352 error=HTTP Error 404: Not Found
vision_push_failed frame_id=mock-video-3353 error=HTTP Error 404: Not Found
vision_push_failed frame_id=mock-video-3354 error=HTTP Error 404: Not Found
vision_push_failed frame_id=mock-video-3355 error=HTTP Error 404: Not Found
vision_push_failed frame_id=mock-video-3356 error=HTTP Error 404: Not Found
vision_push_failed frame_id=mock-video-3357 error=HTTP Error 404: Not Found
vision_push_failed frame_id=mock-video-3358 error=HTTP Error 404: Not Found
vision_push_failed frame_id=mock-video-3359 error=HTTP Error 404: Not Found
vision_push_failed frame_id=mock-video-3360 error=HTTP Error 404: Not Found
vision_push_failed frame_id=mock-video-3361 error=HTTP Error 404: Not Found
vision_push_failed frame_id=mock-video-3362 error=HTTP Error 404: Not Found
vision_push_failed frame_id=mock-video-3363 error=HTTP Error 404: Not Found
vision_push_failed frame_id=mock-video-3364 error=HTTP Error 404: Not Found
vision_push_failed frame_id=mock-video-3365 error=HTTP Error 404: Not Found
vision_push_failed frame_id=mock-video-3366 error=HTTP Error 404: Not Found
vision_push_failed frame_id=mock-video-3367 error=HTTP Error 404: Not Found
vision_push_failed frame_id=mock-video-3368 error=HTTP Error 404: Not Found
vision_push_failed frame_id=mock-video-3369 error=HTTP Error 404: Not Found
vision_push_failed frame_id=mock-video-3370 error=HTTP Error 404: Not Found
vision_push_failed frame_id=mock-video-3371 error=HTTP Error 404: Not Found
vision_push_failed frame_id=mock-video-3372 error=HTTP Error 404: Not Found
vision_push_failed frame_id=mock-video-3373 error=HTTP Error 404: Not Found
vision_push_failed frame_id=mock-video-3374 error=HTTP Error 404: Not Found
vision_push_failed frame_id=mock-video-3375 error=HTTP Error 404: Not Found
vision_push_failed frame_id=mock-video-3376 error=HTTP Error 404: Not Found
vision_push_failed frame_id=mock-video-3377 error=HTTP Error 404: Not Found
vision_push_failed frame_id=mock-video-3378 error=HTTP Error 404: Not Found
vision_push_failed frame_id=mock-video-3379 error=HTTP Error 404: Not Found
vision_push_failed frame_id=mock-video-3380 error=HTTP Error 404: Not Found
vision_push_failed frame_id=mock-video-3381 error=HTTP Error 404: Not Found
vision_push_failed frame_id=mock-video-3382 error=HTTP Error 404: Not Found
vision_push_failed frame_id=mock-video-3383 error=HTTP Error 404: Not Found
vision_push_failed frame_id=mock-video-3384 error=HTTP Error 404: Not Found
vision_push_failed frame_id=mock-video-3385 error=HTTP Error 404: Not Found
vision_push_failed frame_id=mock-video-3386 error=HTTP Error 404: Not Found
vision_push_failed frame_id=mock-video-3387 error=HTTP Error 404: Not Found
vision_push_failed frame_id=mock-video-3388 error=HTTP Error 404: Not Found
vision_push_failed frame_id=mock-video-3389 error=HTTP Error 404: Not Found
vision_push_failed frame_id=mock-video-3390 error=HTTP Error 404: Not Found
vision_push_failed frame_id=mock-video-3391 error=HTTP Error 404: Not Found
vision_push_failed frame_id=mock-video-3392 error=HTTP Error 404: Not Found
vision_push_failed frame_id=mock-video-3393 error=HTTP Error 404: Not Found
vision_push_failed frame_id=mock-video-3394 error=HTTP Error 404: Not Found
vision_push_failed frame_id=mock-video-3395 error=HTTP Error 404: Not Found
vision_push_failed frame_id=mock-video-3396 error=HTTP Error 404: Not Found
vision_push_failed frame_id=mock-video-3397 error=HTTP Error 404: Not Found
vision_push_failed frame_id=mock-video-3398 error=HTTP Error 404: Not Found
vision_push_failed frame_id=mock-video-3399 error=HTTP Error 404: Not Found
vision_push_failed frame_id=mock-video-3400 error=HTTP Error 404: Not Found
vision_push_failed frame_id=mock-video-3401 error=HTTP Error 404: Not Found
vision_push_failed frame_id=mock-video-3402 error=HTTP Error 404: Not Found
vision_push_failed frame_id=mock-video-3403 error=HTTP Error 404: Not Found
vision_push_failed frame_id=mock-video-3404 error=HTTP Error 404: Not Found
vision_push_failed frame_id=mock-video-3405 error=HTTP Error 404: Not Found
vision_push_failed frame_id=mock-video-3406 error=HTTP Error 404: Not Found
vision_push_failed frame_id=mock-video-3407 error=HTTP Error 404: Not Found
vision_push_failed frame_id=mock-video-3408 error=HTTP Error 404: Not Found
vision_push_failed frame_id=mock-video-3409 error=HTTP Error 404: Not Found
vision_push_failed frame_id=mock-video-3410 error=HTTP Error 404: Not Found
vision_push_failed frame_id=mock-video-3411 error=HTTP Error 404: Not Found
vision_push_failed frame_id=mock-video-3412 error=HTTP Error 404: Not Found
vision_push_failed frame_id=mock-video-3413 error=HTTP Error 404: Not Found
vision_push_failed frame_id=mock-video-3414 error=HTTP Error 404: Not Found
vision_push_failed frame_id=mock-video-3415 error=HTTP Error 404: Not Found
vision_push_failed frame_id=mock-video-3416 error=HTTP Error 404: Not Found
vision_push_failed frame_id=mock-video-3417 error=HTTP Error 404: Not Found
vision_push_failed frame_id=mock-video-3418 error=HTTP Error 404: Not Found
vision_push_failed frame_id=mock-video-3419 error=HTTP Error 404: Not Found
vision_push_failed frame_id=mock-video-3420 error=HTTP Error 404: Not Found
vision_push_failed frame_id=mock-video-3421 error=HTTP Error 404: Not Found
vision_push_failed frame_id=mock-video-3422 error=HTTP Error 404: Not Found
vision_push_failed frame_id=mock-video-3423 error=HTTP Error 404: Not Found
vision_push_failed frame_id=mock-video-3424 error=HTTP Error 404: Not Found
vision_push_failed frame_id=mock-video-3425 error=HTTP Error 404: Not Found
vision_push_failed frame_id=mock-video-3426 error=HTTP Error 404: Not Found
vision_push_failed frame_id=mock-video-3427 error=HTTP Error 404: Not Found
vision_push_failed frame_id=mock-video-3428 error=HTTP Error 404: Not Found
vision_push_failed frame_id=mock-video-3429 error=HTTP Error 404: Not Found
vision_push_failed frame_id=mock-video-3430 error=HTTP Error 404: Not Found
vision_push_failed frame_id=mock-video-3431 error=HTTP Error 404: Not Found
vision_push_failed frame_id=mock-video-3432 error=HTTP Error 404: Not Found
vision_push_failed frame_id=mock-video-3433 error=HTTP Error 404: Not Found
vision_push_failed frame_id=mock-video-3434 error=HTTP Error 404: Not Found
vision_push_failed frame_id=mock-video-3435 error=HTTP Error 404: Not Found
vision_push_failed frame_id=mock-video-3436 error=HTTP Error 404: Not Found
vision_push_failed frame_id=mock-video-3437 error=HTTP Error 404: Not Found
vision_push_failed frame_id=mock-video-3438 error=HTTP Error 404: Not Found
vision_push_failed frame_id=mock-video-3439 error=HTTP Error 404: Not Found
vision_push_failed frame_id=mock-video-3440 error=HTTP Error 404: Not Found
vision_push_failed frame_id=mock-video-3441 error=HTTP Error 404: Not Found
vision_push_failed frame_id=mock-video-3442 error=HTTP Error 404: Not Found
vision_push_failed frame_id=mock-video-3443 error=HTTP Error 404: Not Found
vision_push_failed frame_id=mock-video-3444 error=HTTP Error 404: Not Found
vision_push_failed frame_id=mock-video-3445 error=HTTP Error 404: Not Found
vision_push_failed frame_id=mock-video-3446 error=HTTP Error 404: Not Found
vision_push_failed frame_id=mock-video-3447 error=HTTP Error 404: Not Found
vision_push_failed frame_id=mock-video-3448 error=HTTP Error 404: Not Found
vision_push_failed frame_id=mock-video-3449 error=HTTP Error 404: Not Found
vision_push_failed frame_id=mock-video-3450 error=HTTP Error 404: Not Found
vision_push_failed frame_id=mock-video-3451 error=HTTP Error 404: Not Found
vision_push_failed frame_id=mock-video-3452 error=HTTP Error 404: Not Found
vision_push_failed frame_id=mock-video-3453 error=HTTP Error 404: Not Found
vision_push_failed frame_id=mock-video-3454 error=HTTP Error 404: Not Found
vision_push_failed frame_id=mock-video-3455 error=HTTP Error 404: Not Found
vision_push_failed frame_id=mock-video-3456 error=HTTP Error 404: Not Found
vision_push_failed frame_id=mock-video-3457 error=HTTP Error 404: Not Found
vision_push_failed frame_id=mock-video-3458 error=HTTP Error 404: Not Found
vision_push_failed frame_id=mock-video-3459 error=HTTP Error 404: Not Found
vision_push_failed frame_id=mock-video-3460 error=HTTP Error 404: Not Found
vision_push_failed frame_id=mock-video-3461 error=HTTP Error 404: Not Found
vision_push_failed frame_id=mock-video-3462 error=HTTP Error 404: Not Found
vision_push_failed frame_id=mock-video-3463 error=HTTP Error 404: Not Found
vision_push_failed frame_id=mock-video-3464 error=HTTP Error 404: Not Found
vision_push_failed frame_id=mock-video-3465 error=HTTP Error 404: Not Found
vision_push_failed frame_id=mock-video-3466 error=HTTP Error 404: Not Found
vision_push_failed frame_id=mock-video-3467 error=HTTP Error 404: Not Found
vision_push_failed frame_id=mock-video-3468 error=HTTP Error 404: Not Found
vision_push_failed frame_id=mock-video-3469 error=HTTP Error 404: Not Found
vision_push_failed frame_id=mock-video-3470 error=HTTP Error 404: Not Found
vision_push_failed frame_id=mock-video-3471 error=HTTP Error 404: Not Found
vision_push_failed frame_id=mock-video-3472 error=HTTP Error 404: Not Found
vision_push_failed frame_id=mock-video-3473 error=HTTP Error 404: Not Found
vision_push_failed frame_id=mock-video-3474 error=HTTP Error 404: Not Found
vision_push_failed frame_id=mock-video-3475 error=HTTP Error 404: Not Found
vision_push_failed frame_id=mock-video-3476 error=HTTP Error 404: Not Found
vision_push_failed frame_id=mock-video-3477 error=HTTP Error 404: Not Found
vision_push_failed frame_id=mock-video-3478 error=HTTP Error 404: Not Found
vision_push_failed frame_id=mock-video-3479 error=HTTP Error 404: Not Found
vision_push_failed frame_id=mock-video-3480 error=HTTP Error 404: Not Found
vision_push_failed frame_id=mock-video-3481 error=HTTP Error 404: Not Found
vision_push_failed frame_id=mock-video-3482 error=HTTP Error 404: Not Found
vision_push_failed frame_id=mock-video-3483 error=HTTP Error 404: Not Found
vision_push_failed frame_id=mock-video-3484 error=HTTP Error 404: Not Found
vision_push_failed frame_id=mock-video-3485 error=HTTP Error 404: Not Found
vision_push_failed frame_id=mock-video-3486 error=HTTP Error 404: Not Found
vision_push_failed frame_id=mock-video-3487 error=HTTP Error 404: Not Found
vision_push_failed frame_id=mock-video-3488 error=HTTP Error 404: Not Found
vision_push_failed frame_id=mock-video-3489 error=HTTP Error 404: Not Found
vision_push_failed frame_id=mock-video-3490 error=HTTP Error 404: Not Found
vision_push_failed frame_id=mock-video-3491 error=HTTP Error 404: Not Found
vision_push_failed frame_id=mock-video-3492 error=HTTP Error 404: Not Found
vision_push_failed frame_id=mock-video-3493 error=HTTP Error 404: Not Found
vision_push_failed frame_id=mock-video-3494 error=HTTP Error 404: Not Found
vision_push_failed frame_id=mock-video-3495 error=HTTP Error 404: Not Found
vision_push_failed frame_id=mock-video-3496 error=HTTP Error 404: Not Found
vision_push_failed frame_id=mock-video-3497 error=HTTP Error 404: Not Found
vision_push_failed frame_id=mock-video-3498 error=HTTP Error 404: Not Found
vision_push_failed frame_id=mock-video-3499 error=HTTP Error 404: Not Found
vision_push_failed frame_id=mock-video-3500 error=HTTP Error 404: Not Found
vision_push_failed frame_id=mock-video-3501 error=HTTP Error 404: Not Found
vision_push_failed frame_id=mock-video-3502 error=HTTP Error 404: Not Found
vision_push_failed frame_id=mock-video-3503 error=HTTP Error 404: Not Found
vision_push_failed frame_id=mock-video-3504 error=HTTP Error 404: Not Found
vision_push_failed frame_id=mock-video-3505 error=HTTP Error 404: Not Found
vision_push_failed frame_id=mock-video-3506 error=HTTP Error 404: Not Found
vision_push_failed frame_id=mock-video-3507 error=HTTP Error 404: Not Found
vision_push_failed frame_id=mock-video-3508 error=HTTP Error 404: Not Found
vision_push_failed frame_id=mock-video-3509 error=HTTP Error 404: Not Found
vision_push_failed frame_id=mock-video-3510 error=HTTP Error 404: Not Found
vision_push_failed frame_id=mock-video-3511 error=HTTP Error 404: Not Found
vision_push_failed frame_id=mock-video-3512 error=HTTP Error 404: Not Found
vision_push_failed frame_id=mock-video-3513 error=HTTP Error 404: Not Found
vision_push_failed frame_id=mock-video-3514 error=HTTP Error 404: Not Found
vision_push_failed frame_id=mock-video-3515 error=HTTP Error 404: Not Found
vision_push_failed frame_id=mock-video-3516 error=HTTP Error 404: Not Found
vision_push_failed frame_id=mock-video-3517 error=HTTP Error 404: Not Found
vision_push_failed frame_id=mock-video-3518 error=HTTP Error 404: Not Found
vision_push_failed frame_id=mock-video-3519 error=HTTP Error 404: Not Found
vision_push_failed frame_id=mock-video-3520 error=HTTP Error 404: Not Found
vision_push_failed frame_id=mock-video-3521 error=HTTP Error 404: Not Found
vision_push_failed frame_id=mock-video-3522 error=HTTP Error 404: Not Found
vision_push_failed frame_id=mock-video-3523 error=HTTP Error 404: Not Found
vision_push_failed frame_id=mock-video-3524 error=HTTP Error 404: Not Found
vision_push_failed frame_id=mock-video-3525 error=HTTP Error 404: Not Found
vision_push_failed frame_id=mock-video-3526 error=HTTP Error 404: Not Found
vision_push_failed frame_id=mock-video-3527 error=HTTP Error 404: Not Found
vision_push_failed frame_id=mock-video-3528 error=HTTP Error 404: Not Found
vision_push_failed frame_id=mock-video-3529 error=HTTP Error 404: Not Found
vision_push_failed frame_id=mock-video-3530 error=HTTP Error 404: Not Found
vision_push_failed frame_id=mock-video-3531 error=HTTP Error 404: Not Found
vision_push_failed frame_id=mock-video-3532 error=HTTP Error 404: Not Found
vision_push_failed frame_id=mock-video-3533 error=HTTP Error 404: Not Found
vision_push_failed frame_id=mock-video-3534 error=HTTP Error 404: Not Found
vision_push_failed frame_id=mock-video-3535 error=HTTP Error 404: Not Found
vision_push_failed frame_id=mock-video-3536 error=HTTP Error 404: Not Found
vision_push_failed frame_id=mock-video-3537 error=HTTP Error 404: Not Found
vision_push_failed frame_id=mock-video-3538 error=HTTP Error 404: Not Found
vision_push_failed frame_id=mock-video-3539 error=HTTP Error 404: Not Found
vision_push_failed frame_id=mock-video-3540 error=HTTP Error 404: Not Found
vision_push_failed frame_id=mock-video-3541 error=HTTP Error 404: Not Found
vision_push_failed frame_id=mock-video-3542 error=HTTP Error 404: Not Found
vision_push_failed frame_id=mock-video-3543 error=HTTP Error 404: Not Found
vision_push_failed frame_id=mock-video-3544 error=HTTP Error 404: Not Found
vision_push_failed frame_id=mock-video-3545 error=HTTP Error 404: Not Found
vision_push_failed frame_id=mock-video-3546 error=HTTP Error 404: Not Found
vision_push_failed frame_id=mock-video-3547 error=HTTP Error 404: Not Found
vision_push_failed frame_id=mock-video-3548 error=HTTP Error 404: Not Found
vision_push_failed frame_id=mock-video-3549 error=HTTP Error 404: Not Found
vision_push_failed frame_id=mock-video-3550 error=HTTP Error 404: Not Found
vision_push_failed frame_id=mock-video-3551 error=HTTP Error 404: Not Found
vision_push_failed frame_id=mock-video-3552 error=HTTP Error 404: Not Found
vision_push_failed frame_id=mock-video-3553 error=HTTP Error 404: Not Found
vision_push_failed frame_id=mock-video-3554 error=HTTP Error 404: Not Found
vision_push_failed frame_id=mock-video-3555 error=HTTP Error 404: Not Found
vision_push_failed frame_id=mock-video-3556 error=HTTP Error 404: Not Found
vision_push_failed frame_id=mock-video-3557 error=HTTP Error 404: Not Found
vision_push_failed frame_id=mock-video-3558 error=HTTP Error 404: Not Found
vision_push_failed frame_id=mock-video-3559 error=HTTP Error 404: Not Found
vision_push_failed frame_id=mock-video-3560 error=HTTP Error 404: Not Found
vision_push_failed frame_id=mock-video-3561 error=HTTP Error 404: Not Found
vision_push_failed frame_id=mock-video-3562 error=HTTP Error 404: Not Found
vision_push_failed frame_id=mock-video-3563 error=HTTP Error 404: Not Found
vision_push_failed frame_id=mock-video-3564 error=HTTP Error 404: Not Found
vision_push_failed frame_id=mock-video-3565 error=HTTP Error 404: Not Found
vision_push_failed frame_id=mock-video-3566 error=HTTP Error 404: Not Found
vision_push_failed frame_id=mock-video-3567 error=HTTP Error 404: Not Found
vision_push_failed frame_id=mock-video-3568 error=HTTP Error 404: Not Found
vision_push_failed frame_id=mock-video-3569 error=HTTP Error 404: Not Found
vision_push_failed frame_id=mock-video-3570 error=HTTP Error 404: Not Found
vision_push_failed frame_id=mock-video-3571 error=HTTP Error 404: Not Found
vision_push_failed frame_id=mock-video-3572 error=HTTP Error 404: Not Found
vision_push_failed frame_id=mock-video-3573 error=HTTP Error 404: Not Found
vision_push_failed frame_id=mock-video-3574 error=HTTP Error 404: Not Found
vision_push_failed frame_id=mock-video-3575 error=HTTP Error 404: Not Found
vision_push_failed frame_id=mock-video-3576 error=HTTP Error 404: Not Found
vision_push_failed frame_id=mock-video-3577 error=HTTP Error 404: Not Found
vision_push_failed frame_id=mock-video-3578 error=HTTP Error 404: Not Found
vision_push_failed frame_id=mock-video-3579 error=HTTP Error 404: Not Found
vision_push_failed frame_id=mock-video-3580 error=HTTP Error 404: Not Found
vision_push_failed frame_id=mock-video-3581 error=HTTP Error 404: Not Found
vision_push_failed frame_id=mock-video-3582 error=HTTP Error 404: Not Found
vision_push_failed frame_id=mock-video-3583 error=HTTP Error 404: Not Found
vision_push_failed frame_id=mock-video-3584 error=HTTP Error 404: Not Found
vision_push_failed frame_id=mock-video-3585 error=HTTP Error 404: Not Found
vision_push_failed frame_id=mock-video-3586 error=HTTP Error 404: Not Found
vision_push_failed frame_id=mock-video-3587 error=HTTP Error 404: Not Found
vision_push_failed frame_id=mock-video-3588 error=HTTP Error 404: Not Found
vision_push_failed frame_id=mock-video-3589 error=HTTP Error 404: Not Found
vision_push_failed frame_id=mock-video-3590 error=HTTP Error 404: Not Found
vision_push_failed frame_id=mock-video-3591 error=HTTP Error 404: Not Found
vision_push_failed frame_id=mock-video-3592 error=HTTP Error 404: Not Found
vision_push_failed frame_id=mock-video-3593 error=HTTP Error 404: Not Found
vision_push_failed frame_id=mock-video-3594 error=HTTP Error 404: Not Found
vision_push_failed frame_id=mock-video-3595 error=HTTP Error 404: Not Found
vision_push_failed frame_id=mock-video-3596 error=HTTP Error 404: Not Found
vision_push_failed frame_id=mock-video-3597 error=HTTP Error 404: Not Found
vision_push_failed frame_id=mock-video-3598 error=HTTP Error 404: Not Found
vision_push_failed frame_id=mock-video-3599 error=HTTP Error 404: Not Found
vision_push_failed frame_id=mock-video-3600 error=HTTP Error 404: Not Found
vision_push_failed frame_id=mock-video-3601 error=HTTP Error 404: Not Found
vision_push_failed frame_id=mock-video-3602 error=HTTP Error 404: Not Found
vision_push_failed frame_id=mock-video-3603 error=HTTP Error 404: Not Found
vision_push_failed frame_id=mock-video-3604 error=HTTP Error 404: Not Found
vision_push_failed frame_id=mock-video-3605 error=HTTP Error 404: Not Found
vision_push_failed frame_id=mock-video-3606 error=HTTP Error 404: Not Found
vision_push_failed frame_id=mock-video-3607 error=HTTP Error 404: Not Found
vision_push_failed frame_id=mock-video-3608 error=HTTP Error 404: Not Found
vision_push_failed frame_id=mock-video-3609 error=HTTP Error 404: Not Found
vision_push_failed frame_id=mock-video-3610 error=HTTP Error 404: Not Found
vision_push_failed frame_id=mock-video-3611 error=HTTP Error 404: Not Found
vision_push_failed frame_id=mock-video-3612 error=HTTP Error 404: Not Found
vision_push_failed frame_id=mock-video-3613 error=HTTP Error 404: Not Found
vision_push_failed frame_id=mock-video-3614 error=HTTP Error 404: Not Found
vision_push_failed frame_id=mock-video-3615 error=HTTP Error 404: Not Found
vision_push_failed frame_id=mock-video-3616 error=HTTP Error 404: Not Found
vision_push_failed frame_id=mock-video-3617 error=HTTP Error 404: Not Found
vision_push_failed frame_id=mock-video-3618 error=HTTP Error 404: Not Found
vision_push_failed frame_id=mock-video-3619 error=HTTP Error 404: Not Found
vision_push_failed frame_id=mock-video-3620 error=HTTP Error 404: Not Found
vision_push_failed frame_id=mock-video-3621 error=HTTP Error 404: Not Found
vision_push_failed frame_id=mock-video-3622 error=HTTP Error 404: Not Found
vision_push_failed frame_id=mock-video-3623 error=HTTP Error 404: Not Found
vision_push_failed frame_id=mock-video-3624 error=HTTP Error 404: Not Found
vision_push_failed frame_id=mock-video-3625 error=HTTP Error 404: Not Found
vision_push_failed frame_id=mock-video-3626 error=HTTP Error 404: Not Found
vision_push_failed frame_id=mock-video-3627 error=HTTP Error 404: Not Found
vision_push_failed frame_id=mock-video-3628 error=HTTP Error 404: Not Found
vision_push_failed frame_id=mock-video-3629 error=HTTP Error 404: Not Found
vision_push_failed frame_id=mock-video-3630 error=HTTP Error 404: Not Found
vision_push_failed frame_id=mock-video-3631 error=HTTP Error 404: Not Found
vision_push_failed frame_id=mock-video-3632 error=HTTP Error 404: Not Found
vision_push_failed frame_id=mock-video-3633 error=HTTP Error 404: Not Found
vision_push_failed frame_id=mock-video-3634 error=HTTP Error 404: Not Found
vision_push_failed frame_id=mock-video-3635 error=HTTP Error 404: Not Found
vision_push_failed frame_id=mock-video-3636 error=HTTP Error 404: Not Found
vision_push_failed frame_id=mock-video-3637 error=HTTP Error 404: Not Found
vision_push_failed frame_id=mock-video-3638 error=HTTP Error 404: Not Found
vision_push_failed frame_id=mock-video-3639 error=HTTP Error 404: Not Found
vision_push_failed frame_id=mock-video-3640 error=HTTP Error 404: Not Found
vision_push_failed frame_id=mock-video-3641 error=HTTP Error 404: Not Found
vision_push_failed frame_id=mock-video-3642 error=HTTP Error 404: Not Found
vision_push_failed frame_id=mock-video-3643 error=HTTP Error 404: Not Found
vision_push_failed frame_id=mock-video-3644 error=HTTP Error 404: Not Found
vision_push_failed frame_id=mock-video-3645 error=HTTP Error 404: Not Found
vision_push_failed frame_id=mock-video-3646 error=HTTP Error 404: Not Found
vision_push_failed frame_id=mock-video-3647 error=HTTP Error 404: Not Found
vision_push_failed frame_id=mock-video-3648 error=HTTP Error 404: Not Found
vision_push_failed frame_id=mock-video-3649 error=HTTP Error 404: Not Found
vision_push_failed frame_id=mock-video-3650 error=HTTP Error 404: Not Found
vision_push_failed frame_id=mock-video-3651 error=HTTP Error 404: Not Found
vision_push_failed frame_id=mock-video-3652 error=HTTP Error 404: Not Found
vision_push_failed frame_id=mock-video-3653 error=HTTP Error 404: Not Found
vision_push_failed frame_id=mock-video-3654 error=HTTP Error 404: Not Found
vision_push_failed frame_id=mock-video-3655 error=HTTP Error 404: Not Found
vision_push_failed frame_id=mock-video-3656 error=HTTP Error 404: Not Found
vision_push_failed frame_id=mock-video-3657 error=HTTP Error 404: Not Found
vision_push_failed frame_id=mock-video-3658 error=HTTP Error 404: Not Found
vision_push_failed frame_id=mock-video-3659 error=HTTP Error 404: Not Found
vision_push_failed frame_id=mock-video-3660 error=HTTP Error 404: Not Found
vision_push_failed frame_id=mock-video-3661 error=HTTP Error 404: Not Found
vision_push_failed frame_id=mock-video-3662 error=HTTP Error 404: Not Found
vision_push_failed frame_id=mock-video-3663 error=HTTP Error 404: Not Found
vision_push_failed frame_id=mock-video-3664 error=HTTP Error 404: Not Found
vision_push_failed frame_id=mock-video-3665 error=HTTP Error 404: Not Found
vision_push_failed frame_id=mock-video-3666 error=HTTP Error 404: Not Found
vision_push_failed frame_id=mock-video-3667 error=HTTP Error 404: Not Found
vision_push_failed frame_id=mock-video-3668 error=HTTP Error 404: Not Found
vision_push_failed frame_id=mock-video-3669 error=HTTP Error 404: Not Found
vision_push_failed frame_id=mock-video-3670 error=HTTP Error 404: Not Found
vision_push_failed frame_id=mock-video-3671 error=HTTP Error 404: Not Found
vision_push_failed frame_id=mock-video-3672 error=HTTP Error 404: Not Found
vision_push_failed frame_id=mock-video-3673 error=HTTP Error 404: Not Found
vision_push_failed frame_id=mock-video-3674 error=HTTP Error 404: Not Found
vision_push_failed frame_id=mock-video-3675 error=HTTP Error 404: Not Found
vision_push_failed frame_id=mock-video-3676 error=HTTP Error 404: Not Found
vision_push_failed frame_id=mock-video-3677 error=HTTP Error 404: Not Found
vision_push_failed frame_id=mock-video-3678 error=HTTP Error 404: Not Found
vision_push_failed frame_id=mock-video-3679 error=HTTP Error 404: Not Found
vision_push_failed frame_id=mock-video-3680 error=HTTP Error 404: Not Found
vision_push_failed frame_id=mock-video-3681 error=HTTP Error 404: Not Found
vision_push_failed frame_id=mock-video-3682 error=HTTP Error 404: Not Found
vision_push_failed frame_id=mock-video-3683 error=HTTP Error 404: Not Found
vision_push_failed frame_id=mock-video-3684 error=HTTP Error 404: Not Found
vision_push_failed frame_id=mock-video-3685 error=HTTP Error 404: Not Found
vision_push_failed frame_id=mock-video-3686 error=HTTP Error 404: Not Found
vision_push_failed frame_id=mock-video-3687 error=HTTP Error 404: Not Found
vision_push_failed frame_id=mock-video-3688 error=HTTP Error 404: Not Found
vision_push_failed frame_id=mock-video-3689 error=HTTP Error 404: Not Found
vision_push_failed frame_id=mock-video-3690 error=HTTP Error 404: Not Found
vision_push_failed frame_id=mock-video-3691 error=HTTP Error 404: Not Found
vision_push_failed frame_id=mock-video-3692 error=HTTP Error 404: Not Found
vision_push_failed frame_id=mock-video-3693 error=<urlopen error timed out>
vision_push_failed frame_id=mock-video-3694 error=HTTP Error 404: Not Found
vision_push_failed frame_id=mock-video-3695 error=HTTP Error 404: Not Found
vision_push_failed frame_id=mock-video-3696 error=HTTP Error 404: Not Found
vision_push_failed frame_id=mock-video-3697 error=HTTP Error 404: Not Found
vision_push_failed frame_id=mock-video-3698 error=HTTP Error 404: Not Found
vision_push_failed frame_id=mock-video-3699 error=HTTP Error 404: Not Found
vision_push_failed frame_id=mock-video-3700 error=HTTP Error 404: Not Found
vision_push_failed frame_id=mock-video-3701 error=HTTP Error 404: Not Found
vision_push_failed frame_id=mock-video-3702 error=HTTP Error 404: Not Found
vision_push_failed frame_id=mock-video-3703 error=HTTP Error 404: Not Found
vision_push_failed frame_id=mock-video-3704 error=HTTP Error 404: Not Found
vision_push_failed frame_id=mock-video-3705 error=HTTP Error 404: Not Found
vision_push_failed frame_id=mock-video-3706 error=HTTP Error 404: Not Found
vision_push_failed frame_id=mock-video-3707 error=HTTP Error 404: Not Found
vision_push_failed frame_id=mock-video-3708 error=HTTP Error 404: Not Found
vision_push_failed frame_id=mock-video-3709 error=HTTP Error 404: Not Found
vision_push_failed frame_id=mock-video-3710 error=HTTP Error 404: Not Found
vision_push_failed frame_id=mock-video-3711 error=HTTP Error 404: Not Found
vision_push_failed frame_id=mock-video-3712 error=HTTP Error 404: Not Found
vision_push_failed frame_id=mock-video-3713 error=HTTP Error 404: Not Found
vision_push_failed frame_id=mock-video-3714 error=HTTP Error 404: Not Found
vision_push_failed frame_id=mock-video-3715 error=HTTP Error 404: Not Found
vision_push_failed frame_id=mock-video-3716 error=HTTP Error 404: Not Found
vision_push_failed frame_id=mock-video-3717 error=HTTP Error 404: Not Found
vision_push_failed frame_id=mock-video-3718 error=HTTP Error 404: Not Found
vision_push_failed frame_id=mock-video-3719 error=HTTP Error 404: Not Found
vision_push_failed frame_id=mock-video-3720 error=HTTP Error 404: Not Found
vision_push_failed frame_id=mock-video-3721 error=HTTP Error 404: Not Found
vision_push_failed frame_id=mock-video-3722 error=HTTP Error 404: Not Found
vision_push_failed frame_id=mock-video-3723 error=HTTP Error 404: Not Found
vision_push_failed frame_id=mock-video-3724 error=HTTP Error 404: Not Found
vision_push_failed frame_id=mock-video-3725 error=HTTP Error 404: Not Found
vision_push_failed frame_id=mock-video-3726 error=HTTP Error 404: Not Found
vision_push_failed frame_id=mock-video-3727 error=HTTP Error 404: Not Found
vision_push_failed frame_id=mock-video-3728 error=HTTP Error 404: Not Found
vision_push_failed frame_id=mock-video-3729 error=HTTP Error 404: Not Found
vision_push_failed frame_id=mock-video-3730 error=HTTP Error 404: Not Found
vision_push_failed frame_id=mock-video-3731 error=HTTP Error 404: Not Found
vision_push_failed frame_id=mock-video-3732 error=HTTP Error 404: Not Found
vision_push_failed frame_id=mock-video-3733 error=HTTP Error 404: Not Found
vision_push_failed frame_id=mock-video-3734 error=HTTP Error 404: Not Found
vision_push_failed frame_id=mock-video-3735 error=HTTP Error 404: Not Found
vision_push_failed frame_id=mock-video-3736 error=HTTP Error 404: Not Found
vision_push_failed frame_id=mock-video-3737 error=HTTP Error 404: Not Found
vision_push_failed frame_id=mock-video-3738 error=HTTP Error 404: Not Found
vision_push_failed frame_id=mock-video-3739 error=HTTP Error 404: Not Found
vision_push_failed frame_id=mock-video-3740 error=HTTP Error 404: Not Found
vision_push_failed frame_id=mock-video-3741 error=HTTP Error 404: Not Found
vision_push_failed frame_id=mock-video-3742 error=HTTP Error 404: Not Found
vision_push_failed frame_id=mock-video-3743 error=HTTP Error 404: Not Found
vision_push_failed frame_id=mock-video-3744 error=HTTP Error 404: Not Found
vision_push_failed frame_id=mock-video-3745 error=HTTP Error 404: Not Found
vision_push_failed frame_id=mock-video-3746 error=HTTP Error 404: Not Found
vision_push_failed frame_id=mock-video-3747 error=HTTP Error 404: Not Found
vision_push_failed frame_id=mock-video-3748 error=HTTP Error 404: Not Found
vision_push_failed frame_id=mock-video-3749 error=HTTP Error 404: Not Found
vision_push_failed frame_id=mock-video-3750 error=HTTP Error 404: Not Found
vision_push_failed frame_id=mock-video-3751 error=HTTP Error 404: Not Found
vision_push_failed frame_id=mock-video-3752 error=HTTP Error 404: Not Found
vision_push_failed frame_id=mock-video-3753 error=HTTP Error 404: Not Found
vision_push_failed frame_id=mock-video-3754 error=HTTP Error 404: Not Found
vision_push_failed frame_id=mock-video-3755 error=HTTP Error 404: Not Found
vision_push_failed frame_id=mock-video-3756 error=HTTP Error 404: Not Found
vision_push_failed frame_id=mock-video-3757 error=HTTP Error 404: Not Found
vision_push_failed frame_id=mock-video-3758 error=HTTP Error 404: Not Found
vision_push_failed frame_id=mock-video-3759 error=HTTP Error 404: Not Found
vision_push_failed frame_id=mock-video-3760 error=HTTP Error 404: Not Found
vision_push_failed frame_id=mock-video-3761 error=HTTP Error 404: Not Found
vision_push_failed frame_id=mock-video-3762 error=HTTP Error 404: Not Found
vision_push_failed frame_id=mock-video-3763 error=HTTP Error 404: Not Found
vision_push_failed frame_id=mock-video-3764 error=HTTP Error 404: Not Found
vision_push_failed frame_id=mock-video-3765 error=HTTP Error 404: Not Found
vision_push_failed frame_id=mock-video-3766 error=HTTP Error 404: Not Found
vision_push_failed frame_id=mock-video-3767 error=HTTP Error 404: Not Found
vision_push_failed frame_id=mock-video-3768 error=HTTP Error 404: Not Found
vision_push_failed frame_id=mock-video-3769 error=HTTP Error 404: Not Found
vision_push_failed frame_id=mock-video-3770 error=HTTP Error 404: Not Found
vision_push_failed frame_id=mock-video-3771 error=HTTP Error 404: Not Found
vision_push_failed frame_id=mock-video-3772 error=HTTP Error 404: Not Found
vision_push_failed frame_id=mock-video-3773 error=HTTP Error 404: Not Found
vision_push_failed frame_id=mock-video-3774 error=HTTP Error 404: Not Found
vision_push_failed frame_id=mock-video-3775 error=HTTP Error 404: Not Found
vision_push_failed frame_id=mock-video-3776 error=HTTP Error 404: Not Found
vision_push_failed frame_id=mock-video-3777 error=HTTP Error 404: Not Found
vision_push_failed frame_id=mock-video-3778 error=HTTP Error 404: Not Found
vision_push_failed frame_id=mock-video-3779 error=HTTP Error 404: Not Found
vision_push_failed frame_id=mock-video-3780 error=HTTP Error 404: Not Found
vision_push_failed frame_id=mock-video-3781 error=HTTP Error 404: Not Found
vision_push_failed frame_id=mock-video-3782 error=HTTP Error 404: Not Found
vision_push_failed frame_id=mock-video-3783 error=HTTP Error 404: Not Found
vision_push_failed frame_id=mock-video-3784 error=HTTP Error 404: Not Found
vision_push_failed frame_id=mock-video-3785 error=HTTP Error 404: Not Found
vision_push_failed frame_id=mock-video-3786 error=HTTP Error 404: Not Found
vision_push_failed frame_id=mock-video-3787 error=HTTP Error 404: Not Found
vision_push_failed frame_id=mock-video-3788 error=HTTP Error 404: Not Found
vision_push_failed frame_id=mock-video-3789 error=HTTP Error 404: Not Found
vision_push_failed frame_id=mock-video-3790 error=HTTP Error 404: Not Found
vision_push_failed frame_id=mock-video-3791 error=HTTP Error 404: Not Found
vision_push_failed frame_id=mock-video-3792 error=HTTP Error 404: Not Found
vision_push_failed frame_id=mock-video-3793 error=HTTP Error 404: Not Found
vision_push_failed frame_id=mock-video-3794 error=HTTP Error 404: Not Found
vision_push_failed frame_id=mock-video-3795 error=HTTP Error 404: Not Found
vision_push_failed frame_id=mock-video-3796 error=HTTP Error 404: Not Found
vision_push_failed frame_id=mock-video-3797 error=HTTP Error 404: Not Found
vision_push_failed frame_id=mock-video-3798 error=HTTP Error 404: Not Found
vision_push_failed frame_id=mock-video-3799 error=HTTP Error 404: Not Found
vision_push_failed frame_id=mock-video-3800 error=HTTP Error 404: Not Found
vision_push_failed frame_id=mock-video-3801 error=HTTP Error 404: Not Found
vision_push_failed frame_id=mock-video-3802 error=HTTP Error 404: Not Found
vision_push_failed frame_id=mock-video-3803 error=HTTP Error 404: Not Found
vision_push_failed frame_id=mock-video-3804 error=HTTP Error 404: Not Found
vision_push_failed frame_id=mock-video-3805 error=HTTP Error 404: Not Found
vision_push_failed frame_id=mock-video-3806 error=HTTP Error 404: Not Found
vision_push_failed frame_id=mock-video-3807 error=HTTP Error 404: Not Found
vision_push_failed frame_id=mock-video-3808 error=HTTP Error 404: Not Found
vision_push_failed frame_id=mock-video-3809 error=HTTP Error 404: Not Found
vision_push_failed frame_id=mock-video-3810 error=HTTP Error 404: Not Found
vision_push_failed frame_id=mock-video-3811 error=HTTP Error 404: Not Found
vision_push_failed frame_id=mock-video-3812 error=HTTP Error 404: Not Found
vision_push_failed frame_id=mock-video-3813 error=HTTP Error 404: Not Found
vision_push_failed frame_id=mock-video-3814 error=HTTP Error 404: Not Found
vision_push_failed frame_id=mock-video-3815 error=HTTP Error 404: Not Found
vision_push_failed frame_id=mock-video-3816 error=HTTP Error 404: Not Found
vision_push_failed frame_id=mock-video-3817 error=HTTP Error 404: Not Found
vision_push_failed frame_id=mock-video-3818 error=HTTP Error 404: Not Found
vision_push_failed frame_id=mock-video-3819 error=HTTP Error 404: Not Found
vision_push_failed frame_id=mock-video-3820 error=HTTP Error 404: Not Found
vision_push_failed frame_id=mock-video-3821 error=HTTP Error 404: Not Found
vision_push_failed frame_id=mock-video-3822 error=HTTP Error 404: Not Found
vision_push_failed frame_id=mock-video-3823 error=HTTP Error 404: Not Found
vision_push_failed frame_id=mock-video-3824 error=HTTP Error 404: Not Found
vision_push_failed frame_id=mock-video-3825 error=HTTP Error 404: Not Found
vision_push_failed frame_id=mock-video-3826 error=HTTP Error 404: Not Found
vision_push_failed frame_id=mock-video-3827 error=HTTP Error 404: Not Found
vision_push_failed frame_id=mock-video-3828 error=HTTP Error 404: Not Found
vision_push_failed frame_id=mock-video-3829 error=HTTP Error 404: Not Found
vision_push_failed frame_id=mock-video-3830 error=HTTP Error 404: Not Found
vision_push_failed frame_id=mock-video-3831 error=HTTP Error 404: Not Found
vision_push_failed frame_id=mock-video-3832 error=HTTP Error 404: Not Found
vision_push_failed frame_id=mock-video-3833 error=HTTP Error 404: Not Found
vision_push_failed frame_id=mock-video-3834 error=HTTP Error 404: Not Found
vision_push_failed frame_id=mock-video-3835 error=HTTP Error 404: Not Found
vision_push_failed frame_id=mock-video-3836 error=HTTP Error 404: Not Found
vision_push_failed frame_id=mock-video-3837 error=HTTP Error 404: Not Found
vision_push_failed frame_id=mock-video-3838 error=HTTP Error 404: Not Found
vision_push_failed frame_id=mock-video-3839 error=HTTP Error 404: Not Found
vision_push_failed frame_id=mock-video-3840 error=HTTP Error 404: Not Found
vision_push_failed frame_id=mock-video-3841 error=HTTP Error 404: Not Found
vision_push_failed frame_id=mock-video-3842 error=HTTP Error 404: Not Found
vision_push_failed frame_id=mock-video-3843 error=HTTP Error 404: Not Found
vision_push_failed frame_id=mock-video-3844 error=HTTP Error 404: Not Found
vision_push_failed frame_id=mock-video-3845 error=HTTP Error 404: Not Found
vision_push_failed frame_id=mock-video-3846 error=HTTP Error 404: Not Found
vision_push_failed frame_id=mock-video-3847 error=HTTP Error 404: Not Found
vision_push_failed frame_id=mock-video-3848 error=HTTP Error 404: Not Found
vision_push_failed frame_id=mock-video-3849 error=HTTP Error 404: Not Found
vision_push_failed frame_id=mock-video-3850 error=HTTP Error 404: Not Found
vision_push_failed frame_id=mock-video-3851 error=HTTP Error 404: Not Found
vision_push_failed frame_id=mock-video-3852 error=HTTP Error 404: Not Found
vision_push_failed frame_id=mock-video-3853 error=HTTP Error 404: Not Found
vision_push_failed frame_id=mock-video-3854 error=HTTP Error 404: Not Found
vision_push_failed frame_id=mock-video-3855 error=HTTP Error 404: Not Found
vision_push_failed frame_id=mock-video-3856 error=HTTP Error 404: Not Found
vision_push_failed frame_id=mock-video-3857 error=HTTP Error 404: Not Found
vision_push_failed frame_id=mock-video-3858 error=HTTP Error 404: Not Found
vision_push_failed frame_id=mock-video-3859 error=HTTP Error 404: Not Found
vision_push_failed frame_id=mock-video-3860 error=HTTP Error 404: Not Found
vision_push_failed frame_id=mock-video-3861 error=HTTP Error 404: Not Found
vision_push_failed frame_id=mock-video-3862 error=HTTP Error 404: Not Found
vision_push_failed frame_id=mock-video-3863 error=HTTP Error 404: Not Found
vision_push_failed frame_id=mock-video-3864 error=HTTP Error 404: Not Found
vision_push_failed frame_id=mock-video-3865 error=HTTP Error 404: Not Found
vision_push_failed frame_id=mock-video-3866 error=HTTP Error 404: Not Found
vision_push_failed frame_id=mock-video-3867 error=HTTP Error 404: Not Found
vision_push_failed frame_id=mock-video-3868 error=HTTP Error 404: Not Found
vision_push_failed frame_id=mock-video-3869 error=HTTP Error 404: Not Found
vision_push_failed frame_id=mock-video-3870 error=HTTP Error 404: Not Found
vision_push_failed frame_id=mock-video-3871 error=HTTP Error 404: Not Found
vision_push_failed frame_id=mock-video-3872 error=HTTP Error 404: Not Found
vision_push_failed frame_id=mock-video-3873 error=HTTP Error 404: Not Found
vision_push_failed frame_id=mock-video-3874 error=HTTP Error 404: Not Found
vision_push_failed frame_id=mock-video-3875 error=HTTP Error 404: Not Found
vision_push_failed frame_id=mock-video-3876 error=HTTP Error 404: Not Found
vision_push_failed frame_id=mock-video-3877 error=HTTP Error 404: Not Found
vision_push_failed frame_id=mock-video-3878 error=HTTP Error 404: Not Found
vision_push_failed frame_id=mock-video-3879 error=<urlopen error timed out>
vision_push_failed frame_id=mock-video-3880 error=HTTP Error 404: Not Found
vision_push_failed frame_id=mock-video-3881 error=HTTP Error 404: Not Found
vision_push_failed frame_id=mock-video-3882 error=HTTP Error 404: Not Found
vision_push_failed frame_id=mock-video-3883 error=HTTP Error 404: Not Found
vision_push_failed frame_id=mock-video-3884 error=HTTP Error 404: Not Found
vision_push_failed frame_id=mock-video-3885 error=HTTP Error 404: Not Found
vision_push_failed frame_id=mock-video-3886 error=HTTP Error 404: Not Found
vision_push_failed frame_id=mock-video-3887 error=HTTP Error 404: Not Found
vision_push_failed frame_id=mock-video-3888 error=HTTP Error 404: Not Found
vision_push_failed frame_id=mock-video-3889 error=HTTP Error 404: Not Found
vision_push_failed frame_id=mock-video-3890 error=HTTP Error 404: Not Found
vision_push_failed frame_id=mock-video-3891 error=HTTP Error 404: Not Found
vision_push_failed frame_id=mock-video-3892 error=HTTP Error 404: Not Found
vision_push_failed frame_id=mock-video-3893 error=HTTP Error 404: Not Found
vision_push_failed frame_id=mock-video-3894 error=HTTP Error 404: Not Found
vision_push_failed frame_id=mock-video-3895 error=HTTP Error 404: Not Found
vision_push_failed frame_id=mock-video-3896 error=HTTP Error 404: Not Found
vision_push_failed frame_id=mock-video-3897 error=HTTP Error 404: Not Found
vision_push_failed frame_id=mock-video-3898 error=HTTP Error 404: Not Found
vision_push_failed frame_id=mock-video-3899 error=HTTP Error 404: Not Found
vision_push_failed frame_id=mock-video-3900 error=HTTP Error 404: Not Found
vision_push_failed frame_id=mock-video-3901 error=HTTP Error 404: Not Found
vision_push_failed frame_id=mock-video-3902 error=HTTP Error 404: Not Found
vision_push_failed frame_id=mock-video-3903 error=HTTP Error 404: Not Found
vision_push_failed frame_id=mock-video-3904 error=HTTP Error 404: Not Found
vision_push_failed frame_id=mock-video-3905 error=HTTP Error 404: Not Found
vision_push_failed frame_id=mock-video-3906 error=HTTP Error 404: Not Found
vision_push_failed frame_id=mock-video-3907 error=HTTP Error 404: Not Found
vision_push_failed frame_id=mock-video-3908 error=HTTP Error 404: Not Found
vision_push_failed frame_id=mock-video-3909 error=HTTP Error 404: Not Found
vision_push_failed frame_id=mock-video-3910 error=HTTP Error 404: Not Found
vision_push_failed frame_id=mock-video-3911 error=HTTP Error 404: Not Found
vision_push_failed frame_id=mock-video-3912 error=HTTP Error 404: Not Found
vision_push_failed frame_id=mock-video-3913 error=HTTP Error 404: Not Found
vision_push_failed frame_id=mock-video-3914 error=HTTP Error 404: Not Found
vision_push_failed frame_id=mock-video-3915 error=HTTP Error 404: Not Found
vision_push_failed frame_id=mock-video-3916 error=HTTP Error 404: Not Found
vision_push_failed frame_id=mock-video-3917 error=HTTP Error 404: Not Found
vision_push_failed frame_id=mock-video-3918 error=HTTP Error 404: Not Found
vision_push_failed frame_id=mock-video-3919 error=HTTP Error 404: Not Found
vision_push_failed frame_id=mock-video-3920 error=HTTP Error 404: Not Found
vision_push_failed frame_id=mock-video-3921 error=HTTP Error 404: Not Found
vision_push_failed frame_id=mock-video-3922 error=HTTP Error 404: Not Found
vision_push_failed frame_id=mock-video-3923 error=HTTP Error 404: Not Found
vision_push_failed frame_id=mock-video-3924 error=HTTP Error 404: Not Found
vision_push_failed frame_id=mock-video-3925 error=HTTP Error 404: Not Found
vision_push_failed frame_id=mock-video-3926 error=HTTP Error 404: Not Found
vision_push_failed frame_id=mock-video-3927 error=HTTP Error 404: Not Found
vision_push_failed frame_id=mock-video-3928 error=HTTP Error 404: Not Found
vision_push_failed frame_id=mock-video-3929 error=HTTP Error 404: Not Found
vision_push_failed frame_id=mock-video-3930 error=HTTP Error 404: Not Found
vision_push_failed frame_id=mock-video-3931 error=HTTP Error 404: Not Found
vision_push_failed frame_id=mock-video-3932 error=HTTP Error 404: Not Found
vision_push_failed frame_id=mock-video-3933 error=HTTP Error 404: Not Found
vision_push_failed frame_id=mock-video-3934 error=HTTP Error 404: Not Found
vision_push_failed frame_id=mock-video-3935 error=HTTP Error 404: Not Found
vision_push_failed frame_id=mock-video-3936 error=HTTP Error 404: Not Found
vision_push_failed frame_id=mock-video-3937 error=HTTP Error 404: Not Found
vision_push_failed frame_id=mock-video-3938 error=HTTP Error 404: Not Found
vision_push_failed frame_id=mock-video-3939 error=HTTP Error 404: Not Found
vision_push_failed frame_id=mock-video-3940 error=HTTP Error 404: Not Found
vision_push_failed frame_id=mock-video-3941 error=HTTP Error 404: Not Found
vision_push_failed frame_id=mock-video-3942 error=HTTP Error 404: Not Found
vision_push_failed frame_id=mock-video-3943 error=HTTP Error 404: Not Found
vision_push_failed frame_id=mock-video-3944 error=HTTP Error 404: Not Found
vision_push_failed frame_id=mock-video-3945 error=HTTP Error 404: Not Found
vision_push_failed frame_id=mock-video-3946 error=HTTP Error 404: Not Found
vision_push_failed frame_id=mock-video-3947 error=HTTP Error 404: Not Found
vision_push_failed frame_id=mock-video-3948 error=HTTP Error 404: Not Found
vision_push_failed frame_id=mock-video-3949 error=HTTP Error 404: Not Found
vision_push_failed frame_id=mock-video-3950 error=<urlopen error timed out>
vision_push_failed frame_id=mock-video-3951 error=HTTP Error 404: Not Found
vision_push_failed frame_id=mock-video-3952 error=HTTP Error 404: Not Found
vision_push_failed frame_id=mock-video-3953 error=HTTP Error 404: Not Found
vision_push_failed frame_id=mock-video-3954 error=HTTP Error 404: Not Found
vision_push_failed frame_id=mock-video-3955 error=HTTP Error 404: Not Found
vision_push_failed frame_id=mock-video-3956 error=HTTP Error 404: Not Found
vision_push_failed frame_id=mock-video-3957 error=HTTP Error 404: Not Found
vision_push_failed frame_id=mock-video-3958 error=HTTP Error 404: Not Found
vision_push_failed frame_id=mock-video-3959 error=HTTP Error 404: Not Found
vision_push_failed frame_id=mock-video-3960 error=HTTP Error 404: Not Found
vision_push_failed frame_id=mock-video-3961 error=HTTP Error 404: Not Found
vision_push_failed frame_id=mock-video-3962 error=HTTP Error 404: Not Found
vision_push_failed frame_id=mock-video-3963 error=HTTP Error 404: Not Found
vision_push_failed frame_id=mock-video-3964 error=HTTP Error 404: Not Found
vision_push_failed frame_id=mock-video-3965 error=HTTP Error 404: Not Found
vision_push_failed frame_id=mock-video-3966 error=HTTP Error 404: Not Found
vision_push_failed frame_id=mock-video-3967 error=HTTP Error 404: Not Found
vision_push_failed frame_id=mock-video-3968 error=HTTP Error 404: Not Found
vision_push_failed frame_id=mock-video-3969 error=HTTP Error 404: Not Found
vision_push_failed frame_id=mock-video-3970 error=HTTP Error 404: Not Found
vision_push_failed frame_id=mock-video-3971 error=HTTP Error 404: Not Found
vision_push_failed frame_id=mock-video-3972 error=HTTP Error 404: Not Found
vision_push_failed frame_id=mock-video-3973 error=HTTP Error 404: Not Found
vision_push_failed frame_id=mock-video-3974 error=HTTP Error 404: Not Found
vision_push_failed frame_id=mock-video-3975 error=HTTP Error 404: Not Found
vision_push_failed frame_id=mock-video-3976 error=HTTP Error 404: Not Found
vision_push_failed frame_id=mock-video-3977 error=HTTP Error 404: Not Found
vision_push_failed frame_id=mock-video-3978 error=HTTP Error 404: Not Found
vision_push_failed frame_id=mock-video-3979 error=HTTP Error 404: Not Found
vision_push_failed frame_id=mock-video-3980 error=HTTP Error 404: Not Found
vision_push_failed frame_id=mock-video-3981 error=HTTP Error 404: Not Found
vision_push_failed frame_id=mock-video-3982 error=HTTP Error 404: Not Found
vision_push_failed frame_id=mock-video-3983 error=HTTP Error 404: Not Found
vision_push_failed frame_id=mock-video-3984 error=HTTP Error 404: Not Found
vision_push_failed frame_id=mock-video-3985 error=HTTP Error 404: Not Found
vision_push_failed frame_id=mock-video-3986 error=HTTP Error 404: Not Found
vision_push_failed frame_id=mock-video-3987 error=HTTP Error 404: Not Found
vision_push_failed frame_id=mock-video-3988 error=HTTP Error 404: Not Found
vision_push_failed frame_id=mock-video-3989 error=HTTP Error 404: Not Found
vision_push_failed frame_id=mock-video-3990 error=HTTP Error 404: Not Found
vision_push_failed frame_id=mock-video-3991 error=HTTP Error 404: Not Found
vision_push_failed frame_id=mock-video-3992 error=HTTP Error 404: Not Found
vision_push_failed frame_id=mock-video-3993 error=HTTP Error 404: Not Found
vision_push_failed frame_id=mock-video-3994 error=HTTP Error 404: Not Found
vision_push_failed frame_id=mock-video-3995 error=HTTP Error 404: Not Found
vision_push_failed frame_id=mock-video-3996 error=HTTP Error 404: Not Found
vision_push_failed frame_id=mock-video-3997 error=HTTP Error 404: Not Found
vision_push_failed frame_id=mock-video-3998 error=HTTP Error 404: Not Found
vision_push_failed frame_id=mock-video-3999 error=HTTP Error 404: Not Found
vision_push_failed frame_id=mock-video-4000 error=HTTP Error 404: Not Found
vision_push_failed frame_id=mock-video-4001 error=HTTP Error 404: Not Found
vision_push_failed frame_id=mock-video-4002 error=HTTP Error 404: Not Found
vision_push_failed frame_id=mock-video-4003 error=HTTP Error 404: Not Found
vision_push_failed frame_id=mock-video-4004 error=HTTP Error 404: Not Found
vision_push_failed frame_id=mock-video-4005 error=HTTP Error 404: Not Found
vision_push_failed frame_id=mock-video-4006 error=HTTP Error 404: Not Found
vision_push_failed frame_id=mock-video-4007 error=HTTP Error 404: Not Found
vision_push_failed frame_id=mock-video-4008 error=HTTP Error 404: Not Found
vision_push_failed frame_id=mock-video-4009 error=HTTP Error 404: Not Found
vision_push_failed frame_id=mock-video-4010 error=HTTP Error 404: Not Found
vision_push_failed frame_id=mock-video-4011 error=HTTP Error 404: Not Found
vision_push_failed frame_id=mock-video-4012 error=HTTP Error 404: Not Found
vision_push_failed frame_id=mock-video-4013 error=HTTP Error 404: Not Found
vision_push_failed frame_id=mock-video-4014 error=HTTP Error 404: Not Found
vision_push_failed frame_id=mock-video-4015 error=HTTP Error 404: Not Found
vision_push_failed frame_id=mock-video-4016 error=HTTP Error 404: Not Found
vision_push_failed frame_id=mock-video-4017 error=HTTP Error 404: Not Found
vision_push_failed frame_id=mock-video-4018 error=HTTP Error 404: Not Found
vision_push_failed frame_id=mock-video-4019 error=HTTP Error 404: Not Found
vision_push_failed frame_id=mock-video-4020 error=HTTP Error 404: Not Found
vision_push_failed frame_id=mock-video-4021 error=HTTP Error 404: Not Found
vision_push_failed frame_id=mock-video-4022 error=HTTP Error 404: Not Found
vision_push_failed frame_id=mock-video-4023 error=HTTP Error 404: Not Found
vision_push_failed frame_id=mock-video-4024 error=HTTP Error 404: Not Found
vision_push_failed frame_id=mock-video-4025 error=HTTP Error 404: Not Found
vision_push_failed frame_id=mock-video-4026 error=HTTP Error 404: Not Found
vision_push_failed frame_id=mock-video-4027 error=HTTP Error 404: Not Found
vision_push_failed frame_id=mock-video-4028 error=HTTP Error 404: Not Found
vision_push_failed frame_id=mock-video-4029 error=HTTP Error 404: Not Found
vision_push_failed frame_id=mock-video-4030 error=HTTP Error 404: Not Found
vision_push_failed frame_id=mock-video-4031 error=HTTP Error 404: Not Found
vision_push_failed frame_id=mock-video-4032 error=HTTP Error 404: Not Found
vision_push_failed frame_id=mock-video-4033 error=HTTP Error 404: Not Found
vision_push_failed frame_id=mock-video-4034 error=HTTP Error 404: Not Found
vision_push_failed frame_id=mock-video-4035 error=HTTP Error 404: Not Found
vision_push_failed frame_id=mock-video-4036 error=HTTP Error 404: Not Found
vision_push_failed frame_id=mock-video-4037 error=HTTP Error 404: Not Found
vision_push_failed frame_id=mock-video-4038 error=HTTP Error 404: Not Found
vision_push_failed frame_id=mock-video-4039 error=HTTP Error 404: Not Found
vision_push_failed frame_id=mock-video-4040 error=HTTP Error 404: Not Found
vision_push_failed frame_id=mock-video-4041 error=HTTP Error 404: Not Found
vision_push_failed frame_id=mock-video-4042 error=HTTP Error 404: Not Found
vision_push_failed frame_id=mock-video-4043 error=HTTP Error 404: Not Found
vision_push_failed frame_id=mock-video-4044 error=HTTP Error 404: Not Found
vision_push_failed frame_id=mock-video-4045 error=HTTP Error 404: Not Found
vision_push_failed frame_id=mock-video-4046 error=HTTP Error 404: Not Found
vision_push_failed frame_id=mock-video-4047 error=HTTP Error 404: Not Found
vision_push_failed frame_id=mock-video-4048 error=HTTP Error 404: Not Found
vision_push_failed frame_id=mock-video-4049 error=HTTP Error 404: Not Found
vision_push_failed frame_id=mock-video-4050 error=HTTP Error 404: Not Found
vision_push_failed frame_id=mock-video-4051 error=HTTP Error 404: Not Found
vision_push_failed frame_id=mock-video-4052 error=HTTP Error 404: Not Found
vision_push_failed frame_id=mock-video-4053 error=HTTP Error 404: Not Found
vision_push_failed frame_id=mock-video-4054 error=HTTP Error 404: Not Found
vision_push_failed frame_id=mock-video-4055 error=HTTP Error 404: Not Found
vision_push_failed frame_id=mock-video-4056 error=HTTP Error 404: Not Found
vision_push_failed frame_id=mock-video-4057 error=HTTP Error 404: Not Found
vision_push_failed frame_id=mock-video-4058 error=HTTP Error 404: Not Found
vision_push_failed frame_id=mock-video-4059 error=HTTP Error 404: Not Found
vision_push_failed frame_id=mock-video-4060 error=HTTP Error 404: Not Found
vision_push_failed frame_id=mock-video-4061 error=HTTP Error 404: Not Found
vision_push_failed frame_id=mock-video-4062 error=HTTP Error 404: Not Found
vision_push_failed frame_id=mock-video-4063 error=HTTP Error 404: Not Found
vision_push_failed frame_id=mock-video-4064 error=HTTP Error 404: Not Found
vision_push_failed frame_id=mock-video-4065 error=HTTP Error 404: Not Found
vision_push_failed frame_id=mock-video-4066 error=HTTP Error 404: Not Found
vision_push_failed frame_id=mock-video-4067 error=HTTP Error 404: Not Found
vision_push_failed frame_id=mock-video-4068 error=HTTP Error 404: Not Found
vision_push_failed frame_id=mock-video-4069 error=HTTP Error 404: Not Found
vision_push_failed frame_id=mock-video-4070 error=HTTP Error 404: Not Found
vision_push_failed frame_id=mock-video-4071 error=HTTP Error 404: Not Found
vision_push_failed frame_id=mock-video-4072 error=HTTP Error 404: Not Found
vision_push_failed frame_id=mock-video-4073 error=HTTP Error 404: Not Found
vision_push_failed frame_id=mock-video-4074 error=HTTP Error 404: Not Found
vision_push_failed frame_id=mock-video-4075 error=HTTP Error 404: Not Found
vision_push_failed frame_id=mock-video-4076 error=HTTP Error 404: Not Found
vision_push_failed frame_id=mock-video-4077 error=HTTP Error 404: Not Found
vision_push_failed frame_id=mock-video-4078 error=HTTP Error 404: Not Found
vision_push_failed frame_id=mock-video-4079 error=HTTP Error 404: Not Found
vision_push_failed frame_id=mock-video-4080 error=HTTP Error 404: Not Found
vision_push_failed frame_id=mock-video-4081 error=HTTP Error 404: Not Found
vision_push_failed frame_id=mock-video-4082 error=HTTP Error 404: Not Found
vision_push_failed frame_id=mock-video-4083 error=HTTP Error 404: Not Found
vision_push_failed frame_id=mock-video-4084 error=HTTP Error 404: Not Found
vision_push_failed frame_id=mock-video-4085 error=HTTP Error 404: Not Found
vision_push_failed frame_id=mock-video-4086 error=HTTP Error 404: Not Found
vision_push_failed frame_id=mock-video-4087 error=HTTP Error 404: Not Found
vision_push_failed frame_id=mock-video-4088 error=HTTP Error 404: Not Found
vision_push_failed frame_id=mock-video-4089 error=HTTP Error 404: Not Found
vision_push_failed frame_id=mock-video-4090 error=HTTP Error 404: Not Found
vision_push_failed frame_id=mock-video-4091 error=HTTP Error 404: Not Found
vision_push_failed frame_id=mock-video-4092 error=HTTP Error 404: Not Found
vision_push_failed frame_id=mock-video-4093 error=HTTP Error 404: Not Found
vision_push_failed frame_id=mock-video-4094 error=HTTP Error 404: Not Found
vision_push_failed frame_id=mock-video-4095 error=HTTP Error 404: Not Found
vision_push_failed frame_id=mock-video-4096 error=HTTP Error 404: Not Found
vision_push_failed frame_id=mock-video-4097 error=HTTP Error 404: Not Found
vision_push_failed frame_id=mock-video-4098 error=HTTP Error 404: Not Found
vision_push_failed frame_id=mock-video-4099 error=HTTP Error 404: Not Found
vision_push_failed frame_id=mock-video-4100 error=HTTP Error 404: Not Found
vision_push_failed frame_id=mock-video-4101 error=HTTP Error 404: Not Found
vision_push_failed frame_id=mock-video-4102 error=HTTP Error 404: Not Found
vision_push_failed frame_id=mock-video-4103 error=HTTP Error 404: Not Found
vision_push_failed frame_id=mock-video-4104 error=HTTP Error 404: Not Found
vision_push_failed frame_id=mock-video-4105 error=HTTP Error 404: Not Found
vision_push_failed frame_id=mock-video-4106 error=HTTP Error 404: Not Found
vision_push_failed frame_id=mock-video-4107 error=HTTP Error 404: Not Found
vision_push_failed frame_id=mock-video-4108 error=HTTP Error 404: Not Found
vision_push_failed frame_id=mock-video-4109 error=HTTP Error 404: Not Found
vision_push_failed frame_id=mock-video-4110 error=HTTP Error 404: Not Found
vision_push_failed frame_id=mock-video-4111 error=HTTP Error 404: Not Found
vision_push_failed frame_id=mock-video-4112 error=HTTP Error 404: Not Found
vision_push_failed frame_id=mock-video-4113 error=HTTP Error 404: Not Found
vision_push_failed frame_id=mock-video-4114 error=HTTP Error 404: Not Found
vision_push_failed frame_id=mock-video-4115 error=HTTP Error 404: Not Found
vision_push_failed frame_id=mock-video-4116 error=HTTP Error 404: Not Found
vision_push_failed frame_id=mock-video-4117 error=HTTP Error 404: Not Found
vision_push_failed frame_id=mock-video-4118 error=HTTP Error 404: Not Found
vision_push_failed frame_id=mock-video-4119 error=HTTP Error 404: Not Found
vision_push_failed frame_id=mock-video-4120 error=HTTP Error 404: Not Found
vision_push_failed frame_id=mock-video-4121 error=HTTP Error 404: Not Found
vision_push_failed frame_id=mock-video-4122 error=HTTP Error 404: Not Found
vision_push_failed frame_id=mock-video-4123 error=HTTP Error 404: Not Found
vision_push_failed frame_id=mock-video-4124 error=HTTP Error 404: Not Found
vision_push_failed frame_id=mock-video-4125 error=HTTP Error 404: Not Found
vision_push_failed frame_id=mock-video-4126 error=HTTP Error 404: Not Found
vision_push_failed frame_id=mock-video-4127 error=HTTP Error 404: Not Found
vision_push_failed frame_id=mock-video-4128 error=HTTP Error 404: Not Found
vision_push_failed frame_id=mock-video-4129 error=HTTP Error 404: Not Found
vision_push_failed frame_id=mock-video-4130 error=HTTP Error 404: Not Found
vision_push_failed frame_id=mock-video-4131 error=HTTP Error 404: Not Found
vision_push_failed frame_id=mock-video-4132 error=HTTP Error 404: Not Found
vision_push_failed frame_id=mock-video-4133 error=HTTP Error 404: Not Found
vision_push_failed frame_id=mock-video-4134 error=HTTP Error 404: Not Found
vision_push_failed frame_id=mock-video-4135 error=HTTP Error 404: Not Found
vision_push_failed frame_id=mock-video-4136 error=HTTP Error 404: Not Found
vision_push_failed frame_id=mock-video-4137 error=HTTP Error 404: Not Found
vision_push_failed frame_id=mock-video-4138 error=HTTP Error 404: Not Found
vision_push_failed frame_id=mock-video-4139 error=HTTP Error 404: Not Found
vision_push_failed frame_id=mock-video-4140 error=HTTP Error 404: Not Found
vision_push_failed frame_id=mock-video-4141 error=HTTP Error 404: Not Found
vision_push_failed frame_id=mock-video-4142 error=HTTP Error 404: Not Found
vision_push_failed frame_id=mock-video-4143 error=HTTP Error 404: Not Found
vision_push_failed frame_id=mock-video-4144 error=HTTP Error 404: Not Found
vision_push_failed frame_id=mock-video-4145 error=HTTP Error 404: Not Found
vision_push_failed frame_id=mock-video-4146 error=HTTP Error 404: Not Found
vision_push_failed frame_id=mock-video-4147 error=HTTP Error 404: Not Found
vision_push_failed frame_id=mock-video-4148 error=HTTP Error 404: Not Found
vision_push_failed frame_id=mock-video-4149 error=HTTP Error 404: Not Found
vision_push_failed frame_id=mock-video-4150 error=HTTP Error 404: Not Found
vision_push_failed frame_id=mock-video-4151 error=HTTP Error 404: Not Found
vision_push_failed frame_id=mock-video-4152 error=HTTP Error 404: Not Found
vision_push_failed frame_id=mock-video-4153 error=HTTP Error 404: Not Found
vision_push_failed frame_id=mock-video-4154 error=HTTP Error 404: Not Found
vision_push_failed frame_id=mock-video-4155 error=<urlopen error timed out>
vision_push_failed frame_id=mock-video-4156 error=HTTP Error 404: Not Found
vision_push_failed frame_id=mock-video-4157 error=HTTP Error 404: Not Found
vision_push_failed frame_id=mock-video-4158 error=HTTP Error 404: Not Found
vision_push_failed frame_id=mock-video-4159 error=HTTP Error 404: Not Found
vision_push_failed frame_id=mock-video-4160 error=HTTP Error 404: Not Found
vision_push_failed frame_id=mock-video-4161 error=HTTP Error 404: Not Found
vision_push_failed frame_id=mock-video-4162 error=HTTP Error 404: Not Found
vision_push_failed frame_id=mock-video-4163 error=HTTP Error 404: Not Found
vision_push_failed frame_id=mock-video-4164 error=HTTP Error 404: Not Found
vision_push_failed frame_id=mock-video-4165 error=HTTP Error 404: Not Found
vision_push_failed frame_id=mock-video-4166 error=HTTP Error 404: Not Found
vision_push_failed frame_id=mock-video-4167 error=HTTP Error 404: Not Found
vision_push_failed frame_id=mock-video-4168 error=HTTP Error 404: Not Found
vision_push_failed frame_id=mock-video-4169 error=<urlopen error timed out>
vision_push_failed frame_id=mock-video-4170 error=HTTP Error 404: Not Found
vision_push_failed frame_id=mock-video-4171 error=HTTP Error 404: Not Found
vision_push_failed frame_id=mock-video-4172 error=HTTP Error 404: Not Found
vision_push_failed frame_id=mock-video-4173 error=HTTP Error 404: Not Found
vision_push_failed frame_id=mock-video-4174 error=HTTP Error 404: Not Found
vision_push_failed frame_id=mock-video-4175 error=HTTP Error 404: Not Found
vision_push_failed frame_id=mock-video-4176 error=HTTP Error 404: Not Found
vision_push_failed frame_id=mock-video-4177 error=HTTP Error 404: Not Found
vision_push_failed frame_id=mock-video-4178 error=HTTP Error 404: Not Found
vision_push_failed frame_id=mock-video-4179 error=HTTP Error 404: Not Found
vision_push_failed frame_id=mock-video-4180 error=HTTP Error 404: Not Found
vision_push_failed frame_id=mock-video-4181 error=HTTP Error 404: Not Found
vision_push_failed frame_id=mock-video-4182 error=HTTP Error 404: Not Found
vision_push_failed frame_id=mock-video-4183 error=HTTP Error 404: Not Found
vision_push_failed frame_id=mock-video-4184 error=HTTP Error 404: Not Found
vision_push_failed frame_id=mock-video-4185 error=HTTP Error 404: Not Found
vision_push_failed frame_id=mock-video-4186 error=HTTP Error 404: Not Found
vision_push_failed frame_id=mock-video-4187 error=HTTP Error 404: Not Found
vision_push_failed frame_id=mock-video-4188 error=HTTP Error 404: Not Found
vision_push_failed frame_id=mock-video-4189 error=HTTP Error 404: Not Found
vision_push_failed frame_id=mock-video-4190 error=HTTP Error 404: Not Found
vision_push_failed frame_id=mock-video-4191 error=HTTP Error 404: Not Found
vision_push_failed frame_id=mock-video-4192 error=HTTP Error 404: Not Found
vision_push_failed frame_id=mock-video-4193 error=HTTP Error 404: Not Found
vision_push_failed frame_id=mock-video-4194 error=HTTP Error 404: Not Found
vision_push_failed frame_id=mock-video-4195 error=HTTP Error 404: Not Found
vision_push_failed frame_id=mock-video-4196 error=HTTP Error 404: Not Found
vision_push_failed frame_id=mock-video-4197 error=HTTP Error 404: Not Found
vision_push_failed frame_id=mock-video-4198 error=HTTP Error 404: Not Found
vision_push_failed frame_id=mock-video-4199 error=HTTP Error 404: Not Found
vision_push_failed frame_id=mock-video-4200 error=HTTP Error 404: Not Found
vision_push_failed frame_id=mock-video-4201 error=HTTP Error 404: Not Found
vision_push_failed frame_id=mock-video-4202 error=HTTP Error 404: Not Found
vision_push_failed frame_id=mock-video-4203 error=HTTP Error 404: Not Found
vision_push_failed frame_id=mock-video-4204 error=HTTP Error 404: Not Found
vision_push_failed frame_id=mock-video-4205 error=HTTP Error 404: Not Found
vision_push_failed frame_id=mock-video-4206 error=HTTP Error 404: Not Found
vision_push_failed frame_id=mock-video-4207 error=HTTP Error 404: Not Found
vision_push_failed frame_id=mock-video-4208 error=HTTP Error 404: Not Found
vision_push_failed frame_id=mock-video-4209 error=HTTP Error 404: Not Found
vision_push_failed frame_id=mock-video-4210 error=HTTP Error 404: Not Found
vision_push_failed frame_id=mock-video-4211 error=HTTP Error 404: Not Found
vision_push_failed frame_id=mock-video-4212 error=HTTP Error 404: Not Found
vision_push_failed frame_id=mock-video-4213 error=HTTP Error 404: Not Found
vision_push_failed frame_id=mock-video-4214 error=HTTP Error 404: Not Found
vision_push_failed frame_id=mock-video-4215 error=HTTP Error 404: Not Found
vision_push_failed frame_id=mock-video-4216 error=HTTP Error 404: Not Found
vision_push_failed frame_id=mock-video-4217 error=HTTP Error 404: Not Found
vision_push_failed frame_id=mock-video-4218 error=HTTP Error 404: Not Found
vision_push_failed frame_id=mock-video-4219 error=HTTP Error 404: Not Found
vision_push_failed frame_id=mock-video-4220 error=HTTP Error 404: Not Found
vision_push_failed frame_id=mock-video-4221 error=HTTP Error 404: Not Found
vision_push_failed frame_id=mock-video-4222 error=HTTP Error 404: Not Found
vision_push_failed frame_id=mock-video-4223 error=HTTP Error 404: Not Found
vision_push_failed frame_id=mock-video-4224 error=HTTP Error 404: Not Found
vision_push_failed frame_id=mock-video-4225 error=HTTP Error 404: Not Found
vision_push_failed frame_id=mock-video-4226 error=HTTP Error 404: Not Found
vision_push_failed frame_id=mock-video-4227 error=HTTP Error 404: Not Found
vision_push_failed frame_id=mock-video-4228 error=HTTP Error 404: Not Found
vision_push_failed frame_id=mock-video-4229 error=HTTP Error 404: Not Found
vision_push_failed frame_id=mock-video-4230 error=HTTP Error 404: Not Found
vision_push_failed frame_id=mock-video-4231 error=HTTP Error 404: Not Found
vision_push_failed frame_id=mock-video-4232 error=HTTP Error 404: Not Found
vision_push_failed frame_id=mock-video-4233 error=HTTP Error 404: Not Found
vision_push_failed frame_id=mock-video-4234 error=HTTP Error 404: Not Found
vision_push_failed frame_id=mock-video-4235 error=HTTP Error 404: Not Found
vision_push_failed frame_id=mock-video-4236 error=HTTP Error 404: Not Found
vision_push_failed frame_id=mock-video-4237 error=HTTP Error 404: Not Found
vision_push_failed frame_id=mock-video-4238 error=HTTP Error 404: Not Found
vision_push_failed frame_id=mock-video-4239 error=HTTP Error 404: Not Found
vision_push_failed frame_id=mock-video-4240 error=HTTP Error 404: Not Found
vision_push_failed frame_id=mock-video-4241 error=HTTP Error 404: Not Found
vision_push_failed frame_id=mock-video-4242 error=HTTP Error 404: Not Found
vision_push_failed frame_id=mock-video-4243 error=HTTP Error 404: Not Found
vision_push_failed frame_id=mock-video-4244 error=HTTP Error 404: Not Found
vision_push_failed frame_id=mock-video-4245 error=HTTP Error 404: Not Found
vision_push_failed frame_id=mock-video-4246 error=HTTP Error 404: Not Found
vision_push_failed frame_id=mock-video-4247 error=HTTP Error 404: Not Found
vision_push_failed frame_id=mock-video-4248 error=HTTP Error 404: Not Found
vision_push_failed frame_id=mock-video-4249 error=HTTP Error 404: Not Found
vision_push_failed frame_id=mock-video-4250 error=HTTP Error 404: Not Found
vision_push_failed frame_id=mock-video-4251 error=HTTP Error 404: Not Found
vision_push_failed frame_id=mock-video-4252 error=HTTP Error 404: Not Found
vision_push_failed frame_id=mock-video-4253 error=HTTP Error 404: Not Found
vision_push_failed frame_id=mock-video-4254 error=HTTP Error 404: Not Found
vision_push_failed frame_id=mock-video-4255 error=HTTP Error 404: Not Found
vision_push_failed frame_id=mock-video-4256 error=HTTP Error 404: Not Found
vision_push_failed frame_id=mock-video-4257 error=HTTP Error 404: Not Found
vision_push_failed frame_id=mock-video-4258 error=HTTP Error 404: Not Found
vision_push_failed frame_id=mock-video-4259 error=HTTP Error 404: Not Found
vision_push_failed frame_id=mock-video-4260 error=HTTP Error 404: Not Found
vision_push_failed frame_id=mock-video-4261 error=HTTP Error 404: Not Found
vision_push_failed frame_id=mock-video-4262 error=HTTP Error 404: Not Found
vision_push_failed frame_id=mock-video-4263 error=HTTP Error 404: Not Found
vision_push_failed frame_id=mock-video-4264 error=HTTP Error 404: Not Found
vision_push_failed frame_id=mock-video-4265 error=HTTP Error 404: Not Found
vision_push_failed frame_id=mock-video-4266 error=HTTP Error 404: Not Found
vision_push_failed frame_id=mock-video-4267 error=HTTP Error 404: Not Found
vision_push_failed frame_id=mock-video-4268 error=HTTP Error 404: Not Found
vision_push_failed frame_id=mock-video-4269 error=HTTP Error 404: Not Found
vision_push_failed frame_id=mock-video-4270 error=HTTP Error 404: Not Found
vision_push_failed frame_id=mock-video-4271 error=HTTP Error 404: Not Found
vision_push_failed frame_id=mock-video-4272 error=HTTP Error 404: Not Found
vision_push_failed frame_id=mock-video-4273 error=HTTP Error 404: Not Found
vision_push_failed frame_id=mock-video-4274 error=HTTP Error 404: Not Found
vision_push_failed frame_id=mock-video-4275 error=HTTP Error 404: Not Found
vision_push_failed frame_id=mock-video-4276 error=HTTP Error 404: Not Found
vision_push_failed frame_id=mock-video-4277 error=HTTP Error 404: Not Found
vision_push_failed frame_id=mock-video-4278 error=HTTP Error 404: Not Found
vision_push_failed frame_id=mock-video-4279 error=HTTP Error 404: Not Found
vision_push_failed frame_id=mock-video-4280 error=HTTP Error 404: Not Found
vision_push_failed frame_id=mock-video-4281 error=HTTP Error 404: Not Found
vision_push_failed frame_id=mock-video-4282 error=HTTP Error 404: Not Found
vision_push_failed frame_id=mock-video-4283 error=HTTP Error 404: Not Found
vision_push_failed frame_id=mock-video-4284 error=HTTP Error 404: Not Found
vision_push_failed frame_id=mock-video-4285 error=HTTP Error 404: Not Found
vision_push_failed frame_id=mock-video-4286 error=HTTP Error 404: Not Found
vision_push_failed frame_id=mock-video-4287 error=HTTP Error 404: Not Found
vision_push_failed frame_id=mock-video-4288 error=HTTP Error 404: Not Found
vision_push_failed frame_id=mock-video-4289 error=HTTP Error 404: Not Found
vision_push_failed frame_id=mock-video-4290 error=HTTP Error 404: Not Found
vision_push_failed frame_id=mock-video-4291 error=HTTP Error 404: Not Found
vision_push_failed frame_id=mock-video-4292 error=HTTP Error 404: Not Found
vision_push_failed frame_id=mock-video-4293 error=HTTP Error 404: Not Found
vision_push_failed frame_id=mock-video-4294 error=HTTP Error 404: Not Found
vision_push_failed frame_id=mock-video-4295 error=HTTP Error 404: Not Found
vision_push_failed frame_id=mock-video-4296 error=HTTP Error 404: Not Found
vision_push_failed frame_id=mock-video-4297 error=HTTP Error 404: Not Found
vision_push_failed frame_id=mock-video-4298 error=HTTP Error 404: Not Found
vision_push_failed frame_id=mock-video-4299 error=HTTP Error 404: Not Found
vision_push_failed frame_id=mock-video-4300 error=HTTP Error 404: Not Found
vision_push_failed frame_id=mock-video-4301 error=HTTP Error 404: Not Found
vision_push_failed frame_id=mock-video-4302 error=HTTP Error 404: Not Found
vision_push_failed frame_id=mock-video-4303 error=HTTP Error 404: Not Found
vision_push_failed frame_id=mock-video-4304 error=HTTP Error 404: Not Found
vision_push_failed frame_id=mock-video-4305 error=HTTP Error 404: Not Found
vision_push_failed frame_id=mock-video-4306 error=HTTP Error 404: Not Found
vision_push_failed frame_id=mock-video-4307 error=HTTP Error 404: Not Found
vision_push_failed frame_id=mock-video-4308 error=HTTP Error 404: Not Found
vision_push_failed frame_id=mock-video-4309 error=HTTP Error 404: Not Found
vision_push_failed frame_id=mock-video-4310 error=HTTP Error 404: Not Found
vision_push_failed frame_id=mock-video-4311 error=HTTP Error 404: Not Found
vision_push_failed frame_id=mock-video-4312 error=HTTP Error 404: Not Found
vision_push_failed frame_id=mock-video-4313 error=HTTP Error 404: Not Found
vision_push_failed frame_id=mock-video-4314 error=HTTP Error 404: Not Found
vision_push_failed frame_id=mock-video-4315 error=HTTP Error 404: Not Found
vision_push_failed frame_id=mock-video-4316 error=HTTP Error 404: Not Found
vision_push_failed frame_id=mock-video-4317 error=HTTP Error 404: Not Found
vision_push_failed frame_id=mock-video-4318 error=HTTP Error 404: Not Found
vision_push_failed frame_id=mock-video-4319 error=HTTP Error 404: Not Found
vision_push_failed frame_id=mock-video-4320 error=HTTP Error 404: Not Found
vision_push_failed frame_id=mock-video-4321 error=HTTP Error 404: Not Found
vision_push_failed frame_id=mock-video-4322 error=HTTP Error 404: Not Found
vision_push_failed frame_id=mock-video-4323 error=HTTP Error 404: Not Found
vision_push_failed frame_id=mock-video-4324 error=HTTP Error 404: Not Found
vision_push_failed frame_id=mock-video-4325 error=HTTP Error 404: Not Found
vision_push_failed frame_id=mock-video-4326 error=HTTP Error 404: Not Found
vision_push_failed frame_id=mock-video-4327 error=HTTP Error 404: Not Found
vision_push_failed frame_id=mock-video-4328 error=HTTP Error 404: Not Found
vision_push_failed frame_id=mock-video-4329 error=HTTP Error 404: Not Found
vision_push_failed frame_id=mock-video-4330 error=HTTP Error 404: Not Found
vision_push_failed frame_id=mock-video-4331 error=HTTP Error 404: Not Found
vision_push_failed frame_id=mock-video-4332 error=HTTP Error 404: Not Found
vision_push_failed frame_id=mock-video-4333 error=HTTP Error 404: Not Found
vision_push_failed frame_id=mock-video-4334 error=HTTP Error 404: Not Found
vision_push_failed frame_id=mock-video-4335 error=HTTP Error 404: Not Found
vision_push_failed frame_id=mock-video-4336 error=HTTP Error 404: Not Found
vision_push_failed frame_id=mock-video-4337 error=HTTP Error 404: Not Found
vision_push_failed frame_id=mock-video-4338 error=HTTP Error 404: Not Found
vision_push_failed frame_id=mock-video-4339 error=HTTP Error 404: Not Found
vision_push_failed frame_id=mock-video-4340 error=HTTP Error 404: Not Found
vision_push_failed frame_id=mock-video-4341 error=HTTP Error 404: Not Found
vision_push_failed frame_id=mock-video-4342 error=HTTP Error 404: Not Found
vision_push_failed frame_id=mock-video-4343 error=HTTP Error 404: Not Found
vision_push_failed frame_id=mock-video-4344 error=HTTP Error 404: Not Found
vision_push_failed frame_id=mock-video-4345 error=HTTP Error 404: Not Found
vision_push_failed frame_id=mock-video-4346 error=HTTP Error 404: Not Found
vision_push_failed frame_id=mock-video-4347 error=HTTP Error 404: Not Found
vision_push_failed frame_id=mock-video-4348 error=HTTP Error 404: Not Found
vision_push_failed frame_id=mock-video-4349 error=HTTP Error 404: Not Found
vision_push_failed frame_id=mock-video-4350 error=HTTP Error 404: Not Found
vision_push_failed frame_id=mock-video-4351 error=HTTP Error 404: Not Found
vision_push_failed frame_id=mock-video-4352 error=HTTP Error 404: Not Found
vision_push_failed frame_id=mock-video-4353 error=HTTP Error 404: Not Found
vision_push_failed frame_id=mock-video-4354 error=HTTP Error 404: Not Found
vision_push_failed frame_id=mock-video-4355 error=HTTP Error 404: Not Found
vision_push_failed frame_id=mock-video-4356 error=HTTP Error 404: Not Found
vision_push_failed frame_id=mock-video-4357 error=HTTP Error 404: Not Found
vision_push_failed frame_id=mock-video-4358 error=HTTP Error 404: Not Found
vision_push_failed frame_id=mock-video-4359 error=HTTP Error 404: Not Found
vision_push_failed frame_id=mock-video-4360 error=HTTP Error 404: Not Found
vision_push_failed frame_id=mock-video-4361 error=HTTP Error 404: Not Found
vision_push_failed frame_id=mock-video-4362 error=HTTP Error 404: Not Found
vision_push_failed frame_id=mock-video-4363 error=HTTP Error 404: Not Found
vision_push_failed frame_id=mock-video-4364 error=HTTP Error 404: Not Found
vision_push_failed frame_id=mock-video-4365 error=HTTP Error 404: Not Found
vision_push_failed frame_id=mock-video-4366 error=HTTP Error 404: Not Found
vision_push_failed frame_id=mock-video-4367 error=HTTP Error 404: Not Found
vision_push_failed frame_id=mock-video-4368 error=HTTP Error 404: Not Found
vision_push_failed frame_id=mock-video-4369 error=HTTP Error 404: Not Found
vision_push_failed frame_id=mock-video-4370 error=HTTP Error 404: Not Found
vision_push_failed frame_id=mock-video-4371 error=HTTP Error 404: Not Found
vision_push_failed frame_id=mock-video-4372 error=HTTP Error 404: Not Found
vision_push_failed frame_id=mock-video-4373 error=HTTP Error 404: Not Found
vision_push_failed frame_id=mock-video-4374 error=HTTP Error 404: Not Found
vision_push_failed frame_id=mock-video-4375 error=HTTP Error 404: Not Found
vision_push_failed frame_id=mock-video-4376 error=HTTP Error 404: Not Found
vision_push_failed frame_id=mock-video-4377 error=HTTP Error 404: Not Found
vision_push_failed frame_id=mock-video-4378 error=HTTP Error 404: Not Found
vision_push_failed frame_id=mock-video-4379 error=HTTP Error 404: Not Found
vision_push_failed frame_id=mock-video-4380 error=HTTP Error 404: Not Found
vision_push_failed frame_id=mock-video-4381 error=HTTP Error 404: Not Found
vision_push_failed frame_id=mock-video-4382 error=HTTP Error 404: Not Found
vision_push_failed frame_id=mock-video-4383 error=HTTP Error 404: Not Found
vision_push_failed frame_id=mock-video-4384 error=HTTP Error 404: Not Found
vision_push_failed frame_id=mock-video-4385 error=HTTP Error 404: Not Found
vision_push_failed frame_id=mock-video-4386 error=HTTP Error 404: Not Found
vision_push_failed frame_id=mock-video-4387 error=HTTP Error 404: Not Found
vision_push_failed frame_id=mock-video-4388 error=HTTP Error 404: Not Found
vision_push_failed frame_id=mock-video-4389 error=HTTP Error 404: Not Found
vision_push_failed frame_id=mock-video-4390 error=HTTP Error 404: Not Found
vision_push_failed frame_id=mock-video-4391 error=HTTP Error 404: Not Found
vision_push_failed frame_id=mock-video-4392 error=HTTP Error 404: Not Found
vision_push_failed frame_id=mock-video-4393 error=HTTP Error 404: Not Found
vision_push_failed frame_id=mock-video-4394 error=HTTP Error 404: Not Found
vision_push_failed frame_id=mock-video-4395 error=HTTP Error 404: Not Found
vision_push_failed frame_id=mock-video-4396 error=HTTP Error 404: Not Found
vision_push_failed frame_id=mock-video-4397 error=HTTP Error 404: Not Found
vision_push_failed frame_id=mock-video-4398 error=HTTP Error 404: Not Found
vision_push_failed frame_id=mock-video-4399 error=HTTP Error 404: Not Found
vision_push_failed frame_id=mock-video-4400 error=HTTP Error 404: Not Found
vision_push_failed frame_id=mock-video-4401 error=HTTP Error 404: Not Found
vision_push_failed frame_id=mock-video-4402 error=HTTP Error 404: Not Found
vision_push_failed frame_id=mock-video-4403 error=HTTP Error 404: Not Found
vision_push_failed frame_id=mock-video-4404 error=HTTP Error 404: Not Found
vision_push_failed frame_id=mock-video-4405 error=HTTP Error 404: Not Found
vision_push_failed frame_id=mock-video-4406 error=HTTP Error 404: Not Found
vision_push_failed frame_id=mock-video-4407 error=HTTP Error 404: Not Found
vision_push_failed frame_id=mock-video-4408 error=HTTP Error 404: Not Found
vision_push_failed frame_id=mock-video-4409 error=HTTP Error 404: Not Found
vision_push_failed frame_id=mock-video-4410 error=HTTP Error 404: Not Found
vision_push_failed frame_id=mock-video-4411 error=HTTP Error 404: Not Found
vision_push_failed frame_id=mock-video-4412 error=HTTP Error 404: Not Found
vision_push_failed frame_id=mock-video-4413 error=HTTP Error 404: Not Found
vision_push_failed frame_id=mock-video-4414 error=HTTP Error 404: Not Found
vision_push_failed frame_id=mock-video-4415 error=HTTP Error 404: Not Found
vision_push_failed frame_id=mock-video-4416 error=HTTP Error 404: Not Found
vision_push_failed frame_id=mock-video-4417 error=HTTP Error 404: Not Found
vision_push_failed frame_id=mock-video-4418 error=HTTP Error 404: Not Found
vision_push_failed frame_id=mock-video-4419 error=HTTP Error 404: Not Found
vision_push_failed frame_id=mock-video-4420 error=HTTP Error 404: Not Found
vision_push_failed frame_id=mock-video-4421 error=HTTP Error 404: Not Found
vision_push_failed frame_id=mock-video-4422 error=HTTP Error 404: Not Found
vision_push_failed frame_id=mock-video-4423 error=HTTP Error 404: Not Found
vision_push_failed frame_id=mock-video-4424 error=HTTP Error 404: Not Found
vision_push_failed frame_id=mock-video-4425 error=HTTP Error 404: Not Found
vision_push_failed frame_id=mock-video-4426 error=HTTP Error 404: Not Found
vision_push_failed frame_id=mock-video-4427 error=HTTP Error 404: Not Found
vision_push_failed frame_id=mock-video-4428 error=HTTP Error 404: Not Found
vision_push_failed frame_id=mock-video-4429 error=HTTP Error 404: Not Found
vision_push_failed frame_id=mock-video-4430 error=HTTP Error 404: Not Found
vision_push_failed frame_id=mock-video-4431 error=HTTP Error 404: Not Found
vision_push_failed frame_id=mock-video-4432 error=HTTP Error 404: Not Found
vision_push_failed frame_id=mock-video-4433 error=HTTP Error 404: Not Found
vision_push_failed frame_id=mock-video-4434 error=HTTP Error 404: Not Found
vision_push_failed frame_id=mock-video-4435 error=HTTP Error 404: Not Found
vision_push_failed frame_id=mock-video-4436 error=HTTP Error 404: Not Found
vision_push_failed frame_id=mock-video-4437 error=HTTP Error 404: Not Found
vision_push_failed frame_id=mock-video-4438 error=HTTP Error 404: Not Found
vision_push_failed frame_id=mock-video-4439 error=HTTP Error 404: Not Found
vision_push_failed frame_id=mock-video-4440 error=HTTP Error 404: Not Found
vision_push_failed frame_id=mock-video-4441 error=HTTP Error 404: Not Found
vision_push_failed frame_id=mock-video-4442 error=HTTP Error 404: Not Found
vision_push_failed frame_id=mock-video-4443 error=HTTP Error 404: Not Found
vision_push_failed frame_id=mock-video-4444 error=HTTP Error 404: Not Found
vision_push_failed frame_id=mock-video-4445 error=HTTP Error 404: Not Found
vision_push_failed frame_id=mock-video-4446 error=HTTP Error 404: Not Found
vision_push_failed frame_id=mock-video-4447 error=HTTP Error 404: Not Found
vision_push_failed frame_id=mock-video-4448 error=HTTP Error 404: Not Found
vision_push_failed frame_id=mock-video-4449 error=HTTP Error 404: Not Found
vision_push_failed frame_id=mock-video-4450 error=HTTP Error 404: Not Found
vision_push_failed frame_id=mock-video-4451 error=HTTP Error 404: Not Found
vision_push_failed frame_id=mock-video-4452 error=HTTP Error 404: Not Found
vision_push_failed frame_id=mock-video-4453 error=HTTP Error 404: Not Found
vision_push_failed frame_id=mock-video-4454 error=HTTP Error 404: Not Found
vision_push_failed frame_id=mock-video-4455 error=HTTP Error 404: Not Found
vision_push_failed frame_id=mock-video-4456 error=HTTP Error 404: Not Found
vision_push_failed frame_id=mock-video-4457 error=HTTP Error 404: Not Found
vision_push_failed frame_id=mock-video-4458 error=HTTP Error 404: Not Found
vision_push_failed frame_id=mock-video-4459 error=HTTP Error 404: Not Found
vision_push_failed frame_id=mock-video-4460 error=HTTP Error 404: Not Found
vision_push_failed frame_id=mock-video-4461 error=HTTP Error 404: Not Found
vision_push_failed frame_id=mock-video-4462 error=HTTP Error 404: Not Found
vision_push_failed frame_id=mock-video-4463 error=HTTP Error 404: Not Found
vision_push_failed frame_id=mock-video-4464 error=HTTP Error 404: Not Found
vision_push_failed frame_id=mock-video-4465 error=HTTP Error 404: Not Found
vision_push_failed frame_id=mock-video-4466 error=HTTP Error 404: Not Found
vision_push_failed frame_id=mock-video-4467 error=HTTP Error 404: Not Found
vision_push_failed frame_id=mock-video-4468 error=HTTP Error 404: Not Found
vision_push_failed frame_id=mock-video-4469 error=HTTP Error 404: Not Found
vision_push_failed frame_id=mock-video-4470 error=HTTP Error 404: Not Found
vision_push_failed frame_id=mock-video-4471 error=HTTP Error 404: Not Found
vision_push_failed frame_id=mock-video-4472 error=HTTP Error 404: Not Found
vision_push_failed frame_id=mock-video-4473 error=HTTP Error 404: Not Found
vision_push_failed frame_id=mock-video-4474 error=HTTP Error 404: Not Found
vision_push_failed frame_id=mock-video-4475 error=HTTP Error 404: Not Found
vision_push_failed frame_id=mock-video-4476 error=HTTP Error 404: Not Found
vision_push_failed frame_id=mock-video-4477 error=HTTP Error 404: Not Found
vision_push_failed frame_id=mock-video-4478 error=HTTP Error 404: Not Found
vision_push_failed frame_id=mock-video-4479 error=HTTP Error 404: Not Found
vision_push_failed frame_id=mock-video-4480 error=HTTP Error 404: Not Found
vision_push_failed frame_id=mock-video-4481 error=HTTP Error 404: Not Found
vision_push_failed frame_id=mock-video-4482 error=HTTP Error 404: Not Found
vision_push_failed frame_id=mock-video-4483 error=HTTP Error 404: Not Found
vision_push_failed frame_id=mock-video-4484 error=HTTP Error 404: Not Found
vision_push_failed frame_id=mock-video-4485 error=HTTP Error 404: Not Found
vision_push_failed frame_id=mock-video-4486 error=HTTP Error 404: Not Found
vision_push_failed frame_id=mock-video-4487 error=HTTP Error 404: Not Found
vision_push_failed frame_id=mock-video-4488 error=HTTP Error 404: Not Found
vision_push_failed frame_id=mock-video-4489 error=HTTP Error 404: Not Found
vision_push_failed frame_id=mock-video-4490 error=HTTP Error 404: Not Found
vision_push_failed frame_id=mock-video-4491 error=HTTP Error 404: Not Found
vision_push_failed frame_id=mock-video-4492 error=HTTP Error 404: Not Found
vision_push_failed frame_id=mock-video-4493 error=HTTP Error 404: Not Found
vision_push_failed frame_id=mock-video-4494 error=HTTP Error 404: Not Found
vision_push_failed frame_id=mock-video-4495 error=<urlopen error timed out>
vision_push_failed frame_id=mock-video-4496 error=HTTP Error 404: Not Found
vision_push_failed frame_id=mock-video-4497 error=HTTP Error 404: Not Found
vision_push_failed frame_id=mock-video-4498 error=HTTP Error 404: Not Found
vision_push_failed frame_id=mock-video-4499 error=HTTP Error 404: Not Found
vision_push_failed frame_id=mock-video-4500 error=HTTP Error 404: Not Found
vision_push_failed frame_id=mock-video-4501 error=HTTP Error 404: Not Found
vision_push_failed frame_id=mock-video-4502 error=HTTP Error 404: Not Found
vision_push_failed frame_id=mock-video-4503 error=HTTP Error 404: Not Found
vision_push_failed frame_id=mock-video-4504 error=HTTP Error 404: Not Found
vision_push_failed frame_id=mock-video-4505 error=HTTP Error 404: Not Found
vision_push_failed frame_id=mock-video-4506 error=HTTP Error 404: Not Found
vision_push_failed frame_id=mock-video-4507 error=HTTP Error 404: Not Found
vision_push_failed frame_id=mock-video-4508 error=HTTP Error 404: Not Found
vision_push_failed frame_id=mock-video-4509 error=HTTP Error 404: Not Found
vision_push_failed frame_id=mock-video-4510 error=HTTP Error 404: Not Found
vision_push_failed frame_id=mock-video-4511 error=HTTP Error 404: Not Found
vision_push_failed frame_id=mock-video-4512 error=HTTP Error 404: Not Found
vision_push_failed frame_id=mock-video-4513 error=HTTP Error 404: Not Found
vision_push_failed frame_id=mock-video-4514 error=HTTP Error 404: Not Found
vision_push_failed frame_id=mock-video-4515 error=HTTP Error 404: Not Found
vision_push_failed frame_id=mock-video-4516 error=HTTP Error 404: Not Found
vision_push_failed frame_id=mock-video-4517 error=HTTP Error 404: Not Found
vision_push_failed frame_id=mock-video-4518 error=HTTP Error 404: Not Found
vision_push_failed frame_id=mock-video-4519 error=HTTP Error 404: Not Found
vision_push_failed frame_id=mock-video-4520 error=HTTP Error 404: Not Found
vision_push_failed frame_id=mock-video-4521 error=HTTP Error 404: Not Found
vision_push_failed frame_id=mock-video-4522 error=HTTP Error 404: Not Found
vision_push_failed frame_id=mock-video-4523 error=HTTP Error 404: Not Found
vision_push_failed frame_id=mock-video-4524 error=HTTP Error 404: Not Found
vision_push_failed frame_id=mock-video-4525 error=HTTP Error 404: Not Found
vision_push_failed frame_id=mock-video-4526 error=HTTP Error 404: Not Found
vision_push_failed frame_id=mock-video-4527 error=HTTP Error 404: Not Found
vision_push_failed frame_id=mock-video-4528 error=HTTP Error 404: Not Found
vision_push_failed frame_id=mock-video-4529 error=HTTP Error 404: Not Found
vision_push_failed frame_id=mock-video-4530 error=HTTP Error 404: Not Found
vision_push_failed frame_id=mock-video-4531 error=HTTP Error 404: Not Found
vision_push_failed frame_id=mock-video-4532 error=HTTP Error 404: Not Found
vision_push_failed frame_id=mock-video-4533 error=HTTP Error 404: Not Found
vision_push_failed frame_id=mock-video-4534 error=HTTP Error 404: Not Found
vision_push_failed frame_id=mock-video-4535 error=HTTP Error 404: Not Found
vision_push_failed frame_id=mock-video-4536 error=HTTP Error 404: Not Found
vision_push_failed frame_id=mock-video-4537 error=HTTP Error 404: Not Found
vision_push_failed frame_id=mock-video-4538 error=HTTP Error 404: Not Found
vision_push_failed frame_id=mock-video-4539 error=HTTP Error 404: Not Found
vision_push_failed frame_id=mock-video-4540 error=HTTP Error 404: Not Found
vision_push_failed frame_id=mock-video-4541 error=HTTP Error 404: Not Found
vision_push_failed frame_id=mock-video-4542 error=HTTP Error 404: Not Found
vision_push_failed frame_id=mock-video-4543 error=HTTP Error 404: Not Found
vision_push_failed frame_id=mock-video-4544 error=HTTP Error 404: Not Found
vision_push_failed frame_id=mock-video-4545 error=HTTP Error 404: Not Found
vision_push_failed frame_id=mock-video-4546 error=HTTP Error 404: Not Found
vision_push_failed frame_id=mock-video-4547 error=HTTP Error 404: Not Found
vision_push_failed frame_id=mock-video-4548 error=HTTP Error 404: Not Found
vision_push_failed frame_id=mock-video-4549 error=HTTP Error 404: Not Found
vision_push_failed frame_id=mock-video-4550 error=HTTP Error 404: Not Found
vision_push_failed frame_id=mock-video-4551 error=HTTP Error 404: Not Found
vision_push_failed frame_id=mock-video-4552 error=HTTP Error 404: Not Found
vision_push_failed frame_id=mock-video-4553 error=HTTP Error 404: Not Found
vision_push_failed frame_id=mock-video-4554 error=HTTP Error 404: Not Found
vision_push_failed frame_id=mock-video-4555 error=HTTP Error 404: Not Found
vision_push_failed frame_id=mock-video-4556 error=HTTP Error 404: Not Found
vision_push_failed frame_id=mock-video-4557 error=HTTP Error 404: Not Found
vision_push_failed frame_id=mock-video-4558 error=HTTP Error 404: Not Found
vision_push_failed frame_id=mock-video-4559 error=HTTP Error 404: Not Found
vision_push_failed frame_id=mock-video-4560 error=HTTP Error 404: Not Found
vision_push_failed frame_id=mock-video-4561 error=HTTP Error 404: Not Found
vision_push_failed frame_id=mock-video-4562 error=HTTP Error 404: Not Found
vision_push_failed frame_id=mock-video-4563 error=HTTP Error 404: Not Found
vision_push_failed frame_id=mock-video-4564 error=HTTP Error 404: Not Found
vision_push_failed frame_id=mock-video-4565 error=HTTP Error 404: Not Found
vision_push_failed frame_id=mock-video-4566 error=HTTP Error 404: Not Found
vision_push_failed frame_id=mock-video-4567 error=HTTP Error 404: Not Found
vision_push_failed frame_id=mock-video-4568 error=HTTP Error 404: Not Found
vision_push_failed frame_id=mock-video-4569 error=HTTP Error 404: Not Found
vision_push_failed frame_id=mock-video-4570 error=HTTP Error 404: Not Found
vision_push_failed frame_id=mock-video-4571 error=HTTP Error 404: Not Found
vision_push_failed frame_id=mock-video-4572 error=HTTP Error 404: Not Found
vision_push_failed frame_id=mock-video-4573 error=HTTP Error 404: Not Found
vision_push_failed frame_id=mock-video-4574 error=HTTP Error 404: Not Found
vision_push_failed frame_id=mock-video-4575 error=HTTP Error 404: Not Found
vision_push_failed frame_id=mock-video-4576 error=HTTP Error 404: Not Found
vision_push_failed frame_id=mock-video-4577 error=HTTP Error 404: Not Found
vision_push_failed frame_id=mock-video-4578 error=HTTP Error 404: Not Found
vision_push_failed frame_id=mock-video-4579 error=HTTP Error 404: Not Found
vision_push_failed frame_id=mock-video-4580 error=HTTP Error 404: Not Found
vision_push_failed frame_id=mock-video-4581 error=HTTP Error 404: Not Found
vision_push_failed frame_id=mock-video-4582 error=HTTP Error 404: Not Found
vision_push_failed frame_id=mock-video-4583 error=HTTP Error 404: Not Found
vision_push_failed frame_id=mock-video-4584 error=HTTP Error 404: Not Found
vision_push_failed frame_id=mock-video-4585 error=HTTP Error 404: Not Found
vision_push_failed frame_id=mock-video-4586 error=HTTP Error 404: Not Found
vision_push_failed frame_id=mock-video-4587 error=HTTP Error 404: Not Found
vision_push_failed frame_id=mock-video-4588 error=HTTP Error 404: Not Found
vision_push_failed frame_id=mock-video-4589 error=HTTP Error 404: Not Found
vision_push_failed frame_id=mock-video-4590 error=HTTP Error 404: Not Found
vision_push_failed frame_id=mock-video-4591 error=HTTP Error 404: Not Found
vision_push_failed frame_id=mock-video-4592 error=HTTP Error 404: Not Found
vision_push_failed frame_id=mock-video-4593 error=HTTP Error 404: Not Found
vision_push_failed frame_id=mock-video-4594 error=HTTP Error 404: Not Found
vision_push_failed frame_id=mock-video-4595 error=HTTP Error 404: Not Found
vision_push_failed frame_id=mock-video-4596 error=HTTP Error 404: Not Found
vision_push_failed frame_id=mock-video-4597 error=HTTP Error 404: Not Found
vision_push_failed frame_id=mock-video-4598 error=HTTP Error 404: Not Found
vision_push_failed frame_id=mock-video-4599 error=HTTP Error 404: Not Found
vision_push_failed frame_id=mock-video-4600 error=HTTP Error 404: Not Found
vision_push_failed frame_id=mock-video-4601 error=HTTP Error 404: Not Found
vision_push_failed frame_id=mock-video-4602 error=HTTP Error 404: Not Found
vision_push_failed frame_id=mock-video-4603 error=HTTP Error 404: Not Found
vision_push_failed frame_id=mock-video-4604 error=HTTP Error 404: Not Found
vision_push_failed frame_id=mock-video-4605 error=HTTP Error 404: Not Found
vision_push_failed frame_id=mock-video-4606 error=HTTP Error 404: Not Found
vision_push_failed frame_id=mock-video-4607 error=HTTP Error 404: Not Found
vision_push_failed frame_id=mock-video-4608 error=HTTP Error 404: Not Found
vision_push_failed frame_id=mock-video-4609 error=HTTP Error 404: Not Found
vision_push_failed frame_id=mock-video-4610 error=HTTP Error 404: Not Found
vision_push_failed frame_id=mock-video-4611 error=HTTP Error 404: Not Found
vision_push_failed frame_id=mock-video-4612 error=HTTP Error 404: Not Found
vision_push_failed frame_id=mock-video-4613 error=HTTP Error 404: Not Found
vision_push_failed frame_id=mock-video-4614 error=HTTP Error 404: Not Found
vision_push_failed frame_id=mock-video-4615 error=HTTP Error 404: Not Found
vision_push_failed frame_id=mock-video-4616 error=HTTP Error 404: Not Found
vision_push_failed frame_id=mock-video-4617 error=HTTP Error 404: Not Found
vision_push_failed frame_id=mock-video-4618 error=HTTP Error 404: Not Found
vision_push_failed frame_id=mock-video-4619 error=HTTP Error 404: Not Found
vision_push_failed frame_id=mock-video-4620 error=HTTP Error 404: Not Found
vision_push_failed frame_id=mock-video-4621 error=HTTP Error 404: Not Found
vision_push_failed frame_id=mock-video-4622 error=HTTP Error 404: Not Found
vision_push_failed frame_id=mock-video-4623 error=HTTP Error 404: Not Found
vision_push_failed frame_id=mock-video-4624 error=HTTP Error 404: Not Found
vision_push_failed frame_id=mock-video-4625 error=HTTP Error 404: Not Found
vision_push_failed frame_id=mock-video-4626 error=HTTP Error 404: Not Found
vision_push_failed frame_id=mock-video-4627 error=HTTP Error 404: Not Found
vision_push_failed frame_id=mock-video-4628 error=HTTP Error 404: Not Found
vision_push_failed frame_id=mock-video-4629 error=HTTP Error 404: Not Found
vision_push_failed frame_id=mock-video-4630 error=HTTP Error 404: Not Found
vision_push_failed frame_id=mock-video-4631 error=HTTP Error 404: Not Found
vision_push_failed frame_id=mock-video-4632 error=HTTP Error 404: Not Found
vision_push_failed frame_id=mock-video-4633 error=HTTP Error 404: Not Found
vision_push_failed frame_id=mock-video-4634 error=HTTP Error 404: Not Found
vision_push_failed frame_id=mock-video-4635 error=HTTP Error 404: Not Found
vision_push_failed frame_id=mock-video-4636 error=HTTP Error 404: Not Found
vision_push_failed frame_id=mock-video-4637 error=HTTP Error 404: Not Found
vision_push_failed frame_id=mock-video-4638 error=HTTP Error 404: Not Found
vision_push_failed frame_id=mock-video-4639 error=HTTP Error 404: Not Found
vision_push_failed frame_id=mock-video-4640 error=HTTP Error 404: Not Found
vision_push_failed frame_id=mock-video-4641 error=HTTP Error 404: Not Found
vision_push_failed frame_id=mock-video-4642 error=HTTP Error 404: Not Found
vision_push_failed frame_id=mock-video-4643 error=HTTP Error 404: Not Found
vision_push_failed frame_id=mock-video-4644 error=HTTP Error 404: Not Found
vision_push_failed frame_id=mock-video-4645 error=HTTP Error 404: Not Found
vision_push_failed frame_id=mock-video-4646 error=HTTP Error 404: Not Found
vision_push_failed frame_id=mock-video-4647 error=HTTP Error 404: Not Found
vision_push_failed frame_id=mock-video-4648 error=HTTP Error 404: Not Found
vision_push_failed frame_id=mock-video-4649 error=HTTP Error 404: Not Found
vision_push_failed frame_id=mock-video-4650 error=HTTP Error 404: Not Found
vision_push_failed frame_id=mock-video-4651 error=HTTP Error 404: Not Found
vision_push_failed frame_id=mock-video-4652 error=HTTP Error 404: Not Found
vision_push_failed frame_id=mock-video-4653 error=HTTP Error 404: Not Found
vision_push_failed frame_id=mock-video-4654 error=HTTP Error 404: Not Found
vision_push_failed frame_id=mock-video-4655 error=HTTP Error 404: Not Found
vision_push_failed frame_id=mock-video-4656 error=HTTP Error 404: Not Found
vision_push_failed frame_id=mock-video-4657 error=HTTP Error 404: Not Found
vision_push_failed frame_id=mock-video-4658 error=HTTP Error 404: Not Found
vision_push_failed frame_id=mock-video-4659 error=HTTP Error 404: Not Found
vision_push_failed frame_id=mock-video-4660 error=HTTP Error 404: Not Found
vision_push_failed frame_id=mock-video-4661 error=HTTP Error 404: Not Found
vision_push_failed frame_id=mock-video-4662 error=HTTP Error 404: Not Found
vision_push_failed frame_id=mock-video-4663 error=HTTP Error 404: Not Found
vision_push_failed frame_id=mock-video-4664 error=HTTP Error 404: Not Found
vision_push_failed frame_id=mock-video-4665 error=HTTP Error 404: Not Found
vision_push_failed frame_id=mock-video-4666 error=HTTP Error 404: Not Found
vision_push_failed frame_id=mock-video-4667 error=HTTP Error 404: Not Found
vision_push_failed frame_id=mock-video-4668 error=HTTP Error 404: Not Found
vision_push_failed frame_id=mock-video-4669 error=HTTP Error 404: Not Found
vision_push_failed frame_id=mock-video-4670 error=HTTP Error 404: Not Found
vision_push_failed frame_id=mock-video-4671 error=HTTP Error 404: Not Found
vision_push_failed frame_id=mock-video-4672 error=HTTP Error 404: Not Found
vision_push_failed frame_id=mock-video-4673 error=HTTP Error 404: Not Found
vision_push_failed frame_id=mock-video-4674 error=HTTP Error 404: Not Found
vision_push_failed frame_id=mock-video-4675 error=HTTP Error 404: Not Found
vision_push_failed frame_id=mock-video-4676 error=HTTP Error 404: Not Found
vision_push_failed frame_id=mock-video-4677 error=<urlopen error _ssl.c:1011: The handshake operation timed out>
vision_push_failed frame_id=mock-video-4678 error=HTTP Error 404: Not Found
vision_push_failed frame_id=mock-video-4679 error=HTTP Error 404: Not Found
vision_push_failed frame_id=mock-video-4680 error=HTTP Error 404: Not Found
vision_push_failed frame_id=mock-video-4681 error=HTTP Error 404: Not Found
vision_push_failed frame_id=mock-video-4682 error=HTTP Error 404: Not Found
vision_push_failed frame_id=mock-video-4683 error=HTTP Error 404: Not Found
vision_push_failed frame_id=mock-video-4684 error=HTTP Error 404: Not Found
vision_push_failed frame_id=mock-video-4685 error=HTTP Error 404: Not Found
vision_push_failed frame_id=mock-video-4686 error=HTTP Error 404: Not Found
vision_push_failed frame_id=mock-video-4687 error=HTTP Error 404: Not Found
vision_push_failed frame_id=mock-video-4688 error=HTTP Error 404: Not Found
vision_push_failed frame_id=mock-video-4689 error=HTTP Error 404: Not Found
vision_push_failed frame_id=mock-video-4690 error=HTTP Error 404: Not Found
vision_push_failed frame_id=mock-video-4691 error=HTTP Error 404: Not Found
vision_push_failed frame_id=mock-video-4692 error=HTTP Error 404: Not Found
vision_push_failed frame_id=mock-video-4693 error=HTTP Error 404: Not Found
vision_push_failed frame_id=mock-video-4694 error=HTTP Error 404: Not Found
vision_push_failed frame_id=mock-video-4695 error=HTTP Error 404: Not Found
vision_push_failed frame_id=mock-video-4696 error=HTTP Error 404: Not Found
vision_push_failed frame_id=mock-video-4697 error=HTTP Error 404: Not Found
vision_push_failed frame_id=mock-video-4698 error=HTTP Error 404: Not Found
vision_push_failed frame_id=mock-video-4699 error=HTTP Error 404: Not Found
vision_push_failed frame_id=mock-video-4700 error=HTTP Error 404: Not Found
vision_push_failed frame_id=mock-video-4701 error=HTTP Error 404: Not Found
vision_push_failed frame_id=mock-video-4702 error=HTTP Error 404: Not Found
vision_push_failed frame_id=mock-video-4703 error=HTTP Error 404: Not Found
vision_push_failed frame_id=mock-video-4704 error=HTTP Error 404: Not Found
vision_push_failed frame_id=mock-video-4705 error=HTTP Error 404: Not Found
vision_push_failed frame_id=mock-video-4706 error=HTTP Error 404: Not Found
vision_push_failed frame_id=mock-video-4707 error=HTTP Error 404: Not Found
vision_push_failed frame_id=mock-video-4708 error=HTTP Error 404: Not Found
vision_push_failed frame_id=mock-video-4709 error=HTTP Error 404: Not Found
vision_push_failed frame_id=mock-video-4710 error=HTTP Error 404: Not Found
vision_push_failed frame_id=mock-video-4711 error=HTTP Error 404: Not Found
vision_push_failed frame_id=mock-video-4712 error=HTTP Error 404: Not Found
vision_push_failed frame_id=mock-video-4713 error=HTTP Error 404: Not Found
vision_push_failed frame_id=mock-video-4714 error=HTTP Error 404: Not Found
vision_push_failed frame_id=mock-video-4715 error=HTTP Error 404: Not Found
vision_push_failed frame_id=mock-video-4716 error=HTTP Error 404: Not Found
vision_push_failed frame_id=mock-video-4717 error=HTTP Error 404: Not Found
vision_push_failed frame_id=mock-video-4718 error=HTTP Error 404: Not Found
vision_push_failed frame_id=mock-video-4719 error=HTTP Error 404: Not Found
vision_push_failed frame_id=mock-video-4720 error=HTTP Error 404: Not Found
vision_push_failed frame_id=mock-video-4721 error=HTTP Error 404: Not Found
vision_push_failed frame_id=mock-video-4722 error=HTTP Error 404: Not Found
vision_push_failed frame_id=mock-video-4723 error=HTTP Error 404: Not Found
vision_push_failed frame_id=mock-video-4724 error=HTTP Error 404: Not Found
vision_push_failed frame_id=mock-video-4725 error=HTTP Error 404: Not Found
vision_push_failed frame_id=mock-video-4726 error=HTTP Error 404: Not Found
vision_push_failed frame_id=mock-video-4727 error=HTTP Error 404: Not Found
vision_push_failed frame_id=mock-video-4728 error=HTTP Error 404: Not Found
vision_push_failed frame_id=mock-video-4729 error=HTTP Error 404: Not Found
vision_push_failed frame_id=mock-video-4730 error=HTTP Error 404: Not Found
vision_push_failed frame_id=mock-video-4731 error=HTTP Error 404: Not Found
vision_push_failed frame_id=mock-video-4732 error=HTTP Error 404: Not Found
vision_push_failed frame_id=mock-video-4733 error=HTTP Error 404: Not Found
vision_push_failed frame_id=mock-video-4734 error=HTTP Error 404: Not Found
vision_push_failed frame_id=mock-video-4735 error=HTTP Error 404: Not Found
vision_push_failed frame_id=mock-video-4736 error=HTTP Error 404: Not Found
vision_push_failed frame_id=mock-video-4737 error=HTTP Error 404: Not Found
vision_push_failed frame_id=mock-video-4738 error=HTTP Error 404: Not Found
vision_push_failed frame_id=mock-video-4739 error=HTTP Error 404: Not Found
vision_push_failed frame_id=mock-video-4740 error=HTTP Error 404: Not Found
vision_push_failed frame_id=mock-video-4741 error=HTTP Error 404: Not Found
vision_push_failed frame_id=mock-video-4742 error=HTTP Error 404: Not Found
vision_push_failed frame_id=mock-video-4743 error=HTTP Error 404: Not Found
vision_push_failed frame_id=mock-video-4744 error=HTTP Error 404: Not Found
vision_push_failed frame_id=mock-video-4745 error=HTTP Error 404: Not Found
vision_push_failed frame_id=mock-video-4746 error=HTTP Error 404: Not Found
vision_push_failed frame_id=mock-video-4747 error=HTTP Error 404: Not Found
vision_push_failed frame_id=mock-video-4748 error=HTTP Error 404: Not Found
vision_push_failed frame_id=mock-video-4749 error=HTTP Error 404: Not Found
vision_push_failed frame_id=mock-video-4750 error=HTTP Error 404: Not Found
vision_push_failed frame_id=mock-video-4751 error=HTTP Error 404: Not Found
vision_push_failed frame_id=mock-video-4752 error=HTTP Error 404: Not Found
vision_push_failed frame_id=mock-video-4753 error=HTTP Error 404: Not Found
vision_push_failed frame_id=mock-video-4754 error=HTTP Error 404: Not Found
vision_push_failed frame_id=mock-video-4755 error=HTTP Error 404: Not Found
vision_push_failed frame_id=mock-video-4756 error=HTTP Error 404: Not Found
vision_push_failed frame_id=mock-video-4757 error=HTTP Error 404: Not Found
vision_push_failed frame_id=mock-video-4758 error=HTTP Error 404: Not Found
vision_push_failed frame_id=mock-video-4759 error=HTTP Error 404: Not Found
vision_push_failed frame_id=mock-video-4760 error=HTTP Error 404: Not Found
vision_push_failed frame_id=mock-video-4761 error=HTTP Error 404: Not Found
vision_push_failed frame_id=mock-video-4762 error=HTTP Error 404: Not Found
vision_push_failed frame_id=mock-video-4763 error=HTTP Error 404: Not Found
vision_push_failed frame_id=mock-video-4764 error=HTTP Error 404: Not Found
vision_push_failed frame_id=mock-video-4765 error=HTTP Error 404: Not Found
vision_push_failed frame_id=mock-video-4766 error=HTTP Error 404: Not Found
vision_push_failed frame_id=mock-video-4767 error=HTTP Error 404: Not Found
vision_push_failed frame_id=mock-video-4768 error=HTTP Error 404: Not Found
vision_push_failed frame_id=mock-video-4769 error=HTTP Error 404: Not Found
vision_push_failed frame_id=mock-video-4770 error=HTTP Error 404: Not Found
vision_push_failed frame_id=mock-video-4771 error=HTTP Error 404: Not Found
vision_push_failed frame_id=mock-video-4772 error=HTTP Error 404: Not Found
vision_push_failed frame_id=mock-video-4773 error=HTTP Error 404: Not Found
vision_push_failed frame_id=mock-video-4774 error=HTTP Error 404: Not Found
vision_push_failed frame_id=mock-video-4775 error=HTTP Error 404: Not Found
vision_push_failed frame_id=mock-video-4776 error=HTTP Error 404: Not Found
vision_push_failed frame_id=mock-video-4777 error=HTTP Error 404: Not Found
vision_push_failed frame_id=mock-video-4778 error=HTTP Error 404: Not Found
vision_push_failed frame_id=mock-video-4779 error=HTTP Error 404: Not Found
vision_push_failed frame_id=mock-video-4780 error=HTTP Error 404: Not Found
vision_push_failed frame_id=mock-video-4781 error=HTTP Error 404: Not Found
vision_push_failed frame_id=mock-video-4782 error=HTTP Error 404: Not Found
vision_push_failed frame_id=mock-video-4783 error=HTTP Error 404: Not Found
vision_push_failed frame_id=mock-video-4784 error=HTTP Error 404: Not Found
vision_push_failed frame_id=mock-video-4785 error=HTTP Error 404: Not Found
vision_push_failed frame_id=mock-video-4786 error=HTTP Error 404: Not Found
vision_push_failed frame_id=mock-video-4787 error=HTTP Error 404: Not Found
vision_push_failed frame_id=mock-video-4788 error=HTTP Error 404: Not Found
vision_push_failed frame_id=mock-video-4789 error=HTTP Error 404: Not Found
vision_push_failed frame_id=mock-video-4790 error=HTTP Error 404: Not Found
vision_push_failed frame_id=mock-video-4791 error=HTTP Error 404: Not Found
vision_push_failed frame_id=mock-video-4792 error=HTTP Error 404: Not Found
vision_push_failed frame_id=mock-video-4793 error=HTTP Error 404: Not Found
vision_push_failed frame_id=mock-video-4794 error=HTTP Error 404: Not Found
vision_push_failed frame_id=mock-video-4795 error=HTTP Error 404: Not Found
vision_push_failed frame_id=mock-video-4796 error=HTTP Error 404: Not Found
vision_push_failed frame_id=mock-video-4797 error=HTTP Error 404: Not Found
vision_push_failed frame_id=mock-video-4798 error=HTTP Error 404: Not Found
vision_push_failed frame_id=mock-video-4799 error=HTTP Error 404: Not Found
vision_push_failed frame_id=mock-video-4800 error=HTTP Error 404: Not Found
vision_push_failed frame_id=mock-video-4801 error=HTTP Error 404: Not Found
vision_push_failed frame_id=mock-video-4802 error=HTTP Error 404: Not Found
vision_push_failed frame_id=mock-video-4803 error=HTTP Error 404: Not Found
vision_push_failed frame_id=mock-video-4804 error=HTTP Error 404: Not Found
vision_push_failed frame_id=mock-video-4805 error=HTTP Error 404: Not Found
vision_push_failed frame_id=mock-video-4806 error=HTTP Error 404: Not Found
vision_push_failed frame_id=mock-video-4807 error=HTTP Error 404: Not Found
vision_push_failed frame_id=mock-video-4808 error=HTTP Error 404: Not Found
vision_push_failed frame_id=mock-video-4809 error=HTTP Error 404: Not Found
vision_push_failed frame_id=mock-video-4810 error=HTTP Error 404: Not Found
vision_push_failed frame_id=mock-video-4811 error=HTTP Error 404: Not Found
vision_push_failed frame_id=mock-video-4812 error=HTTP Error 404: Not Found
vision_push_failed frame_id=mock-video-4813 error=HTTP Error 404: Not Found
vision_push_failed frame_id=mock-video-4814 error=HTTP Error 404: Not Found
vision_push_failed frame_id=mock-video-4815 error=HTTP Error 404: Not Found
vision_push_failed frame_id=mock-video-4816 error=HTTP Error 404: Not Found
vision_push_failed frame_id=mock-video-4817 error=HTTP Error 404: Not Found
vision_push_failed frame_id=mock-video-4818 error=HTTP Error 404: Not Found
vision_push_failed frame_id=mock-video-4819 error=HTTP Error 404: Not Found
vision_push_failed frame_id=mock-video-4820 error=HTTP Error 404: Not Found
vision_push_failed frame_id=mock-video-4821 error=HTTP Error 404: Not Found
vision_push_failed frame_id=mock-video-4822 error=HTTP Error 404: Not Found
vision_push_failed frame_id=mock-video-4823 error=HTTP Error 404: Not Found
vision_push_failed frame_id=mock-video-4824 error=HTTP Error 404: Not Found
vision_push_failed frame_id=mock-video-4825 error=HTTP Error 404: Not Found
vision_push_failed frame_id=mock-video-4826 error=HTTP Error 404: Not Found
vision_push_failed frame_id=mock-video-4827 error=HTTP Error 404: Not Found
vision_push_failed frame_id=mock-video-4828 error=HTTP Error 404: Not Found
vision_push_failed frame_id=mock-video-4829 error=HTTP Error 404: Not Found
vision_push_failed frame_id=mock-video-4830 error=HTTP Error 404: Not Found
vision_push_failed frame_id=mock-video-4831 error=HTTP Error 404: Not Found
vision_push_failed frame_id=mock-video-4832 error=HTTP Error 404: Not Found
vision_push_failed frame_id=mock-video-4833 error=HTTP Error 404: Not Found
vision_push_failed frame_id=mock-video-4834 error=HTTP Error 404: Not Found
vision_push_failed frame_id=mock-video-4835 error=HTTP Error 404: Not Found
vision_push_failed frame_id=mock-video-4836 error=HTTP Error 404: Not Found
vision_push_failed frame_id=mock-video-4837 error=HTTP Error 404: Not Found
vision_push_failed frame_id=mock-video-4838 error=HTTP Error 404: Not Found
vision_push_failed frame_id=mock-video-4839 error=HTTP Error 404: Not Found
vision_push_failed frame_id=mock-video-4840 error=HTTP Error 404: Not Found
vision_push_failed frame_id=mock-video-4841 error=HTTP Error 404: Not Found
vision_push_failed frame_id=mock-video-4842 error=HTTP Error 404: Not Found
vision_push_failed frame_id=mock-video-4843 error=HTTP Error 404: Not Found
vision_push_failed frame_id=mock-video-4844 error=HTTP Error 404: Not Found
vision_push_failed frame_id=mock-video-4845 error=HTTP Error 404: Not Found
vision_push_failed frame_id=mock-video-4846 error=HTTP Error 404: Not Found
vision_push_failed frame_id=mock-video-4847 error=HTTP Error 404: Not Found
vision_push_failed frame_id=mock-video-4848 error=HTTP Error 404: Not Found
vision_push_failed frame_id=mock-video-4849 error=HTTP Error 404: Not Found
vision_push_failed frame_id=mock-video-4850 error=HTTP Error 404: Not Found
vision_push_failed frame_id=mock-video-4851 error=HTTP Error 404: Not Found
vision_push_failed frame_id=mock-video-4852 error=HTTP Error 404: Not Found
vision_push_failed frame_id=mock-video-4853 error=HTTP Error 404: Not Found
vision_push_failed frame_id=mock-video-4854 error=HTTP Error 404: Not Found
vision_push_failed frame_id=mock-video-4855 error=HTTP Error 404: Not Found
vision_push_failed frame_id=mock-video-4856 error=HTTP Error 404: Not Found
vision_push_failed frame_id=mock-video-4857 error=HTTP Error 404: Not Found
vision_push_failed frame_id=mock-video-4858 error=HTTP Error 404: Not Found
vision_push_failed frame_id=mock-video-4859 error=HTTP Error 404: Not Found
vision_push_failed frame_id=mock-video-4860 error=HTTP Error 404: Not Found
vision_push_failed frame_id=mock-video-4861 error=HTTP Error 404: Not Found
vision_push_failed frame_id=mock-video-4862 error=HTTP Error 404: Not Found
vision_push_failed frame_id=mock-video-4863 error=HTTP Error 404: Not Found
vision_push_failed frame_id=mock-video-4864 error=HTTP Error 404: Not Found
vision_push_failed frame_id=mock-video-4865 error=HTTP Error 404: Not Found
vision_push_failed frame_id=mock-video-4866 error=HTTP Error 404: Not Found
vision_push_failed frame_id=mock-video-4867 error=HTTP Error 404: Not Found
vision_push_failed frame_id=mock-video-4868 error=HTTP Error 404: Not Found
vision_push_failed frame_id=mock-video-4869 error=HTTP Error 404: Not Found
vision_push_failed frame_id=mock-video-4870 error=HTTP Error 404: Not Found
vision_push_failed frame_id=mock-video-4871 error=HTTP Error 404: Not Found
vision_push_failed frame_id=mock-video-4872 error=HTTP Error 404: Not Found
vision_push_failed frame_id=mock-video-4873 error=HTTP Error 404: Not Found
vision_push_failed frame_id=mock-video-4874 error=HTTP Error 404: Not Found
vision_push_failed frame_id=mock-video-4875 error=HTTP Error 404: Not Found
vision_push_failed frame_id=mock-video-4876 error=HTTP Error 404: Not Found
vision_push_failed frame_id=mock-video-4877 error=HTTP Error 404: Not Found
vision_push_failed frame_id=mock-video-4878 error=HTTP Error 404: Not Found
vision_push_failed frame_id=mock-video-4879 error=HTTP Error 404: Not Found
vision_push_failed frame_id=mock-video-4880 error=HTTP Error 404: Not Found
vision_push_failed frame_id=mock-video-4881 error=HTTP Error 404: Not Found
vision_push_failed frame_id=mock-video-4882 error=HTTP Error 404: Not Found
vision_push_failed frame_id=mock-video-4883 error=HTTP Error 404: Not Found
vision_push_failed frame_id=mock-video-4884 error=HTTP Error 404: Not Found
vision_push_failed frame_id=mock-video-4885 error=HTTP Error 404: Not Found
vision_push_failed frame_id=mock-video-4886 error=HTTP Error 404: Not Found
vision_push_failed frame_id=mock-video-4887 error=HTTP Error 404: Not Found
vision_push_failed frame_id=mock-video-4888 error=HTTP Error 404: Not Found
vision_push_failed frame_id=mock-video-4889 error=HTTP Error 404: Not Found
vision_push_failed frame_id=mock-video-4890 error=HTTP Error 404: Not Found
vision_push_failed frame_id=mock-video-4891 error=HTTP Error 404: Not Found
vision_push_failed frame_id=mock-video-4892 error=HTTP Error 404: Not Found
vision_push_failed frame_id=mock-video-4893 error=HTTP Error 404: Not Found
vision_push_failed frame_id=mock-video-4894 error=HTTP Error 404: Not Found
vision_push_failed frame_id=mock-video-4895 error=HTTP Error 404: Not Found
vision_push_failed frame_id=mock-video-4896 error=HTTP Error 404: Not Found
vision_push_failed frame_id=mock-video-4897 error=HTTP Error 404: Not Found
vision_push_failed frame_id=mock-video-4898 error=HTTP Error 404: Not Found
vision_push_failed frame_id=mock-video-4899 error=HTTP Error 404: Not Found
vision_push_failed frame_id=mock-video-4900 error=HTTP Error 404: Not Found
vision_push_failed frame_id=mock-video-4901 error=HTTP Error 404: Not Found
vision_push_failed frame_id=mock-video-4902 error=HTTP Error 404: Not Found
vision_push_failed frame_id=mock-video-4903 error=HTTP Error 404: Not Found
vision_push_failed frame_id=mock-video-4904 error=HTTP Error 404: Not Found
vision_push_failed frame_id=mock-video-4905 error=HTTP Error 404: Not Found
vision_push_failed frame_id=mock-video-4906 error=HTTP Error 404: Not Found
vision_push_failed frame_id=mock-video-4907 error=HTTP Error 404: Not Found
vision_push_failed frame_id=mock-video-4908 error=HTTP Error 404: Not Found
vision_push_failed frame_id=mock-video-4909 error=HTTP Error 404: Not Found
vision_push_failed frame_id=mock-video-4910 error=HTTP Error 404: Not Found
vision_push_failed frame_id=mock-video-4911 error=HTTP Error 404: Not Found
vision_push_failed frame_id=mock-video-4912 error=HTTP Error 404: Not Found
vision_push_failed frame_id=mock-video-4913 error=HTTP Error 404: Not Found
vision_push_failed frame_id=mock-video-4914 error=HTTP Error 404: Not Found
vision_push_failed frame_id=mock-video-4915 error=HTTP Error 404: Not Found
vision_push_failed frame_id=mock-video-4916 error=HTTP Error 404: Not Found
vision_push_failed frame_id=mock-video-4917 error=<urlopen error timed out>
vision_push_failed frame_id=mock-video-4918 error=HTTP Error 404: Not Found
vision_push_failed frame_id=mock-video-4919 error=HTTP Error 404: Not Found
vision_push_failed frame_id=mock-video-4920 error=HTTP Error 404: Not Found
vision_push_failed frame_id=mock-video-4921 error=<urlopen error timed out>
vision_push_failed frame_id=mock-video-4922 error=HTTP Error 404: Not Found
vision_push_failed frame_id=mock-video-4923 error=HTTP Error 404: Not Found
vision_push_failed frame_id=mock-video-4924 error=HTTP Error 404: Not Found
vision_push_failed frame_id=mock-video-4925 error=HTTP Error 404: Not Found
vision_push_failed frame_id=mock-video-4926 error=HTTP Error 404: Not Found
vision_push_failed frame_id=mock-video-4927 error=HTTP Error 404: Not Found
vision_push_failed frame_id=mock-video-4928 error=HTTP Error 404: Not Found
vision_push_failed frame_id=mock-video-4929 error=HTTP Error 404: Not Found
vision_push_failed frame_id=mock-video-4930 error=HTTP Error 404: Not Found
vision_push_failed frame_id=mock-video-4931 error=HTTP Error 404: Not Found
vision_push_failed frame_id=mock-video-4932 error=HTTP Error 404: Not Found
vision_push_failed frame_id=mock-video-4933 error=HTTP Error 404: Not Found
vision_push_failed frame_id=mock-video-4934 error=HTTP Error 404: Not Found
vision_push_failed frame_id=mock-video-4935 error=HTTP Error 404: Not Found
vision_push_failed frame_id=mock-video-4936 error=HTTP Error 404: Not Found
vision_push_failed frame_id=mock-video-4937 error=HTTP Error 404: Not Found
vision_push_failed frame_id=mock-video-4938 error=HTTP Error 404: Not Found
vision_push_failed frame_id=mock-video-4939 error=HTTP Error 404: Not Found
vision_push_failed frame_id=mock-video-4940 error=HTTP Error 404: Not Found
vision_push_failed frame_id=mock-video-4941 error=HTTP Error 404: Not Found
vision_push_failed frame_id=mock-video-4942 error=HTTP Error 404: Not Found
vision_push_failed frame_id=mock-video-4943 error=HTTP Error 404: Not Found
vision_push_failed frame_id=mock-video-4944 error=HTTP Error 404: Not Found
vision_push_failed frame_id=mock-video-4945 error=HTTP Error 404: Not Found
vision_push_failed frame_id=mock-video-4946 error=HTTP Error 404: Not Found
vision_push_failed frame_id=mock-video-4947 error=HTTP Error 404: Not Found
vision_push_failed frame_id=mock-video-4948 error=HTTP Error 404: Not Found
vision_push_failed frame_id=mock-video-4949 error=HTTP Error 404: Not Found
vision_push_failed frame_id=mock-video-4950 error=HTTP Error 404: Not Found
vision_push_failed frame_id=mock-video-4951 error=HTTP Error 404: Not Found
vision_push_failed frame_id=mock-video-4952 error=HTTP Error 404: Not Found
vision_push_failed frame_id=mock-video-4953 error=HTTP Error 404: Not Found
vision_push_failed frame_id=mock-video-4954 error=HTTP Error 404: Not Found
vision_push_failed frame_id=mock-video-4955 error=HTTP Error 404: Not Found
vision_push_failed frame_id=mock-video-4956 error=HTTP Error 404: Not Found
vision_push_failed frame_id=mock-video-4957 error=HTTP Error 404: Not Found
vision_push_failed frame_id=mock-video-4958 error=HTTP Error 404: Not Found
vision_push_failed frame_id=mock-video-4959 error=HTTP Error 404: Not Found
vision_push_failed frame_id=mock-video-4960 error=HTTP Error 404: Not Found
vision_push_failed frame_id=mock-video-4961 error=HTTP Error 404: Not Found
vision_push_failed frame_id=mock-video-4962 error=HTTP Error 404: Not Found
vision_push_failed frame_id=mock-video-4963 error=HTTP Error 404: Not Found
vision_push_failed frame_id=mock-video-4964 error=HTTP Error 404: Not Found
vision_push_failed frame_id=mock-video-4965 error=HTTP Error 404: Not Found
vision_push_failed frame_id=mock-video-4966 error=HTTP Error 404: Not Found
vision_push_failed frame_id=mock-video-4967 error=HTTP Error 404: Not Found
vision_push_failed frame_id=mock-video-4968 error=HTTP Error 404: Not Found
vision_push_failed frame_id=mock-video-4969 error=HTTP Error 404: Not Found
vision_push_failed frame_id=mock-video-4970 error=HTTP Error 404: Not Found
vision_push_failed frame_id=mock-video-4971 error=HTTP Error 404: Not Found
vision_push_failed frame_id=mock-video-4972 error=HTTP Error 404: Not Found
vision_push_failed frame_id=mock-video-4973 error=HTTP Error 404: Not Found
vision_push_failed frame_id=mock-video-4974 error=HTTP Error 404: Not Found
vision_push_failed frame_id=mock-video-4975 error=HTTP Error 404: Not Found
vision_push_failed frame_id=mock-video-4976 error=HTTP Error 404: Not Found
vision_push_failed frame_id=mock-video-4977 error=HTTP Error 404: Not Found
vision_push_failed frame_id=mock-video-4978 error=HTTP Error 404: Not Found
vision_push_failed frame_id=mock-video-4979 error=HTTP Error 404: Not Found
vision_push_failed frame_id=mock-video-4980 error=HTTP Error 404: Not Found
vision_push_failed frame_id=mock-video-4981 error=HTTP Error 404: Not Found
vision_push_failed frame_id=mock-video-4982 error=HTTP Error 404: Not Found
vision_push_failed frame_id=mock-video-4983 error=HTTP Error 404: Not Found
vision_push_failed frame_id=mock-video-4984 error=HTTP Error 404: Not Found
vision_push_failed frame_id=mock-video-4985 error=HTTP Error 404: Not Found
vision_push_failed frame_id=mock-video-4986 error=HTTP Error 404: Not Found
vision_push_failed frame_id=mock-video-4987 error=HTTP Error 404: Not Found
vision_push_failed frame_id=mock-video-4988 error=HTTP Error 404: Not Found
vision_push_failed frame_id=mock-video-4989 error=HTTP Error 404: Not Found
vision_push_failed frame_id=mock-video-4990 error=HTTP Error 404: Not Found
vision_push_failed frame_id=mock-video-4991 error=HTTP Error 404: Not Found
vision_push_failed frame_id=mock-video-4992 error=HTTP Error 404: Not Found
vision_push_failed frame_id=mock-video-4993 error=HTTP Error 404: Not Found
vision_push_failed frame_id=mock-video-4994 error=HTTP Error 404: Not Found
vision_push_failed frame_id=mock-video-4995 error=HTTP Error 404: Not Found
vision_push_failed frame_id=mock-video-4996 error=HTTP Error 404: Not Found
vision_push_failed frame_id=mock-video-4997 error=HTTP Error 404: Not Found
vision_push_failed frame_id=mock-video-4998 error=HTTP Error 404: Not Found
vision_push_failed frame_id=mock-video-4999 error=HTTP Error 404: Not Found
vision_push_failed frame_id=mock-video-5000 error=HTTP Error 404: Not Found
vision_push_failed frame_id=mock-video-5001 error=HTTP Error 404: Not Found
vision_push_failed frame_id=mock-video-5002 error=HTTP Error 404: Not Found
vision_push_failed frame_id=mock-video-5003 error=HTTP Error 404: Not Found
vision_push_failed frame_id=mock-video-5004 error=HTTP Error 404: Not Found
vision_push_failed frame_id=mock-video-5005 error=HTTP Error 404: Not Found
vision_push_failed frame_id=mock-video-5006 error=HTTP Error 404: Not Found
vision_push_failed frame_id=mock-video-5007 error=HTTP Error 404: Not Found
vision_push_failed frame_id=mock-video-5008 error=HTTP Error 404: Not Found
vision_push_failed frame_id=mock-video-5009 error=HTTP Error 404: Not Found
vision_push_failed frame_id=mock-video-5010 error=HTTP Error 404: Not Found
vision_push_failed frame_id=mock-video-5011 error=HTTP Error 404: Not Found
vision_push_failed frame_id=mock-video-5012 error=HTTP Error 404: Not Found
vision_push_failed frame_id=mock-video-5013 error=HTTP Error 404: Not Found
vision_push_failed frame_id=mock-video-5014 error=HTTP Error 404: Not Found
vision_push_failed frame_id=mock-video-5015 error=HTTP Error 404: Not Found
vision_push_failed frame_id=mock-video-5016 error=HTTP Error 404: Not Found
vision_push_failed frame_id=mock-video-5017 error=HTTP Error 404: Not Found
vision_push_failed frame_id=mock-video-5018 error=HTTP Error 404: Not Found
vision_push_failed frame_id=mock-video-5019 error=HTTP Error 404: Not Found
vision_push_failed frame_id=mock-video-5020 error=HTTP Error 404: Not Found
vision_push_failed frame_id=mock-video-5021 error=HTTP Error 404: Not Found
vision_push_failed frame_id=mock-video-5022 error=HTTP Error 404: Not Found
vision_push_failed frame_id=mock-video-5023 error=HTTP Error 404: Not Found
vision_push_failed frame_id=mock-video-5024 error=HTTP Error 404: Not Found
vision_push_failed frame_id=mock-video-5025 error=HTTP Error 404: Not Found
vision_push_failed frame_id=mock-video-5026 error=HTTP Error 404: Not Found
vision_push_failed frame_id=mock-video-5027 error=HTTP Error 404: Not Found
vision_push_failed frame_id=mock-video-5028 error=HTTP Error 404: Not Found
vision_push_failed frame_id=mock-video-5029 error=HTTP Error 404: Not Found
vision_push_failed frame_id=mock-video-5030 error=HTTP Error 404: Not Found
vision_push_failed frame_id=mock-video-5031 error=HTTP Error 404: Not Found
vision_push_failed frame_id=mock-video-5032 error=HTTP Error 404: Not Found
vision_push_failed frame_id=mock-video-5033 error=HTTP Error 404: Not Found
vision_push_failed frame_id=mock-video-5034 error=HTTP Error 404: Not Found
vision_push_failed frame_id=mock-video-5035 error=HTTP Error 404: Not Found
vision_push_failed frame_id=mock-video-5036 error=HTTP Error 404: Not Found
vision_push_failed frame_id=mock-video-5037 error=HTTP Error 404: Not Found
vision_push_failed frame_id=mock-video-5038 error=HTTP Error 404: Not Found
vision_push_failed frame_id=mock-video-5039 error=HTTP Error 404: Not Found
vision_push_failed frame_id=mock-video-5040 error=HTTP Error 404: Not Found
vision_push_failed frame_id=mock-video-5041 error=HTTP Error 404: Not Found
vision_push_failed frame_id=mock-video-5042 error=HTTP Error 404: Not Found
vision_push_failed frame_id=mock-video-5043 error=HTTP Error 404: Not Found
vision_push_failed frame_id=mock-video-5044 error=HTTP Error 404: Not Found
vision_push_failed frame_id=mock-video-5045 error=HTTP Error 404: Not Found
vision_push_failed frame_id=mock-video-5046 error=HTTP Error 404: Not Found
vision_push_failed frame_id=mock-video-5047 error=HTTP Error 404: Not Found
vision_push_failed frame_id=mock-video-5048 error=HTTP Error 404: Not Found
vision_push_failed frame_id=mock-video-5049 error=HTTP Error 404: Not Found
vision_push_failed frame_id=mock-video-5050 error=HTTP Error 404: Not Found
vision_push_failed frame_id=mock-video-5051 error=HTTP Error 404: Not Found
vision_push_failed frame_id=mock-video-5052 error=HTTP Error 404: Not Found
vision_push_failed frame_id=mock-video-5053 error=HTTP Error 404: Not Found
vision_push_failed frame_id=mock-video-5054 error=HTTP Error 404: Not Found
vision_push_failed frame_id=mock-video-5055 error=HTTP Error 404: Not Found
vision_push_failed frame_id=mock-video-5056 error=HTTP Error 404: Not Found
vision_push_failed frame_id=mock-video-5057 error=HTTP Error 404: Not Found
vision_push_failed frame_id=mock-video-5058 error=HTTP Error 404: Not Found
vision_push_failed frame_id=mock-video-5059 error=HTTP Error 404: Not Found
vision_push_failed frame_id=mock-video-5060 error=HTTP Error 404: Not Found
vision_push_failed frame_id=mock-video-5061 error=HTTP Error 404: Not Found
vision_push_failed frame_id=mock-video-5062 error=HTTP Error 404: Not Found
vision_push_failed frame_id=mock-video-5063 error=HTTP Error 404: Not Found
vision_push_failed frame_id=mock-video-5064 error=HTTP Error 404: Not Found
vision_push_failed frame_id=mock-video-5065 error=HTTP Error 404: Not Found
vision_push_failed frame_id=mock-video-5066 error=HTTP Error 404: Not Found
vision_push_failed frame_id=mock-video-5067 error=HTTP Error 404: Not Found
vision_push_failed frame_id=mock-video-5068 error=HTTP Error 404: Not Found
vision_push_failed frame_id=mock-video-5069 error=HTTP Error 404: Not Found
vision_push_failed frame_id=mock-video-5070 error=HTTP Error 404: Not Found
vision_push_failed frame_id=mock-video-5071 error=HTTP Error 404: Not Found
vision_push_failed frame_id=mock-video-5072 error=HTTP Error 404: Not Found
vision_push_failed frame_id=mock-video-5073 error=HTTP Error 404: Not Found
vision_push_failed frame_id=mock-video-5074 error=HTTP Error 404: Not Found
vision_push_failed frame_id=mock-video-5075 error=HTTP Error 404: Not Found
vision_push_failed frame_id=mock-video-5076 error=HTTP Error 404: Not Found
vision_push_failed frame_id=mock-video-5077 error=HTTP Error 404: Not Found
vision_push_failed frame_id=mock-video-5078 error=HTTP Error 404: Not Found
vision_push_failed frame_id=mock-video-5079 error=HTTP Error 404: Not Found
vision_push_failed frame_id=mock-video-5080 error=HTTP Error 404: Not Found
vision_push_failed frame_id=mock-video-5081 error=HTTP Error 404: Not Found
vision_push_failed frame_id=mock-video-5082 error=HTTP Error 404: Not Found
vision_push_failed frame_id=mock-video-5083 error=HTTP Error 404: Not Found
vision_push_failed frame_id=mock-video-5084 error=HTTP Error 404: Not Found
vision_push_failed frame_id=mock-video-5085 error=HTTP Error 404: Not Found
vision_push_failed frame_id=mock-video-5086 error=HTTP Error 404: Not Found
vision_push_failed frame_id=mock-video-5087 error=HTTP Error 404: Not Found
vision_push_failed frame_id=mock-video-5088 error=HTTP Error 404: Not Found
vision_push_failed frame_id=mock-video-5089 error=HTTP Error 404: Not Found
vision_push_failed frame_id=mock-video-5090 error=HTTP Error 404: Not Found
vision_push_failed frame_id=mock-video-5091 error=HTTP Error 404: Not Found
vision_push_failed frame_id=mock-video-5092 error=HTTP Error 404: Not Found
vision_push_failed frame_id=mock-video-5093 error=HTTP Error 404: Not Found
vision_push_failed frame_id=mock-video-5094 error=HTTP Error 404: Not Found
vision_push_failed frame_id=mock-video-5095 error=HTTP Error 404: Not Found
vision_push_failed frame_id=mock-video-5096 error=HTTP Error 404: Not Found
vision_push_failed frame_id=mock-video-5097 error=HTTP Error 404: Not Found
vision_push_failed frame_id=mock-video-5098 error=HTTP Error 404: Not Found
vision_push_failed frame_id=mock-video-5099 error=HTTP Error 404: Not Found
vision_push_failed frame_id=mock-video-5100 error=HTTP Error 404: Not Found
vision_push_failed frame_id=mock-video-5101 error=HTTP Error 404: Not Found
vision_push_failed frame_id=mock-video-5102 error=HTTP Error 404: Not Found
vision_push_failed frame_id=mock-video-5103 error=HTTP Error 404: Not Found
vision_push_failed frame_id=mock-video-5104 error=HTTP Error 404: Not Found
vision_push_failed frame_id=mock-video-5105 error=HTTP Error 404: Not Found
vision_push_failed frame_id=mock-video-5106 error=HTTP Error 404: Not Found
vision_push_failed frame_id=mock-video-5107 error=HTTP Error 404: Not Found
vision_push_failed frame_id=mock-video-5108 error=HTTP Error 404: Not Found
vision_push_failed frame_id=mock-video-5109 error=HTTP Error 404: Not Found
vision_push_failed frame_id=mock-video-5110 error=HTTP Error 404: Not Found
vision_push_failed frame_id=mock-video-5111 error=HTTP Error 404: Not Found
vision_push_failed frame_id=mock-video-5112 error=HTTP Error 404: Not Found
vision_push_failed frame_id=mock-video-5113 error=HTTP Error 404: Not Found
vision_push_failed frame_id=mock-video-5114 error=HTTP Error 404: Not Found
vision_push_failed frame_id=mock-video-5115 error=HTTP Error 404: Not Found
vision_push_failed frame_id=mock-video-5116 error=HTTP Error 404: Not Found
vision_push_failed frame_id=mock-video-5117 error=HTTP Error 404: Not Found
vision_push_failed frame_id=mock-video-5118 error=HTTP Error 404: Not Found
vision_push_failed frame_id=mock-video-5119 error=HTTP Error 404: Not Found
vision_push_failed frame_id=mock-video-5120 error=HTTP Error 404: Not Found
vision_push_failed frame_id=mock-video-5121 error=HTTP Error 404: Not Found
vision_push_failed frame_id=mock-video-5122 error=HTTP Error 404: Not Found
vision_push_failed frame_id=mock-video-5123 error=HTTP Error 404: Not Found
vision_push_failed frame_id=mock-video-5124 error=HTTP Error 404: Not Found
vision_push_failed frame_id=mock-video-5125 error=HTTP Error 404: Not Found
vision_push_failed frame_id=mock-video-5126 error=HTTP Error 404: Not Found
vision_push_failed frame_id=mock-video-5127 error=HTTP Error 404: Not Found
vision_push_failed frame_id=mock-video-5128 error=HTTP Error 404: Not Found
vision_push_failed frame_id=mock-video-5129 error=HTTP Error 404: Not Found
vision_push_failed frame_id=mock-video-5130 error=HTTP Error 404: Not Found
vision_push_failed frame_id=mock-video-5131 error=HTTP Error 404: Not Found
vision_push_failed frame_id=mock-video-5132 error=HTTP Error 404: Not Found
vision_push_failed frame_id=mock-video-5133 error=HTTP Error 404: Not Found
vision_push_failed frame_id=mock-video-5134 error=HTTP Error 404: Not Found
vision_push_failed frame_id=mock-video-5135 error=HTTP Error 404: Not Found
vision_push_failed frame_id=mock-video-5136 error=HTTP Error 404: Not Found
vision_push_failed frame_id=mock-video-5137 error=HTTP Error 404: Not Found
vision_push_failed frame_id=mock-video-5138 error=HTTP Error 404: Not Found
vision_push_failed frame_id=mock-video-5139 error=HTTP Error 404: Not Found
vision_push_failed frame_id=mock-video-5140 error=HTTP Error 404: Not Found
vision_push_failed frame_id=mock-video-5141 error=HTTP Error 404: Not Found
vision_push_failed frame_id=mock-video-5142 error=HTTP Error 404: Not Found
vision_push_failed frame_id=mock-video-5143 error=HTTP Error 404: Not Found
vision_push_failed frame_id=mock-video-5144 error=HTTP Error 404: Not Found
vision_push_failed frame_id=mock-video-5145 error=HTTP Error 404: Not Found
vision_push_failed frame_id=mock-video-5146 error=HTTP Error 404: Not Found
vision_push_failed frame_id=mock-video-5147 error=HTTP Error 404: Not Found
vision_push_failed frame_id=mock-video-5148 error=HTTP Error 404: Not Found
vision_push_failed frame_id=mock-video-5149 error=HTTP Error 404: Not Found
vision_push_failed frame_id=mock-video-5150 error=HTTP Error 404: Not Found
vision_push_failed frame_id=mock-video-5151 error=HTTP Error 404: Not Found
vision_push_failed frame_id=mock-video-5152 error=HTTP Error 404: Not Found
vision_push_failed frame_id=mock-video-5153 error=HTTP Error 404: Not Found
vision_push_failed frame_id=mock-video-5154 error=HTTP Error 404: Not Found
vision_push_failed frame_id=mock-video-5155 error=HTTP Error 404: Not Found
vision_push_failed frame_id=mock-video-5156 error=HTTP Error 404: Not Found
vision_push_failed frame_id=mock-video-5157 error=HTTP Error 404: Not Found
vision_push_failed frame_id=mock-video-5158 error=HTTP Error 404: Not Found
vision_push_failed frame_id=mock-video-5159 error=HTTP Error 404: Not Found
vision_push_failed frame_id=mock-video-5160 error=HTTP Error 404: Not Found
vision_push_failed frame_id=mock-video-5161 error=HTTP Error 404: Not Found
vision_push_failed frame_id=mock-video-5162 error=HTTP Error 404: Not Found
vision_push_failed frame_id=mock-video-5163 error=HTTP Error 404: Not Found
vision_push_failed frame_id=mock-video-5164 error=HTTP Error 404: Not Found
vision_push_failed frame_id=mock-video-5165 error=HTTP Error 404: Not Found
vision_push_failed frame_id=mock-video-5166 error=HTTP Error 404: Not Found
vision_push_failed frame_id=mock-video-5167 error=HTTP Error 404: Not Found
vision_push_failed frame_id=mock-video-5168 error=HTTP Error 404: Not Found
vision_push_failed frame_id=mock-video-5169 error=HTTP Error 404: Not Found
vision_push_failed frame_id=mock-video-5170 error=HTTP Error 404: Not Found
vision_push_failed frame_id=mock-video-5171 error=HTTP Error 404: Not Found
vision_push_failed frame_id=mock-video-5172 error=HTTP Error 404: Not Found
vision_push_failed frame_id=mock-video-5173 error=HTTP Error 404: Not Found
vision_push_failed frame_id=mock-video-5174 error=HTTP Error 404: Not Found
vision_push_failed frame_id=mock-video-5175 error=HTTP Error 404: Not Found
vision_push_failed frame_id=mock-video-5176 error=HTTP Error 404: Not Found
vision_push_failed frame_id=mock-video-5177 error=HTTP Error 404: Not Found
vision_push_failed frame_id=mock-video-5178 error=HTTP Error 404: Not Found
vision_push_failed frame_id=mock-video-5179 error=HTTP Error 404: Not Found
vision_push_failed frame_id=mock-video-5180 error=HTTP Error 404: Not Found
vision_push_failed frame_id=mock-video-5181 error=HTTP Error 404: Not Found
vision_push_failed frame_id=mock-video-5182 error=HTTP Error 404: Not Found
vision_push_failed frame_id=mock-video-5183 error=HTTP Error 404: Not Found
vision_push_failed frame_id=mock-video-5184 error=HTTP Error 404: Not Found
vision_push_failed frame_id=mock-video-5185 error=HTTP Error 404: Not Found
vision_push_failed frame_id=mock-video-5186 error=HTTP Error 404: Not Found
vision_push_failed frame_id=mock-video-5187 error=HTTP Error 404: Not Found
vision_push_failed frame_id=mock-video-5188 error=HTTP Error 404: Not Found
vision_push_failed frame_id=mock-video-5189 error=HTTP Error 404: Not Found
vision_push_failed frame_id=mock-video-5190 error=HTTP Error 404: Not Found
vision_push_failed frame_id=mock-video-5191 error=HTTP Error 404: Not Found
vision_push_failed frame_id=mock-video-5192 error=HTTP Error 404: Not Found
vision_push_failed frame_id=mock-video-5193 error=HTTP Error 404: Not Found
vision_push_failed frame_id=mock-video-5194 error=HTTP Error 404: Not Found
vision_push_failed frame_id=mock-video-5195 error=HTTP Error 404: Not Found
vision_push_failed frame_id=mock-video-5196 error=HTTP Error 404: Not Found
vision_push_failed frame_id=mock-video-5197 error=HTTP Error 404: Not Found
vision_push_failed frame_id=mock-video-5198 error=HTTP Error 404: Not Found
vision_push_failed frame_id=mock-video-5199 error=HTTP Error 404: Not Found
vision_push_failed frame_id=mock-video-5200 error=HTTP Error 404: Not Found
vision_push_failed frame_id=mock-video-5201 error=HTTP Error 404: Not Found
vision_push_failed frame_id=mock-video-5202 error=HTTP Error 404: Not Found
vision_push_failed frame_id=mock-video-5203 error=HTTP Error 404: Not Found
vision_push_failed frame_id=mock-video-5204 error=HTTP Error 404: Not Found
vision_push_failed frame_id=mock-video-5205 error=HTTP Error 404: Not Found
vision_push_failed frame_id=mock-video-5206 error=HTTP Error 404: Not Found
vision_push_failed frame_id=mock-video-5207 error=HTTP Error 404: Not Found
vision_push_failed frame_id=mock-video-5208 error=HTTP Error 404: Not Found
vision_push_failed frame_id=mock-video-5209 error=HTTP Error 404: Not Found
vision_push_failed frame_id=mock-video-5210 error=HTTP Error 404: Not Found
vision_push_failed frame_id=mock-video-5211 error=HTTP Error 404: Not Found
vision_push_failed frame_id=mock-video-5212 error=HTTP Error 404: Not Found
vision_push_failed frame_id=mock-video-5213 error=HTTP Error 404: Not Found
vision_push_failed frame_id=mock-video-5214 error=HTTP Error 404: Not Found
vision_push_failed frame_id=mock-video-5215 error=HTTP Error 404: Not Found
vision_push_failed frame_id=mock-video-5216 error=HTTP Error 404: Not Found
vision_push_failed frame_id=mock-video-5217 error=HTTP Error 404: Not Found
vision_push_failed frame_id=mock-video-5218 error=HTTP Error 404: Not Found
vision_push_failed frame_id=mock-video-5219 error=HTTP Error 404: Not Found
vision_push_failed frame_id=mock-video-5220 error=HTTP Error 404: Not Found
vision_push_failed frame_id=mock-video-5221 error=HTTP Error 404: Not Found
vision_push_failed frame_id=mock-video-5222 error=HTTP Error 404: Not Found
vision_push_failed frame_id=mock-video-5223 error=HTTP Error 404: Not Found
vision_push_failed frame_id=mock-video-5224 error=HTTP Error 404: Not Found
vision_push_failed frame_id=mock-video-5225 error=HTTP Error 404: Not Found
vision_push_failed frame_id=mock-video-5226 error=HTTP Error 404: Not Found
vision_push_failed frame_id=mock-video-5227 error=HTTP Error 404: Not Found
vision_push_failed frame_id=mock-video-5228 error=HTTP Error 404: Not Found
vision_push_failed frame_id=mock-video-5229 error=HTTP Error 404: Not Found
vision_push_failed frame_id=mock-video-5230 error=HTTP Error 404: Not Found
vision_push_failed frame_id=mock-video-5231 error=HTTP Error 404: Not Found
vision_push_failed frame_id=mock-video-5232 error=HTTP Error 404: Not Found
vision_push_failed frame_id=mock-video-5233 error=HTTP Error 404: Not Found
vision_push_failed frame_id=mock-video-5234 error=HTTP Error 404: Not Found
vision_push_failed frame_id=mock-video-5235 error=HTTP Error 404: Not Found
vision_push_failed frame_id=mock-video-5236 error=HTTP Error 404: Not Found
vision_push_failed frame_id=mock-video-5237 error=HTTP Error 404: Not Found
vision_push_failed frame_id=mock-video-5238 error=HTTP Error 404: Not Found
vision_push_failed frame_id=mock-video-5239 error=HTTP Error 404: Not Found
vision_push_failed frame_id=mock-video-5240 error=HTTP Error 404: Not Found
vision_push_failed frame_id=mock-video-5241 error=HTTP Error 404: Not Found
vision_push_failed frame_id=mock-video-5242 error=HTTP Error 404: Not Found
vision_push_failed frame_id=mock-video-5243 error=HTTP Error 404: Not Found
vision_push_failed frame_id=mock-video-5244 error=HTTP Error 404: Not Found
vision_push_failed frame_id=mock-video-5245 error=HTTP Error 404: Not Found
vision_push_failed frame_id=mock-video-5246 error=HTTP Error 404: Not Found
vision_push_failed frame_id=mock-video-5247 error=HTTP Error 404: Not Found
vision_push_failed frame_id=mock-video-5248 error=HTTP Error 404: Not Found
vision_push_failed frame_id=mock-video-5249 error=HTTP Error 404: Not Found
vision_push_failed frame_id=mock-video-5250 error=HTTP Error 404: Not Found
vision_push_failed frame_id=mock-video-5251 error=HTTP Error 404: Not Found
vision_push_failed frame_id=mock-video-5252 error=HTTP Error 404: Not Found
vision_push_failed frame_id=mock-video-5253 error=HTTP Error 404: Not Found
vision_push_failed frame_id=mock-video-5254 error=HTTP Error 404: Not Found
vision_push_failed frame_id=mock-video-5255 error=HTTP Error 404: Not Found
vision_push_failed frame_id=mock-video-5256 error=HTTP Error 404: Not Found
vision_push_failed frame_id=mock-video-5257 error=HTTP Error 404: Not Found
vision_push_failed frame_id=mock-video-5258 error=HTTP Error 404: Not Found
vision_push_failed frame_id=mock-video-5259 error=HTTP Error 404: Not Found
vision_push_failed frame_id=mock-video-5260 error=HTTP Error 404: Not Found
vision_push_failed frame_id=mock-video-5261 error=HTTP Error 404: Not Found
vision_push_failed frame_id=mock-video-5262 error=HTTP Error 404: Not Found
vision_push_failed frame_id=mock-video-5263 error=HTTP Error 404: Not Found
vision_push_failed frame_id=mock-video-5264 error=HTTP Error 404: Not Found
vision_push_failed frame_id=mock-video-5265 error=HTTP Error 404: Not Found
vision_push_failed frame_id=mock-video-5266 error=HTTP Error 404: Not Found
vision_push_failed frame_id=mock-video-5267 error=HTTP Error 404: Not Found
vision_push_failed frame_id=mock-video-5268 error=HTTP Error 404: Not Found
vision_push_failed frame_id=mock-video-5269 error=HTTP Error 404: Not Found
vision_push_failed frame_id=mock-video-5270 error=HTTP Error 404: Not Found
vision_push_failed frame_id=mock-video-5271 error=HTTP Error 404: Not Found
vision_push_failed frame_id=mock-video-5272 error=HTTP Error 404: Not Found
vision_push_failed frame_id=mock-video-5273 error=HTTP Error 404: Not Found
vision_push_failed frame_id=mock-video-5274 error=HTTP Error 404: Not Found
vision_push_failed frame_id=mock-video-5275 error=HTTP Error 404: Not Found
vision_push_failed frame_id=mock-video-5276 error=HTTP Error 404: Not Found
vision_push_failed frame_id=mock-video-5277 error=HTTP Error 404: Not Found
vision_push_failed frame_id=mock-video-5278 error=HTTP Error 404: Not Found
vision_push_failed frame_id=mock-video-5279 error=HTTP Error 404: Not Found
vision_push_failed frame_id=mock-video-5280 error=HTTP Error 404: Not Found
vision_push_failed frame_id=mock-video-5281 error=HTTP Error 404: Not Found
vision_push_failed frame_id=mock-video-5282 error=HTTP Error 404: Not Found
vision_push_failed frame_id=mock-video-5283 error=HTTP Error 404: Not Found
vision_push_failed frame_id=mock-video-5284 error=HTTP Error 404: Not Found
vision_push_failed frame_id=mock-video-5285 error=HTTP Error 404: Not Found
vision_push_failed frame_id=mock-video-5286 error=HTTP Error 404: Not Found
vision_push_failed frame_id=mock-video-5287 error=HTTP Error 404: Not Found
vision_push_failed frame_id=mock-video-5288 error=HTTP Error 404: Not Found
vision_push_failed frame_id=mock-video-5289 error=HTTP Error 404: Not Found
vision_push_failed frame_id=mock-video-5290 error=HTTP Error 404: Not Found
vision_push_failed frame_id=mock-video-5291 error=HTTP Error 404: Not Found
vision_push_failed frame_id=mock-video-5292 error=HTTP Error 404: Not Found
vision_push_failed frame_id=mock-video-5293 error=HTTP Error 404: Not Found
vision_push_failed frame_id=mock-video-5294 error=HTTP Error 404: Not Found
vision_push_failed frame_id=mock-video-5295 error=HTTP Error 404: Not Found
vision_push_failed frame_id=mock-video-5296 error=HTTP Error 404: Not Found
vision_push_failed frame_id=mock-video-5297 error=HTTP Error 404: Not Found
vision_push_failed frame_id=mock-video-5298 error=HTTP Error 404: Not Found
vision_push_failed frame_id=mock-video-5299 error=HTTP Error 404: Not Found
vision_push_failed frame_id=mock-video-5300 error=HTTP Error 404: Not Found
vision_push_failed frame_id=mock-video-5301 error=HTTP Error 404: Not Found
vision_push_failed frame_id=mock-video-5302 error=HTTP Error 404: Not Found
vision_push_failed frame_id=mock-video-5303 error=HTTP Error 404: Not Found
vision_push_failed frame_id=mock-video-5304 error=HTTP Error 404: Not Found
vision_push_failed frame_id=mock-video-5305 error=HTTP Error 404: Not Found
vision_push_failed frame_id=mock-video-5306 error=HTTP Error 404: Not Found
vision_push_failed frame_id=mock-video-5307 error=HTTP Error 404: Not Found
vision_push_failed frame_id=mock-video-5308 error=HTTP Error 404: Not Found
vision_push_failed frame_id=mock-video-5309 error=HTTP Error 404: Not Found
vision_push_failed frame_id=mock-video-5310 error=HTTP Error 404: Not Found
vision_push_failed frame_id=mock-video-5311 error=HTTP Error 404: Not Found
vision_push_failed frame_id=mock-video-5312 error=HTTP Error 404: Not Found
vision_push_failed frame_id=mock-video-5313 error=HTTP Error 404: Not Found
vision_push_failed frame_id=mock-video-5314 error=HTTP Error 404: Not Found
vision_push_failed frame_id=mock-video-5315 error=HTTP Error 404: Not Found
vision_push_failed frame_id=mock-video-5316 error=HTTP Error 404: Not Found
vision_push_failed frame_id=mock-video-5317 error=HTTP Error 404: Not Found
vision_push_failed frame_id=mock-video-5318 error=HTTP Error 404: Not Found
vision_push_failed frame_id=mock-video-5319 error=HTTP Error 404: Not Found
vision_push_failed frame_id=mock-video-5320 error=HTTP Error 404: Not Found
vision_push_failed frame_id=mock-video-5321 error=HTTP Error 404: Not Found
vision_push_failed frame_id=mock-video-5322 error=HTTP Error 404: Not Found
vision_push_failed frame_id=mock-video-5323 error=HTTP Error 404: Not Found
vision_push_failed frame_id=mock-video-5324 error=HTTP Error 404: Not Found
vision_push_failed frame_id=mock-video-5325 error=HTTP Error 404: Not Found
vision_push_failed frame_id=mock-video-5326 error=HTTP Error 404: Not Found
vision_push_failed frame_id=mock-video-5327 error=HTTP Error 404: Not Found
vision_push_failed frame_id=mock-video-5328 error=HTTP Error 404: Not Found
vision_push_failed frame_id=mock-video-5329 error=HTTP Error 404: Not Found
vision_push_failed frame_id=mock-video-5330 error=HTTP Error 404: Not Found
vision_push_failed frame_id=mock-video-5331 error=HTTP Error 404: Not Found
vision_push_failed frame_id=mock-video-5332 error=HTTP Error 404: Not Found
vision_push_failed frame_id=mock-video-5333 error=HTTP Error 404: Not Found
vision_push_failed frame_id=mock-video-5334 error=HTTP Error 404: Not Found
vision_push_failed frame_id=mock-video-5335 error=HTTP Error 404: Not Found
vision_push_failed frame_id=mock-video-5336 error=HTTP Error 404: Not Found
vision_push_failed frame_id=mock-video-5337 error=HTTP Error 404: Not Found
vision_push_failed frame_id=mock-video-5338 error=HTTP Error 404: Not Found
vision_push_failed frame_id=mock-video-5339 error=HTTP Error 404: Not Found
vision_push_failed frame_id=mock-video-5340 error=HTTP Error 404: Not Found
vision_push_failed frame_id=mock-video-5341 error=HTTP Error 404: Not Found
vision_push_failed frame_id=mock-video-5342 error=HTTP Error 404: Not Found
vision_push_failed frame_id=mock-video-5343 error=HTTP Error 404: Not Found
vision_push_failed frame_id=mock-video-5344 error=HTTP Error 404: Not Found
vision_push_failed frame_id=mock-video-5345 error=HTTP Error 404: Not Found
vision_push_failed frame_id=mock-video-5346 error=HTTP Error 404: Not Found
vision_push_failed frame_id=mock-video-5347 error=HTTP Error 404: Not Found
vision_push_failed frame_id=mock-video-5348 error=HTTP Error 404: Not Found
vision_push_failed frame_id=mock-video-5349 error=HTTP Error 404: Not Found
vision_push_failed frame_id=mock-video-5350 error=HTTP Error 404: Not Found
vision_push_failed frame_id=mock-video-5351 error=HTTP Error 404: Not Found
vision_push_failed frame_id=mock-video-5352 error=HTTP Error 404: Not Found
vision_push_failed frame_id=mock-video-5353 error=HTTP Error 404: Not Found
vision_push_failed frame_id=mock-video-5354 error=HTTP Error 404: Not Found
vision_push_failed frame_id=mock-video-5355 error=HTTP Error 404: Not Found
vision_push_failed frame_id=mock-video-5356 error=HTTP Error 404: Not Found
vision_push_failed frame_id=mock-video-5357 error=HTTP Error 404: Not Found
vision_push_failed frame_id=mock-video-5358 error=HTTP Error 404: Not Found
vision_push_failed frame_id=mock-video-5359 error=HTTP Error 404: Not Found
vision_push_failed frame_id=mock-video-5360 error=HTTP Error 404: Not Found
vision_push_failed frame_id=mock-video-5361 error=HTTP Error 404: Not Found
vision_push_failed frame_id=mock-video-5362 error=HTTP Error 404: Not Found
vision_push_failed frame_id=mock-video-5363 error=HTTP Error 404: Not Found
vision_push_failed frame_id=mock-video-5364 error=HTTP Error 404: Not Found
vision_push_failed frame_id=mock-video-5365 error=HTTP Error 404: Not Found
vision_push_failed frame_id=mock-video-5366 error=HTTP Error 404: Not Found
vision_push_failed frame_id=mock-video-5367 error=HTTP Error 404: Not Found
vision_push_failed frame_id=mock-video-5368 error=HTTP Error 404: Not Found
vision_push_failed frame_id=mock-video-5369 error=HTTP Error 404: Not Found
vision_push_failed frame_id=mock-video-5370 error=HTTP Error 404: Not Found
vision_push_failed frame_id=mock-video-5371 error=HTTP Error 404: Not Found
vision_push_failed frame_id=mock-video-5372 error=HTTP Error 404: Not Found
vision_push_failed frame_id=mock-video-5373 error=HTTP Error 404: Not Found
vision_push_failed frame_id=mock-video-5374 error=HTTP Error 404: Not Found
vision_push_failed frame_id=mock-video-5375 error=HTTP Error 404: Not Found
vision_push_failed frame_id=mock-video-5376 error=HTTP Error 404: Not Found
vision_push_failed frame_id=mock-video-5377 error=HTTP Error 404: Not Found
vision_push_failed frame_id=mock-video-5378 error=<urlopen error timed out>
vision_push_failed frame_id=mock-video-5379 error=HTTP Error 404: Not Found
vision_push_failed frame_id=mock-video-5380 error=HTTP Error 404: Not Found
vision_push_failed frame_id=mock-video-5381 error=HTTP Error 404: Not Found
vision_push_failed frame_id=mock-video-5382 error=HTTP Error 404: Not Found
vision_push_failed frame_id=mock-video-5383 error=HTTP Error 404: Not Found
vision_push_failed frame_id=mock-video-5384 error=HTTP Error 404: Not Found
vision_push_failed frame_id=mock-video-5385 error=HTTP Error 404: Not Found
vision_push_failed frame_id=mock-video-5386 error=HTTP Error 404: Not Found
vision_push_failed frame_id=mock-video-5387 error=HTTP Error 404: Not Found
vision_push_failed frame_id=mock-video-5388 error=HTTP Error 404: Not Found
vision_push_failed frame_id=mock-video-5389 error=HTTP Error 404: Not Found
vision_push_failed frame_id=mock-video-5390 error=HTTP Error 404: Not Found
vision_push_failed frame_id=mock-video-5391 error=HTTP Error 404: Not Found
vision_push_failed frame_id=mock-video-5392 error=HTTP Error 404: Not Found
vision_push_failed frame_id=mock-video-5393 error=HTTP Error 404: Not Found
vision_push_failed frame_id=mock-video-5394 error=HTTP Error 404: Not Found
vision_push_failed frame_id=mock-video-5395 error=HTTP Error 404: Not Found
vision_push_failed frame_id=mock-video-5396 error=HTTP Error 404: Not Found
vision_push_failed frame_id=mock-video-5397 error=HTTP Error 404: Not Found
vision_push_failed frame_id=mock-video-5398 error=HTTP Error 404: Not Found
vision_push_failed frame_id=mock-video-5399 error=HTTP Error 404: Not Found
vision_push_failed frame_id=mock-video-5400 error=HTTP Error 404: Not Found
vision_push_failed frame_id=mock-video-5401 error=HTTP Error 404: Not Found
vision_push_failed frame_id=mock-video-5402 error=HTTP Error 404: Not Found
vision_push_failed frame_id=mock-video-5403 error=HTTP Error 404: Not Found
vision_push_failed frame_id=mock-video-5404 error=HTTP Error 404: Not Found
vision_push_failed frame_id=mock-video-5405 error=HTTP Error 404: Not Found
vision_push_failed frame_id=mock-video-5406 error=HTTP Error 404: Not Found
vision_push_failed frame_id=mock-video-5407 error=HTTP Error 404: Not Found
vision_push_failed frame_id=mock-video-5408 error=HTTP Error 404: Not Found
vision_push_failed frame_id=mock-video-5409 error=HTTP Error 404: Not Found
vision_push_failed frame_id=mock-video-5410 error=HTTP Error 404: Not Found
vision_push_failed frame_id=mock-video-5411 error=<urlopen error timed out>
vision_push_failed frame_id=mock-video-5412 error=HTTP Error 404: Not Found
vision_push_failed frame_id=mock-video-5413 error=HTTP Error 404: Not Found
vision_push_failed frame_id=mock-video-5414 error=HTTP Error 404: Not Found
vision_push_failed frame_id=mock-video-5415 error=HTTP Error 404: Not Found
vision_push_failed frame_id=mock-video-5416 error=HTTP Error 404: Not Found
vision_push_failed frame_id=mock-video-5417 error=HTTP Error 404: Not Found
vision_push_failed frame_id=mock-video-5418 error=HTTP Error 404: Not Found
vision_push_failed frame_id=mock-video-5419 error=HTTP Error 404: Not Found
vision_push_failed frame_id=mock-video-5420 error=HTTP Error 404: Not Found
vision_push_failed frame_id=mock-video-5421 error=HTTP Error 404: Not Found
vision_push_failed frame_id=mock-video-5422 error=HTTP Error 404: Not Found
vision_push_failed frame_id=mock-video-5423 error=HTTP Error 404: Not Found
vision_push_failed frame_id=mock-video-5424 error=HTTP Error 404: Not Found
vision_push_failed frame_id=mock-video-5425 error=HTTP Error 404: Not Found
vision_push_failed frame_id=mock-video-5426 error=HTTP Error 404: Not Found
vision_push_failed frame_id=mock-video-5427 error=HTTP Error 404: Not Found
vision_push_failed frame_id=mock-video-5428 error=HTTP Error 404: Not Found
vision_push_failed frame_id=mock-video-5429 error=HTTP Error 404: Not Found
vision_push_failed frame_id=mock-video-5430 error=HTTP Error 404: Not Found
vision_push_failed frame_id=mock-video-5431 error=HTTP Error 404: Not Found
vision_push_failed frame_id=mock-video-5432 error=HTTP Error 404: Not Found
vision_push_failed frame_id=mock-video-5433 error=HTTP Error 404: Not Found
vision_push_failed frame_id=mock-video-5434 error=HTTP Error 404: Not Found
vision_push_failed frame_id=mock-video-5435 error=HTTP Error 404: Not Found
vision_push_failed frame_id=mock-video-5436 error=HTTP Error 404: Not Found
vision_push_failed frame_id=mock-video-5437 error=HTTP Error 404: Not Found
vision_push_failed frame_id=mock-video-5438 error=HTTP Error 404: Not Found
vision_push_failed frame_id=mock-video-5439 error=HTTP Error 404: Not Found
vision_push_failed frame_id=mock-video-5440 error=HTTP Error 404: Not Found
vision_push_failed frame_id=mock-video-5441 error=HTTP Error 404: Not Found
vision_push_failed frame_id=mock-video-5442 error=HTTP Error 404: Not Found
vision_push_failed frame_id=mock-video-5443 error=HTTP Error 404: Not Found
vision_push_failed frame_id=mock-video-5444 error=HTTP Error 404: Not Found
vision_push_failed frame_id=mock-video-5445 error=HTTP Error 404: Not Found
vision_push_failed frame_id=mock-video-5446 error=HTTP Error 404: Not Found
vision_push_failed frame_id=mock-video-5447 error=HTTP Error 404: Not Found
vision_push_failed frame_id=mock-video-5448 error=<urlopen error timed out>
vision_push_failed frame_id=mock-video-5449 error=HTTP Error 404: Not Found
vision_push_failed frame_id=mock-video-5450 error=HTTP Error 404: Not Found
vision_push_failed frame_id=mock-video-5451 error=HTTP Error 404: Not Found
vision_push_failed frame_id=mock-video-5452 error=HTTP Error 404: Not Found
vision_push_failed frame_id=mock-video-5453 error=HTTP Error 404: Not Found
vision_push_failed frame_id=mock-video-5454 error=HTTP Error 404: Not Found
vision_push_failed frame_id=mock-video-5455 error=HTTP Error 404: Not Found
vision_push_failed frame_id=mock-video-5456 error=HTTP Error 404: Not Found
vision_push_failed frame_id=mock-video-5457 error=HTTP Error 404: Not Found
vision_push_failed frame_id=mock-video-5458 error=HTTP Error 404: Not Found
vision_push_failed frame_id=mock-video-5459 error=HTTP Error 404: Not Found
vision_push_failed frame_id=mock-video-5460 error=HTTP Error 404: Not Found
vision_push_failed frame_id=mock-video-5461 error=HTTP Error 404: Not Found
vision_push_failed frame_id=mock-video-5462 error=HTTP Error 404: Not Found
vision_push_failed frame_id=mock-video-5463 error=HTTP Error 404: Not Found
vision_push_failed frame_id=mock-video-5464 error=HTTP Error 404: Not Found
vision_push_failed frame_id=mock-video-5465 error=HTTP Error 404: Not Found
vision_push_failed frame_id=mock-video-5466 error=HTTP Error 404: Not Found
vision_push_failed frame_id=mock-video-5467 error=HTTP Error 404: Not Found
vision_push_failed frame_id=mock-video-5468 error=HTTP Error 404: Not Found
vision_push_failed frame_id=mock-video-5469 error=HTTP Error 404: Not Found
vision_push_failed frame_id=mock-video-5470 error=HTTP Error 404: Not Found
vision_push_failed frame_id=mock-video-5471 error=HTTP Error 404: Not Found
vision_push_failed frame_id=mock-video-5472 error=HTTP Error 404: Not Found
vision_push_failed frame_id=mock-video-5473 error=HTTP Error 404: Not Found
vision_push_failed frame_id=mock-video-5474 error=HTTP Error 404: Not Found
vision_push_failed frame_id=mock-video-5475 error=HTTP Error 404: Not Found
vision_push_failed frame_id=mock-video-5476 error=HTTP Error 404: Not Found
vision_push_failed frame_id=mock-video-5477 error=HTTP Error 404: Not Found
vision_push_failed frame_id=mock-video-5478 error=HTTP Error 404: Not Found
vision_push_failed frame_id=mock-video-5479 error=HTTP Error 404: Not Found
vision_push_failed frame_id=mock-video-5480 error=HTTP Error 404: Not Found
vision_push_failed frame_id=mock-video-5481 error=HTTP Error 404: Not Found
vision_push_failed frame_id=mock-video-5482 error=HTTP Error 404: Not Found
vision_push_failed frame_id=mock-video-5483 error=HTTP Error 404: Not Found
vision_push_failed frame_id=mock-video-5484 error=HTTP Error 404: Not Found
vision_push_failed frame_id=mock-video-5485 error=HTTP Error 404: Not Found
vision_push_failed frame_id=mock-video-5486 error=HTTP Error 404: Not Found
vision_push_failed frame_id=mock-video-5487 error=HTTP Error 404: Not Found
vision_push_failed frame_id=mock-video-5488 error=HTTP Error 404: Not Found
vision_push_failed frame_id=mock-video-5489 error=HTTP Error 404: Not Found
vision_push_failed frame_id=mock-video-5490 error=HTTP Error 404: Not Found
vision_push_failed frame_id=mock-video-5491 error=HTTP Error 404: Not Found
vision_push_failed frame_id=mock-video-5492 error=HTTP Error 404: Not Found
vision_push_failed frame_id=mock-video-5493 error=HTTP Error 404: Not Found
vision_push_failed frame_id=mock-video-5494 error=HTTP Error 404: Not Found
vision_push_failed frame_id=mock-video-5495 error=HTTP Error 404: Not Found
vision_push_failed frame_id=mock-video-5496 error=HTTP Error 404: Not Found
vision_push_failed frame_id=mock-video-5497 error=HTTP Error 404: Not Found
vision_push_failed frame_id=mock-video-5498 error=HTTP Error 404: Not Found
vision_push_failed frame_id=mock-video-5499 error=HTTP Error 404: Not Found
vision_push_failed frame_id=mock-video-5500 error=HTTP Error 404: Not Found
vision_push_failed frame_id=mock-video-5501 error=HTTP Error 404: Not Found
vision_push_failed frame_id=mock-video-5502 error=HTTP Error 404: Not Found
vision_push_failed frame_id=mock-video-5503 error=HTTP Error 404: Not Found
vision_push_failed frame_id=mock-video-5504 error=HTTP Error 404: Not Found
vision_push_failed frame_id=mock-video-5505 error=HTTP Error 404: Not Found
vision_push_failed frame_id=mock-video-5506 error=HTTP Error 404: Not Found
vision_push_failed frame_id=mock-video-5507 error=HTTP Error 404: Not Found
vision_push_failed frame_id=mock-video-5508 error=HTTP Error 404: Not Found
vision_push_failed frame_id=mock-video-5509 error=HTTP Error 404: Not Found
vision_push_failed frame_id=mock-video-5510 error=HTTP Error 404: Not Found
vision_push_failed frame_id=mock-video-5511 error=HTTP Error 404: Not Found
vision_push_failed frame_id=mock-video-5512 error=HTTP Error 404: Not Found
vision_push_failed frame_id=mock-video-5513 error=HTTP Error 404: Not Found
vision_push_failed frame_id=mock-video-5514 error=HTTP Error 404: Not Found
vision_push_failed frame_id=mock-video-5515 error=HTTP Error 404: Not Found
vision_push_failed frame_id=mock-video-5516 error=HTTP Error 404: Not Found
vision_push_failed frame_id=mock-video-5517 error=HTTP Error 404: Not Found
vision_push_failed frame_id=mock-video-5518 error=HTTP Error 404: Not Found
vision_push_failed frame_id=mock-video-5519 error=HTTP Error 404: Not Found
vision_push_failed frame_id=mock-video-5520 error=HTTP Error 404: Not Found
vision_push_failed frame_id=mock-video-5521 error=HTTP Error 404: Not Found
vision_push_failed frame_id=mock-video-5522 error=HTTP Error 404: Not Found
vision_push_failed frame_id=mock-video-5523 error=HTTP Error 404: Not Found
vision_push_failed frame_id=mock-video-5524 error=HTTP Error 404: Not Found
vision_push_failed frame_id=mock-video-5525 error=HTTP Error 404: Not Found
vision_push_failed frame_id=mock-video-5526 error=HTTP Error 404: Not Found
vision_push_failed frame_id=mock-video-5527 error=HTTP Error 404: Not Found
vision_push_failed frame_id=mock-video-5528 error=HTTP Error 404: Not Found
vision_push_failed frame_id=mock-video-5529 error=HTTP Error 404: Not Found
vision_push_failed frame_id=mock-video-5530 error=HTTP Error 404: Not Found
vision_push_failed frame_id=mock-video-5531 error=HTTP Error 404: Not Found
vision_push_failed frame_id=mock-video-5532 error=HTTP Error 404: Not Found
vision_push_failed frame_id=mock-video-5533 error=HTTP Error 404: Not Found
vision_push_failed frame_id=mock-video-5534 error=HTTP Error 404: Not Found
vision_push_failed frame_id=mock-video-5535 error=HTTP Error 404: Not Found
vision_push_failed frame_id=mock-video-5536 error=HTTP Error 404: Not Found
vision_push_failed frame_id=mock-video-5537 error=HTTP Error 404: Not Found
vision_push_failed frame_id=mock-video-5538 error=HTTP Error 404: Not Found
vision_push_failed frame_id=mock-video-5539 error=HTTP Error 404: Not Found
vision_push_failed frame_id=mock-video-5540 error=HTTP Error 404: Not Found
vision_push_failed frame_id=mock-video-5541 error=HTTP Error 404: Not Found
vision_push_failed frame_id=mock-video-5542 error=HTTP Error 404: Not Found
vision_push_failed frame_id=mock-video-5543 error=HTTP Error 404: Not Found
vision_push_failed frame_id=mock-video-5544 error=HTTP Error 404: Not Found
vision_push_failed frame_id=mock-video-5545 error=HTTP Error 404: Not Found
vision_push_failed frame_id=mock-video-5546 error=HTTP Error 404: Not Found
vision_push_failed frame_id=mock-video-5547 error=HTTP Error 404: Not Found
vision_push_failed frame_id=mock-video-5548 error=HTTP Error 404: Not Found
vision_push_failed frame_id=mock-video-5549 error=HTTP Error 404: Not Found
vision_push_failed frame_id=mock-video-5550 error=HTTP Error 404: Not Found
vision_push_failed frame_id=mock-video-5551 error=HTTP Error 404: Not Found
vision_push_failed frame_id=mock-video-5552 error=HTTP Error 404: Not Found
vision_push_failed frame_id=mock-video-5553 error=HTTP Error 404: Not Found
vision_push_failed frame_id=mock-video-5554 error=HTTP Error 404: Not Found
vision_push_failed frame_id=mock-video-5555 error=HTTP Error 404: Not Found
vision_push_failed frame_id=mock-video-5556 error=HTTP Error 404: Not Found
vision_push_failed frame_id=mock-video-5557 error=HTTP Error 404: Not Found
vision_push_failed frame_id=mock-video-5558 error=HTTP Error 404: Not Found
vision_push_failed frame_id=mock-video-5559 error=HTTP Error 404: Not Found
vision_push_failed frame_id=mock-video-5560 error=HTTP Error 404: Not Found
vision_push_failed frame_id=mock-video-5561 error=HTTP Error 404: Not Found
vision_push_failed frame_id=mock-video-5562 error=HTTP Error 404: Not Found
vision_push_failed frame_id=mock-video-5563 error=HTTP Error 404: Not Found
vision_push_failed frame_id=mock-video-5564 error=HTTP Error 404: Not Found
vision_push_failed frame_id=mock-video-5565 error=HTTP Error 404: Not Found
vision_push_failed frame_id=mock-video-5566 error=HTTP Error 404: Not Found
vision_push_failed frame_id=mock-video-5567 error=HTTP Error 404: Not Found
vision_push_failed frame_id=mock-video-5568 error=HTTP Error 404: Not Found
vision_push_failed frame_id=mock-video-5569 error=HTTP Error 404: Not Found
vision_push_failed frame_id=mock-video-5570 error=HTTP Error 404: Not Found
vision_push_failed frame_id=mock-video-5571 error=HTTP Error 404: Not Found
vision_push_failed frame_id=mock-video-5572 error=HTTP Error 404: Not Found
vision_push_failed frame_id=mock-video-5573 error=HTTP Error 404: Not Found
vision_push_failed frame_id=mock-video-5574 error=HTTP Error 404: Not Found
vision_push_failed frame_id=mock-video-5575 error=HTTP Error 404: Not Found
vision_push_failed frame_id=mock-video-5576 error=HTTP Error 404: Not Found
vision_push_failed frame_id=mock-video-5577 error=HTTP Error 404: Not Found
vision_push_failed frame_id=mock-video-5578 error=HTTP Error 404: Not Found
vision_push_failed frame_id=mock-video-5579 error=HTTP Error 404: Not Found
vision_push_failed frame_id=mock-video-5580 error=HTTP Error 404: Not Found
vision_push_failed frame_id=mock-video-5581 error=HTTP Error 404: Not Found
vision_push_failed frame_id=mock-video-5582 error=HTTP Error 404: Not Found
vision_push_failed frame_id=mock-video-5583 error=HTTP Error 404: Not Found
vision_push_failed frame_id=mock-video-5584 error=HTTP Error 404: Not Found
vision_push_failed frame_id=mock-video-5585 error=HTTP Error 404: Not Found
vision_push_failed frame_id=mock-video-5586 error=HTTP Error 404: Not Found
vision_push_failed frame_id=mock-video-5587 error=HTTP Error 404: Not Found
vision_push_failed frame_id=mock-video-5588 error=HTTP Error 404: Not Found
vision_push_failed frame_id=mock-video-5589 error=HTTP Error 404: Not Found
vision_push_failed frame_id=mock-video-5590 error=HTTP Error 404: Not Found
vision_push_failed frame_id=mock-video-5591 error=HTTP Error 404: Not Found
vision_push_failed frame_id=mock-video-5592 error=HTTP Error 404: Not Found
vision_push_failed frame_id=mock-video-5593 error=HTTP Error 404: Not Found
vision_push_failed frame_id=mock-video-5594 error=HTTP Error 404: Not Found
vision_push_failed frame_id=mock-video-5595 error=HTTP Error 404: Not Found
vision_push_failed frame_id=mock-video-5596 error=HTTP Error 404: Not Found
vision_push_failed frame_id=mock-video-5597 error=HTTP Error 404: Not Found
vision_push_failed frame_id=mock-video-5598 error=HTTP Error 404: Not Found
vision_push_failed frame_id=mock-video-5599 error=HTTP Error 404: Not Found
vision_push_failed frame_id=mock-video-5600 error=HTTP Error 404: Not Found
vision_push_failed frame_id=mock-video-5601 error=HTTP Error 404: Not Found
vision_push_failed frame_id=mock-video-5602 error=HTTP Error 404: Not Found
vision_push_failed frame_id=mock-video-5603 error=HTTP Error 404: Not Found
vision_push_failed frame_id=mock-video-5604 error=HTTP Error 404: Not Found
vision_push_failed frame_id=mock-video-5605 error=HTTP Error 404: Not Found
vision_push_failed frame_id=mock-video-5606 error=HTTP Error 404: Not Found
vision_push_failed frame_id=mock-video-5607 error=HTTP Error 404: Not Found
vision_push_failed frame_id=mock-video-5608 error=HTTP Error 404: Not Found
vision_push_failed frame_id=mock-video-5609 error=HTTP Error 404: Not Found
vision_push_failed frame_id=mock-video-5610 error=HTTP Error 404: Not Found
vision_push_failed frame_id=mock-video-5611 error=HTTP Error 404: Not Found
vision_push_failed frame_id=mock-video-5612 error=HTTP Error 404: Not Found
vision_push_failed frame_id=mock-video-5613 error=HTTP Error 404: Not Found
vision_push_failed frame_id=mock-video-5614 error=HTTP Error 404: Not Found
vision_push_failed frame_id=mock-video-5615 error=HTTP Error 404: Not Found
vision_push_failed frame_id=mock-video-5616 error=HTTP Error 404: Not Found
vision_push_failed frame_id=mock-video-5617 error=HTTP Error 404: Not Found
vision_push_failed frame_id=mock-video-5618 error=HTTP Error 404: Not Found
vision_push_failed frame_id=mock-video-5619 error=HTTP Error 404: Not Found
vision_push_failed frame_id=mock-video-5620 error=HTTP Error 404: Not Found
vision_push_failed frame_id=mock-video-5621 error=HTTP Error 404: Not Found
vision_push_failed frame_id=mock-video-5622 error=HTTP Error 404: Not Found
vision_push_failed frame_id=mock-video-5623 error=<urlopen error timed out>
vision_push_failed frame_id=mock-video-5624 error=HTTP Error 404: Not Found
vision_push_failed frame_id=mock-video-5625 error=HTTP Error 404: Not Found
vision_push_failed frame_id=mock-video-5626 error=HTTP Error 404: Not Found
vision_push_failed frame_id=mock-video-5627 error=HTTP Error 404: Not Found
vision_push_failed frame_id=mock-video-5628 error=HTTP Error 404: Not Found
vision_push_failed frame_id=mock-video-5629 error=HTTP Error 404: Not Found
vision_push_failed frame_id=mock-video-5630 error=HTTP Error 404: Not Found
vision_push_failed frame_id=mock-video-5631 error=HTTP Error 404: Not Found
vision_push_failed frame_id=mock-video-5632 error=HTTP Error 404: Not Found
vision_push_failed frame_id=mock-video-5633 error=HTTP Error 404: Not Found
vision_push_failed frame_id=mock-video-5634 error=HTTP Error 404: Not Found
vision_push_failed frame_id=mock-video-5635 error=HTTP Error 404: Not Found
vision_push_failed frame_id=mock-video-5636 error=HTTP Error 404: Not Found
vision_push_failed frame_id=mock-video-5637 error=HTTP Error 404: Not Found
vision_push_failed frame_id=mock-video-5638 error=HTTP Error 404: Not Found
vision_push_failed frame_id=mock-video-5639 error=HTTP Error 404: Not Found
vision_push_failed frame_id=mock-video-5640 error=HTTP Error 404: Not Found
vision_push_failed frame_id=mock-video-5641 error=HTTP Error 404: Not Found
vision_push_failed frame_id=mock-video-5642 error=HTTP Error 404: Not Found
vision_push_failed frame_id=mock-video-5643 error=HTTP Error 404: Not Found
vision_push_failed frame_id=mock-video-5644 error=HTTP Error 404: Not Found
vision_push_failed frame_id=mock-video-5645 error=HTTP Error 404: Not Found
vision_push_failed frame_id=mock-video-5646 error=HTTP Error 404: Not Found
vision_push_failed frame_id=mock-video-5647 error=HTTP Error 404: Not Found
vision_push_failed frame_id=mock-video-5648 error=HTTP Error 404: Not Found
vision_push_failed frame_id=mock-video-5649 error=HTTP Error 404: Not Found
vision_push_failed frame_id=mock-video-5650 error=HTTP Error 404: Not Found
vision_push_failed frame_id=mock-video-5651 error=HTTP Error 404: Not Found
vision_push_failed frame_id=mock-video-5652 error=HTTP Error 404: Not Found
vision_push_failed frame_id=mock-video-5653 error=HTTP Error 404: Not Found
vision_push_failed frame_id=mock-video-5654 error=HTTP Error 404: Not Found
vision_push_failed frame_id=mock-video-5655 error=HTTP Error 404: Not Found
vision_push_failed frame_id=mock-video-5656 error=HTTP Error 404: Not Found
vision_push_failed frame_id=mock-video-5657 error=HTTP Error 404: Not Found
vision_push_failed frame_id=mock-video-5658 error=HTTP Error 404: Not Found
vision_push_failed frame_id=mock-video-5659 error=HTTP Error 404: Not Found
vision_push_failed frame_id=mock-video-5660 error=HTTP Error 404: Not Found
vision_push_failed frame_id=mock-video-5661 error=HTTP Error 404: Not Found
vision_push_failed frame_id=mock-video-5662 error=HTTP Error 404: Not Found
vision_push_failed frame_id=mock-video-5663 error=HTTP Error 404: Not Found
vision_push_failed frame_id=mock-video-5664 error=HTTP Error 404: Not Found
vision_push_failed frame_id=mock-video-5665 error=HTTP Error 404: Not Found
vision_push_failed frame_id=mock-video-5666 error=HTTP Error 404: Not Found
vision_push_failed frame_id=mock-video-5667 error=HTTP Error 404: Not Found
vision_push_failed frame_id=mock-video-5668 error=HTTP Error 404: Not Found
vision_push_failed frame_id=mock-video-5669 error=HTTP Error 404: Not Found
vision_push_failed frame_id=mock-video-5670 error=HTTP Error 404: Not Found
vision_push_failed frame_id=mock-video-5671 error=HTTP Error 404: Not Found
vision_push_failed frame_id=mock-video-5672 error=HTTP Error 404: Not Found
vision_push_failed frame_id=mock-video-5673 error=HTTP Error 404: Not Found
vision_push_failed frame_id=mock-video-5674 error=HTTP Error 404: Not Found
vision_push_failed frame_id=mock-video-5675 error=HTTP Error 404: Not Found
vision_push_failed frame_id=mock-video-5676 error=HTTP Error 404: Not Found
vision_push_failed frame_id=mock-video-5677 error=HTTP Error 404: Not Found
vision_push_failed frame_id=mock-video-5678 error=HTTP Error 404: Not Found
vision_push_failed frame_id=mock-video-5679 error=HTTP Error 404: Not Found
vision_push_failed frame_id=mock-video-5680 error=HTTP Error 404: Not Found
vision_push_failed frame_id=mock-video-5681 error=HTTP Error 404: Not Found
vision_push_failed frame_id=mock-video-5682 error=HTTP Error 404: Not Found
vision_push_failed frame_id=mock-video-5683 error=HTTP Error 404: Not Found
vision_push_failed frame_id=mock-video-5684 error=HTTP Error 404: Not Found
vision_push_failed frame_id=mock-video-5685 error=HTTP Error 404: Not Found
vision_push_failed frame_id=mock-video-5686 error=HTTP Error 404: Not Found
vision_push_failed frame_id=mock-video-5687 error=HTTP Error 404: Not Found
vision_push_failed frame_id=mock-video-5688 error=HTTP Error 404: Not Found
vision_push_failed frame_id=mock-video-5689 error=HTTP Error 404: Not Found
vision_push_failed frame_id=mock-video-5690 error=HTTP Error 404: Not Found
vision_push_failed frame_id=mock-video-5691 error=HTTP Error 404: Not Found
vision_push_failed frame_id=mock-video-5692 error=HTTP Error 404: Not Found
vision_push_failed frame_id=mock-video-5693 error=HTTP Error 404: Not Found
vision_push_failed frame_id=mock-video-5694 error=HTTP Error 404: Not Found
vision_push_failed frame_id=mock-video-5695 error=HTTP Error 404: Not Found
vision_push_failed frame_id=mock-video-5696 error=HTTP Error 404: Not Found
vision_push_failed frame_id=mock-video-5697 error=HTTP Error 404: Not Found
vision_push_failed frame_id=mock-video-5698 error=HTTP Error 404: Not Found
vision_push_failed frame_id=mock-video-5699 error=HTTP Error 404: Not Found
vision_push_failed frame_id=mock-video-5700 error=HTTP Error 404: Not Found
vision_push_failed frame_id=mock-video-5701 error=HTTP Error 404: Not Found
vision_push_failed frame_id=mock-video-5702 error=HTTP Error 404: Not Found
vision_push_failed frame_id=mock-video-5703 error=HTTP Error 404: Not Found
vision_push_failed frame_id=mock-video-5704 error=HTTP Error 404: Not Found
vision_push_failed frame_id=mock-video-5705 error=HTTP Error 404: Not Found
vision_push_failed frame_id=mock-video-5706 error=HTTP Error 404: Not Found
vision_push_failed frame_id=mock-video-5707 error=HTTP Error 404: Not Found
vision_push_failed frame_id=mock-video-5708 error=HTTP Error 404: Not Found
vision_push_failed frame_id=mock-video-5709 error=HTTP Error 404: Not Found
vision_push_failed frame_id=mock-video-5710 error=HTTP Error 404: Not Found
vision_push_failed frame_id=mock-video-5711 error=HTTP Error 404: Not Found
vision_push_failed frame_id=mock-video-5712 error=HTTP Error 404: Not Found
vision_push_failed frame_id=mock-video-5713 error=HTTP Error 404: Not Found
vision_push_failed frame_id=mock-video-5714 error=HTTP Error 404: Not Found
vision_push_failed frame_id=mock-video-5715 error=HTTP Error 404: Not Found
vision_push_failed frame_id=mock-video-5716 error=HTTP Error 404: Not Found
vision_push_failed frame_id=mock-video-5717 error=HTTP Error 404: Not Found
vision_push_failed frame_id=mock-video-5718 error=HTTP Error 404: Not Found
vision_push_failed frame_id=mock-video-5719 error=HTTP Error 404: Not Found
vision_push_failed frame_id=mock-video-5720 error=HTTP Error 404: Not Found
vision_push_failed frame_id=mock-video-5721 error=HTTP Error 404: Not Found
vision_push_failed frame_id=mock-video-5722 error=HTTP Error 404: Not Found
vision_push_failed frame_id=mock-video-5723 error=HTTP Error 404: Not Found
vision_push_failed frame_id=mock-video-5724 error=HTTP Error 404: Not Found
vision_push_failed frame_id=mock-video-5725 error=HTTP Error 404: Not Found
vision_push_failed frame_id=mock-video-5726 error=HTTP Error 404: Not Found
vision_push_failed frame_id=mock-video-5727 error=HTTP Error 404: Not Found
vision_push_failed frame_id=mock-video-5728 error=HTTP Error 404: Not Found
vision_push_failed frame_id=mock-video-5729 error=HTTP Error 404: Not Found
vision_push_failed frame_id=mock-video-5730 error=HTTP Error 404: Not Found
vision_push_failed frame_id=mock-video-5731 error=HTTP Error 404: Not Found
vision_push_failed frame_id=mock-video-5732 error=HTTP Error 404: Not Found
vision_push_failed frame_id=mock-video-5733 error=HTTP Error 404: Not Found
vision_push_failed frame_id=mock-video-5734 error=HTTP Error 404: Not Found
vision_push_failed frame_id=mock-video-5735 error=HTTP Error 404: Not Found
vision_push_failed frame_id=mock-video-5736 error=HTTP Error 404: Not Found
vision_push_failed frame_id=mock-video-5737 error=HTTP Error 404: Not Found
vision_push_failed frame_id=mock-video-5738 error=HTTP Error 404: Not Found
vision_push_failed frame_id=mock-video-5739 error=HTTP Error 404: Not Found
vision_push_failed frame_id=mock-video-5740 error=HTTP Error 404: Not Found
vision_push_failed frame_id=mock-video-5741 error=HTTP Error 404: Not Found
vision_push_failed frame_id=mock-video-5742 error=HTTP Error 404: Not Found
vision_push_failed frame_id=mock-video-5743 error=HTTP Error 404: Not Found
vision_push_failed frame_id=mock-video-5744 error=HTTP Error 404: Not Found
vision_push_failed frame_id=mock-video-5745 error=HTTP Error 404: Not Found
vision_push_failed frame_id=mock-video-5746 error=HTTP Error 404: Not Found
vision_push_failed frame_id=mock-video-5747 error=HTTP Error 404: Not Found
vision_push_failed frame_id=mock-video-5748 error=HTTP Error 404: Not Found
vision_push_failed frame_id=mock-video-5749 error=HTTP Error 404: Not Found
vision_push_failed frame_id=mock-video-5750 error=HTTP Error 404: Not Found
vision_push_failed frame_id=mock-video-5751 error=HTTP Error 404: Not Found
vision_push_failed frame_id=mock-video-5752 error=HTTP Error 404: Not Found
vision_push_failed frame_id=mock-video-5753 error=HTTP Error 404: Not Found
vision_push_failed frame_id=mock-video-5754 error=HTTP Error 404: Not Found
vision_push_failed frame_id=mock-video-5755 error=HTTP Error 404: Not Found
vision_push_failed frame_id=mock-video-5756 error=HTTP Error 404: Not Found
vision_push_failed frame_id=mock-video-5757 error=HTTP Error 404: Not Found
vision_push_failed frame_id=mock-video-5758 error=HTTP Error 404: Not Found
vision_push_failed frame_id=mock-video-5759 error=HTTP Error 404: Not Found
vision_push_failed frame_id=mock-video-5760 error=HTTP Error 404: Not Found
vision_push_failed frame_id=mock-video-5761 error=HTTP Error 404: Not Found
vision_push_failed frame_id=mock-video-5762 error=HTTP Error 404: Not Found
vision_push_failed frame_id=mock-video-5763 error=HTTP Error 404: Not Found
vision_push_failed frame_id=mock-video-5764 error=HTTP Error 404: Not Found
vision_push_failed frame_id=mock-video-5765 error=HTTP Error 404: Not Found
vision_push_failed frame_id=mock-video-5766 error=HTTP Error 404: Not Found
vision_push_failed frame_id=mock-video-5767 error=HTTP Error 404: Not Found
vision_push_failed frame_id=mock-video-5768 error=HTTP Error 404: Not Found
vision_push_failed frame_id=mock-video-5769 error=HTTP Error 404: Not Found
vision_push_failed frame_id=mock-video-5770 error=HTTP Error 404: Not Found
vision_push_failed frame_id=mock-video-5771 error=HTTP Error 404: Not Found
vision_push_failed frame_id=mock-video-5772 error=HTTP Error 404: Not Found
vision_push_failed frame_id=mock-video-5773 error=HTTP Error 404: Not Found
vision_push_failed frame_id=mock-video-5774 error=HTTP Error 404: Not Found
vision_push_failed frame_id=mock-video-5775 error=HTTP Error 404: Not Found
vision_push_failed frame_id=mock-video-5776 error=HTTP Error 404: Not Found
vision_push_failed frame_id=mock-video-5777 error=HTTP Error 404: Not Found
vision_push_failed frame_id=mock-video-5778 error=HTTP Error 404: Not Found
vision_push_failed frame_id=mock-video-5779 error=HTTP Error 404: Not Found
vision_push_failed frame_id=mock-video-5780 error=HTTP Error 404: Not Found
vision_push_failed frame_id=mock-video-5781 error=HTTP Error 404: Not Found
vision_push_failed frame_id=mock-video-5782 error=HTTP Error 404: Not Found
vision_push_failed frame_id=mock-video-5783 error=HTTP Error 404: Not Found
vision_push_failed frame_id=mock-video-5784 error=HTTP Error 404: Not Found
vision_push_failed frame_id=mock-video-5785 error=HTTP Error 404: Not Found
vision_push_failed frame_id=mock-video-5786 error=HTTP Error 404: Not Found
vision_push_failed frame_id=mock-video-5787 error=HTTP Error 404: Not Found
vision_push_failed frame_id=mock-video-5788 error=HTTP Error 404: Not Found
vision_push_failed frame_id=mock-video-5789 error=HTTP Error 404: Not Found
vision_push_failed frame_id=mock-video-5790 error=HTTP Error 404: Not Found
vision_push_failed frame_id=mock-video-5791 error=HTTP Error 404: Not Found
vision_push_failed frame_id=mock-video-5792 error=HTTP Error 404: Not Found
vision_push_failed frame_id=mock-video-5793 error=HTTP Error 404: Not Found
vision_push_failed frame_id=mock-video-5794 error=HTTP Error 404: Not Found
vision_push_failed frame_id=mock-video-5795 error=HTTP Error 404: Not Found
vision_push_failed frame_id=mock-video-5796 error=HTTP Error 404: Not Found
vision_push_failed frame_id=mock-video-5797 error=HTTP Error 404: Not Found
vision_push_failed frame_id=mock-video-5798 error=HTTP Error 404: Not Found
vision_push_failed frame_id=mock-video-5799 error=HTTP Error 404: Not Found
vision_push_failed frame_id=mock-video-5800 error=HTTP Error 404: Not Found
vision_push_failed frame_id=mock-video-5801 error=HTTP Error 404: Not Found
vision_push_failed frame_id=mock-video-5802 error=HTTP Error 404: Not Found
vision_push_failed frame_id=mock-video-5803 error=HTTP Error 404: Not Found
vision_push_failed frame_id=mock-video-5804 error=HTTP Error 404: Not Found
vision_push_failed frame_id=mock-video-5805 error=HTTP Error 404: Not Found
vision_push_failed frame_id=mock-video-5806 error=HTTP Error 404: Not Found
vision_push_failed frame_id=mock-video-5807 error=HTTP Error 404: Not Found
vision_push_failed frame_id=mock-video-5808 error=HTTP Error 404: Not Found
vision_push_failed frame_id=mock-video-5809 error=HTTP Error 404: Not Found
vision_push_failed frame_id=mock-video-5810 error=HTTP Error 404: Not Found
vision_push_failed frame_id=mock-video-5811 error=HTTP Error 404: Not Found
vision_push_failed frame_id=mock-video-5812 error=HTTP Error 404: Not Found
vision_push_failed frame_id=mock-video-5813 error=HTTP Error 404: Not Found
vision_push_failed frame_id=mock-video-5814 error=HTTP Error 404: Not Found
vision_push_failed frame_id=mock-video-5815 error=HTTP Error 404: Not Found
vision_push_failed frame_id=mock-video-5816 error=HTTP Error 404: Not Found
vision_push_failed frame_id=mock-video-5817 error=HTTP Error 404: Not Found
vision_push_failed frame_id=mock-video-5818 error=HTTP Error 404: Not Found
vision_push_failed frame_id=mock-video-5819 error=HTTP Error 404: Not Found
vision_push_failed frame_id=mock-video-5820 error=HTTP Error 404: Not Found
vision_push_failed frame_id=mock-video-5821 error=HTTP Error 404: Not Found
vision_push_failed frame_id=mock-video-5822 error=HTTP Error 404: Not Found
vision_push_failed frame_id=mock-video-5823 error=HTTP Error 404: Not Found
vision_push_failed frame_id=mock-video-5824 error=HTTP Error 404: Not Found
vision_push_failed frame_id=mock-video-5825 error=HTTP Error 404: Not Found
vision_push_failed frame_id=mock-video-5826 error=HTTP Error 404: Not Found
vision_push_failed frame_id=mock-video-5827 error=HTTP Error 404: Not Found
vision_push_failed frame_id=mock-video-5828 error=HTTP Error 404: Not Found
vision_push_failed frame_id=mock-video-5829 error=HTTP Error 404: Not Found
vision_push_failed frame_id=mock-video-5830 error=HTTP Error 404: Not Found
vision_push_failed frame_id=mock-video-5831 error=HTTP Error 404: Not Found
vision_push_failed frame_id=mock-video-5832 error=HTTP Error 404: Not Found
vision_push_failed frame_id=mock-video-5833 error=HTTP Error 404: Not Found
vision_push_failed frame_id=mock-video-5834 error=HTTP Error 404: Not Found
vision_push_failed frame_id=mock-video-5835 error=HTTP Error 404: Not Found
vision_push_failed frame_id=mock-video-5836 error=HTTP Error 404: Not Found
vision_push_failed frame_id=mock-video-5837 error=HTTP Error 404: Not Found
vision_push_failed frame_id=mock-video-5838 error=HTTP Error 404: Not Found
vision_push_failed frame_id=mock-video-5839 error=HTTP Error 404: Not Found
vision_push_failed frame_id=mock-video-5840 error=HTTP Error 404: Not Found
vision_push_failed frame_id=mock-video-5841 error=HTTP Error 404: Not Found
vision_push_failed frame_id=mock-video-5842 error=HTTP Error 404: Not Found
vision_push_failed frame_id=mock-video-5843 error=HTTP Error 404: Not Found
vision_push_failed frame_id=mock-video-5844 error=HTTP Error 404: Not Found
vision_push_failed frame_id=mock-video-5845 error=HTTP Error 404: Not Found
vision_push_failed frame_id=mock-video-5846 error=HTTP Error 404: Not Found
vision_push_failed frame_id=mock-video-5847 error=<urlopen error timed out>
vision_push_failed frame_id=mock-video-5848 error=HTTP Error 404: Not Found
vision_push_failed frame_id=mock-video-5849 error=HTTP Error 404: Not Found
vision_push_failed frame_id=mock-video-5850 error=HTTP Error 404: Not Found
vision_push_failed frame_id=mock-video-5851 error=HTTP Error 404: Not Found
vision_push_failed frame_id=mock-video-5852 error=HTTP Error 404: Not Found
vision_push_failed frame_id=mock-video-5853 error=HTTP Error 404: Not Found
vision_push_failed frame_id=mock-video-5854 error=HTTP Error 404: Not Found
vision_push_failed frame_id=mock-video-5855 error=HTTP Error 404: Not Found
vision_push_failed frame_id=mock-video-5856 error=HTTP Error 404: Not Found
vision_push_failed frame_id=mock-video-5857 error=HTTP Error 404: Not Found
vision_push_failed frame_id=mock-video-5858 error=HTTP Error 404: Not Found
vision_push_failed frame_id=mock-video-5859 error=HTTP Error 404: Not Found
vision_push_failed frame_id=mock-video-5860 error=HTTP Error 404: Not Found
vision_push_failed frame_id=mock-video-5861 error=HTTP Error 404: Not Found
vision_push_failed frame_id=mock-video-5862 error=HTTP Error 404: Not Found
vision_push_failed frame_id=mock-video-5863 error=HTTP Error 404: Not Found
vision_push_failed frame_id=mock-video-5864 error=HTTP Error 404: Not Found
vision_push_failed frame_id=mock-video-5865 error=HTTP Error 404: Not Found
vision_push_failed frame_id=mock-video-5866 error=HTTP Error 404: Not Found
vision_push_failed frame_id=mock-video-5867 error=HTTP Error 404: Not Found
vision_push_failed frame_id=mock-video-5868 error=HTTP Error 404: Not Found
vision_push_failed frame_id=mock-video-5869 error=HTTP Error 404: Not Found
vision_push_failed frame_id=mock-video-5870 error=HTTP Error 404: Not Found
vision_push_failed frame_id=mock-video-5871 error=HTTP Error 404: Not Found
vision_push_failed frame_id=mock-video-5872 error=HTTP Error 404: Not Found
vision_push_failed frame_id=mock-video-5873 error=HTTP Error 404: Not Found
vision_push_failed frame_id=mock-video-5874 error=HTTP Error 404: Not Found
vision_push_failed frame_id=mock-video-5875 error=HTTP Error 404: Not Found
vision_push_failed frame_id=mock-video-5876 error=HTTP Error 404: Not Found
vision_push_failed frame_id=mock-video-5877 error=HTTP Error 404: Not Found
vision_push_failed frame_id=mock-video-5878 error=HTTP Error 404: Not Found
vision_push_failed frame_id=mock-video-5879 error=HTTP Error 404: Not Found
vision_push_failed frame_id=mock-video-5880 error=HTTP Error 404: Not Found
vision_push_failed frame_id=mock-video-5881 error=HTTP Error 404: Not Found
vision_push_failed frame_id=mock-video-5882 error=HTTP Error 404: Not Found
vision_push_failed frame_id=mock-video-5883 error=HTTP Error 404: Not Found
vision_push_failed frame_id=mock-video-5884 error=HTTP Error 404: Not Found
vision_push_failed frame_id=mock-video-5885 error=HTTP Error 404: Not Found
vision_push_failed frame_id=mock-video-5886 error=HTTP Error 404: Not Found
vision_push_failed frame_id=mock-video-5887 error=HTTP Error 404: Not Found
vision_push_failed frame_id=mock-video-5888 error=HTTP Error 404: Not Found
vision_push_failed frame_id=mock-video-5889 error=HTTP Error 404: Not Found
vision_push_failed frame_id=mock-video-5890 error=HTTP Error 404: Not Found
vision_push_failed frame_id=mock-video-5891 error=HTTP Error 404: Not Found
vision_push_failed frame_id=mock-video-5892 error=HTTP Error 404: Not Found
vision_push_failed frame_id=mock-video-5893 error=HTTP Error 404: Not Found
vision_push_failed frame_id=mock-video-5894 error=HTTP Error 404: Not Found
vision_push_failed frame_id=mock-video-5895 error=HTTP Error 404: Not Found
vision_push_failed frame_id=mock-video-5896 error=HTTP Error 404: Not Found
vision_push_failed frame_id=mock-video-5897 error=HTTP Error 404: Not Found
vision_push_failed frame_id=mock-video-5898 error=HTTP Error 404: Not Found
vision_push_failed frame_id=mock-video-5899 error=HTTP Error 404: Not Found
vision_push_failed frame_id=mock-video-5900 error=HTTP Error 404: Not Found
vision_push_failed frame_id=mock-video-5901 error=HTTP Error 404: Not Found
vision_push_failed frame_id=mock-video-5902 error=HTTP Error 404: Not Found
vision_push_failed frame_id=mock-video-5903 error=HTTP Error 404: Not Found
vision_push_failed frame_id=mock-video-5904 error=HTTP Error 404: Not Found
vision_push_failed frame_id=mock-video-5905 error=HTTP Error 404: Not Found
vision_push_failed frame_id=mock-video-5906 error=HTTP Error 404: Not Found
vision_push_failed frame_id=mock-video-5907 error=HTTP Error 404: Not Found
vision_push_failed frame_id=mock-video-5908 error=HTTP Error 404: Not Found
vision_push_failed frame_id=mock-video-5909 error=HTTP Error 404: Not Found
vision_push_failed frame_id=mock-video-5910 error=HTTP Error 404: Not Found
vision_push_failed frame_id=mock-video-5911 error=HTTP Error 404: Not Found
vision_push_failed frame_id=mock-video-5912 error=HTTP Error 404: Not Found
vision_push_failed frame_id=mock-video-5913 error=HTTP Error 404: Not Found
vision_push_failed frame_id=mock-video-5914 error=HTTP Error 404: Not Found
vision_push_failed frame_id=mock-video-5915 error=HTTP Error 404: Not Found
vision_push_failed frame_id=mock-video-5916 error=HTTP Error 404: Not Found
vision_push_failed frame_id=mock-video-5917 error=HTTP Error 404: Not Found
vision_push_failed frame_id=mock-video-5918 error=HTTP Error 404: Not Found
vision_push_failed frame_id=mock-video-5919 error=HTTP Error 404: Not Found
vision_push_failed frame_id=mock-video-5920 error=HTTP Error 404: Not Found
vision_push_failed frame_id=mock-video-5921 error=HTTP Error 404: Not Found
vision_push_failed frame_id=mock-video-5922 error=HTTP Error 404: Not Found
vision_push_failed frame_id=mock-video-5923 error=HTTP Error 404: Not Found
vision_push_failed frame_id=mock-video-5924 error=HTTP Error 404: Not Found
vision_push_failed frame_id=mock-video-5925 error=HTTP Error 404: Not Found
vision_push_failed frame_id=mock-video-5926 error=HTTP Error 404: Not Found
vision_push_failed frame_id=mock-video-5927 error=HTTP Error 404: Not Found
vision_push_failed frame_id=mock-video-5928 error=HTTP Error 404: Not Found
vision_push_failed frame_id=mock-video-5929 error=HTTP Error 404: Not Found
vision_push_failed frame_id=mock-video-5930 error=HTTP Error 404: Not Found
vision_push_failed frame_id=mock-video-5931 error=HTTP Error 404: Not Found
vision_push_failed frame_id=mock-video-5932 error=HTTP Error 404: Not Found
vision_push_failed frame_id=mock-video-5933 error=HTTP Error 404: Not Found
vision_push_failed frame_id=mock-video-5934 error=HTTP Error 404: Not Found
vision_push_failed frame_id=mock-video-5935 error=HTTP Error 404: Not Found
vision_push_failed frame_id=mock-video-5936 error=HTTP Error 404: Not Found
vision_push_failed frame_id=mock-video-5937 error=HTTP Error 404: Not Found
vision_push_failed frame_id=mock-video-5938 error=HTTP Error 404: Not Found
vision_push_failed frame_id=mock-video-5939 error=HTTP Error 404: Not Found
vision_push_failed frame_id=mock-video-5940 error=HTTP Error 404: Not Found
vision_push_failed frame_id=mock-video-5941 error=HTTP Error 404: Not Found
vision_push_failed frame_id=mock-video-5942 error=HTTP Error 404: Not Found
vision_push_failed frame_id=mock-video-5943 error=HTTP Error 404: Not Found
vision_push_failed frame_id=mock-video-5944 error=HTTP Error 404: Not Found
vision_push_failed frame_id=mock-video-5945 error=HTTP Error 404: Not Found
vision_push_failed frame_id=mock-video-5946 error=HTTP Error 404: Not Found
vision_push_failed frame_id=mock-video-5947 error=HTTP Error 404: Not Found
vision_push_failed frame_id=mock-video-5948 error=HTTP Error 404: Not Found
vision_push_failed frame_id=mock-video-5949 error=HTTP Error 404: Not Found
vision_push_failed frame_id=mock-video-5950 error=HTTP Error 404: Not Found
vision_push_failed frame_id=mock-video-5951 error=HTTP Error 404: Not Found
vision_push_failed frame_id=mock-video-5952 error=HTTP Error 404: Not Found
vision_push_failed frame_id=mock-video-5953 error=HTTP Error 404: Not Found
vision_push_failed frame_id=mock-video-5954 error=HTTP Error 404: Not Found
vision_push_failed frame_id=mock-video-5955 error=HTTP Error 404: Not Found
vision_push_failed frame_id=mock-video-5956 error=HTTP Error 404: Not Found
vision_push_failed frame_id=mock-video-5957 error=HTTP Error 404: Not Found
vision_push_failed frame_id=mock-video-5958 error=HTTP Error 404: Not Found
vision_push_failed frame_id=mock-video-5959 error=HTTP Error 404: Not Found
vision_push_failed frame_id=mock-video-5960 error=HTTP Error 404: Not Found
vision_push_failed frame_id=mock-video-5961 error=HTTP Error 404: Not Found
vision_push_failed frame_id=mock-video-5962 error=HTTP Error 404: Not Found
vision_push_failed frame_id=mock-video-5963 error=<urlopen error timed out>
vision_push_failed frame_id=mock-video-5964 error=HTTP Error 404: Not Found
vision_push_failed frame_id=mock-video-5965 error=HTTP Error 404: Not Found
vision_push_failed frame_id=mock-video-5966 error=HTTP Error 404: Not Found
vision_push_failed frame_id=mock-video-5967 error=HTTP Error 404: Not Found
vision_push_failed frame_id=mock-video-5968 error=HTTP Error 404: Not Found
vision_push_failed frame_id=mock-video-5969 error=HTTP Error 404: Not Found
vision_push_failed frame_id=mock-video-5970 error=HTTP Error 404: Not Found
vision_push_failed frame_id=mock-video-5971 error=HTTP Error 404: Not Found
vision_push_failed frame_id=mock-video-5972 error=HTTP Error 404: Not Found
vision_push_failed frame_id=mock-video-5973 error=HTTP Error 404: Not Found
vision_push_failed frame_id=mock-video-5974 error=HTTP Error 404: Not Found
vision_push_failed frame_id=mock-video-5975 error=HTTP Error 404: Not Found
vision_push_failed frame_id=mock-video-5976 error=HTTP Error 404: Not Found
vision_push_failed frame_id=mock-video-5977 error=HTTP Error 404: Not Found
vision_push_failed frame_id=mock-video-5978 error=HTTP Error 404: Not Found
vision_push_failed frame_id=mock-video-5979 error=HTTP Error 404: Not Found
vision_push_failed frame_id=mock-video-5980 error=HTTP Error 404: Not Found
vision_push_failed frame_id=mock-video-5981 error=HTTP Error 404: Not Found
vision_push_failed frame_id=mock-video-5982 error=HTTP Error 404: Not Found
vision_push_failed frame_id=mock-video-5983 error=HTTP Error 404: Not Found
vision_push_failed frame_id=mock-video-5984 error=HTTP Error 404: Not Found
vision_push_failed frame_id=mock-video-5985 error=HTTP Error 404: Not Found
vision_push_failed frame_id=mock-video-5986 error=HTTP Error 404: Not Found
vision_push_failed frame_id=mock-video-5987 error=HTTP Error 404: Not Found
vision_push_failed frame_id=mock-video-5988 error=HTTP Error 404: Not Found
vision_push_failed frame_id=mock-video-5989 error=HTTP Error 404: Not Found
vision_push_failed frame_id=mock-video-5990 error=HTTP Error 404: Not Found
vision_push_failed frame_id=mock-video-5991 error=HTTP Error 404: Not Found
vision_push_failed frame_id=mock-video-5992 error=HTTP Error 404: Not Found
vision_push_failed frame_id=mock-video-5993 error=HTTP Error 404: Not Found
vision_push_failed frame_id=mock-video-5994 error=HTTP Error 404: Not Found
vision_push_failed frame_id=mock-video-5995 error=HTTP Error 404: Not Found
vision_push_failed frame_id=mock-video-5996 error=HTTP Error 404: Not Found
vision_push_failed frame_id=mock-video-5997 error=HTTP Error 404: Not Found
vision_push_failed frame_id=mock-video-5998 error=HTTP Error 404: Not Found
vision_push_failed frame_id=mock-video-5999 error=HTTP Error 404: Not Found
vision_push_failed frame_id=mock-video-6000 error=HTTP Error 404: Not Found
vision_push_failed frame_id=mock-video-6001 error=HTTP Error 404: Not Found
vision_push_failed frame_id=mock-video-6002 error=HTTP Error 404: Not Found
vision_push_failed frame_id=mock-video-6003 error=HTTP Error 404: Not Found
vision_push_failed frame_id=mock-video-6004 error=HTTP Error 404: Not Found
vision_push_failed frame_id=mock-video-6005 error=HTTP Error 404: Not Found
vision_push_failed frame_id=mock-video-6006 error=HTTP Error 404: Not Found
vision_push_failed frame_id=mock-video-6007 error=HTTP Error 404: Not Found
vision_push_failed frame_id=mock-video-6008 error=HTTP Error 404: Not Found
vision_push_failed frame_id=mock-video-6009 error=HTTP Error 404: Not Found
vision_push_failed frame_id=mock-video-6010 error=HTTP Error 404: Not Found
vision_push_failed frame_id=mock-video-6011 error=HTTP Error 404: Not Found
vision_push_failed frame_id=mock-video-6012 error=HTTP Error 404: Not Found
vision_push_failed frame_id=mock-video-6013 error=HTTP Error 404: Not Found
vision_push_failed frame_id=mock-video-6014 error=HTTP Error 404: Not Found
vision_push_failed frame_id=mock-video-6015 error=HTTP Error 404: Not Found
vision_push_failed frame_id=mock-video-6016 error=HTTP Error 404: Not Found
vision_push_failed frame_id=mock-video-6017 error=HTTP Error 404: Not Found
vision_push_failed frame_id=mock-video-6018 error=HTTP Error 404: Not Found
vision_push_failed frame_id=mock-video-6019 error=HTTP Error 404: Not Found
vision_push_failed frame_id=mock-video-6020 error=HTTP Error 404: Not Found
vision_push_failed frame_id=mock-video-6021 error=HTTP Error 404: Not Found
vision_push_failed frame_id=mock-video-6022 error=HTTP Error 404: Not Found
vision_push_failed frame_id=mock-video-6023 error=HTTP Error 404: Not Found
vision_push_failed frame_id=mock-video-6024 error=HTTP Error 404: Not Found
vision_push_failed frame_id=mock-video-6025 error=HTTP Error 404: Not Found
vision_push_failed frame_id=mock-video-6026 error=HTTP Error 404: Not Found
vision_push_failed frame_id=mock-video-6027 error=HTTP Error 404: Not Found
vision_push_failed frame_id=mock-video-6028 error=HTTP Error 404: Not Found
vision_push_failed frame_id=mock-video-6029 error=HTTP Error 404: Not Found
vision_push_failed frame_id=mock-video-6030 error=HTTP Error 404: Not Found
vision_push_failed frame_id=mock-video-6031 error=HTTP Error 404: Not Found
vision_push_failed frame_id=mock-video-6032 error=HTTP Error 404: Not Found
vision_push_failed frame_id=mock-video-6033 error=HTTP Error 404: Not Found
vision_push_failed frame_id=mock-video-6034 error=HTTP Error 404: Not Found
vision_push_failed frame_id=mock-video-6035 error=HTTP Error 404: Not Found
vision_push_failed frame_id=mock-video-6036 error=HTTP Error 404: Not Found
vision_push_failed frame_id=mock-video-6037 error=HTTP Error 404: Not Found
vision_push_failed frame_id=mock-video-6038 error=HTTP Error 404: Not Found
vision_push_failed frame_id=mock-video-6039 error=HTTP Error 404: Not Found
vision_push_failed frame_id=mock-video-6040 error=HTTP Error 404: Not Found
vision_push_failed frame_id=mock-video-6041 error=HTTP Error 404: Not Found
vision_push_failed frame_id=mock-video-6042 error=HTTP Error 404: Not Found
vision_push_failed frame_id=mock-video-6043 error=HTTP Error 404: Not Found
vision_push_failed frame_id=mock-video-6044 error=HTTP Error 404: Not Found
vision_push_failed frame_id=mock-video-6045 error=HTTP Error 404: Not Found
vision_push_failed frame_id=mock-video-6046 error=HTTP Error 404: Not Found
vision_push_failed frame_id=mock-video-6047 error=HTTP Error 404: Not Found
vision_push_failed frame_id=mock-video-6048 error=HTTP Error 404: Not Found
vision_push_failed frame_id=mock-video-6049 error=HTTP Error 404: Not Found
vision_push_failed frame_id=mock-video-6050 error=HTTP Error 404: Not Found
vision_push_failed frame_id=mock-video-6051 error=HTTP Error 404: Not Found
vision_push_failed frame_id=mock-video-6052 error=HTTP Error 404: Not Found
vision_push_failed frame_id=mock-video-6053 error=HTTP Error 404: Not Found
vision_push_failed frame_id=mock-video-6054 error=HTTP Error 404: Not Found
vision_push_failed frame_id=mock-video-6055 error=HTTP Error 404: Not Found
vision_push_failed frame_id=mock-video-6056 error=<urlopen error timed out>
vision_push_failed frame_id=mock-video-6057 error=HTTP Error 404: Not Found
vision_push_failed frame_id=mock-video-6058 error=HTTP Error 404: Not Found
vision_push_failed frame_id=mock-video-6059 error=HTTP Error 404: Not Found
vision_push_failed frame_id=mock-video-6060 error=HTTP Error 404: Not Found
vision_push_failed frame_id=mock-video-6061 error=HTTP Error 404: Not Found
vision_push_failed frame_id=mock-video-6062 error=HTTP Error 404: Not Found
vision_push_failed frame_id=mock-video-6063 error=HTTP Error 404: Not Found
vision_push_failed frame_id=mock-video-6064 error=HTTP Error 404: Not Found
vision_push_failed frame_id=mock-video-6065 error=HTTP Error 404: Not Found
vision_push_failed frame_id=mock-video-6066 error=HTTP Error 404: Not Found
vision_push_failed frame_id=mock-video-6067 error=HTTP Error 404: Not Found
vision_push_failed frame_id=mock-video-6068 error=HTTP Error 404: Not Found
vision_push_failed frame_id=mock-video-6069 error=HTTP Error 404: Not Found
vision_push_failed frame_id=mock-video-6070 error=HTTP Error 404: Not Found
vision_push_failed frame_id=mock-video-6071 error=HTTP Error 404: Not Found
vision_push_failed frame_id=mock-video-6072 error=HTTP Error 404: Not Found
vision_push_failed frame_id=mock-video-6073 error=HTTP Error 404: Not Found
vision_push_failed frame_id=mock-video-6074 error=HTTP Error 404: Not Found
vision_push_failed frame_id=mock-video-6075 error=HTTP Error 404: Not Found
vision_push_failed frame_id=mock-video-6076 error=HTTP Error 404: Not Found
vision_push_failed frame_id=mock-video-6077 error=HTTP Error 404: Not Found
vision_push_failed frame_id=mock-video-6078 error=HTTP Error 404: Not Found
vision_push_failed frame_id=mock-video-6079 error=HTTP Error 404: Not Found
vision_push_failed frame_id=mock-video-6080 error=HTTP Error 404: Not Found
vision_push_failed frame_id=mock-video-6081 error=HTTP Error 404: Not Found
vision_push_failed frame_id=mock-video-6082 error=HTTP Error 404: Not Found
vision_push_failed frame_id=mock-video-6083 error=HTTP Error 404: Not Found
vision_push_failed frame_id=mock-video-6084 error=HTTP Error 404: Not Found
vision_push_failed frame_id=mock-video-6085 error=HTTP Error 404: Not Found
vision_push_failed frame_id=mock-video-6086 error=HTTP Error 404: Not Found
vision_push_failed frame_id=mock-video-6087 error=HTTP Error 404: Not Found
vision_push_failed frame_id=mock-video-6088 error=HTTP Error 404: Not Found
vision_push_failed frame_id=mock-video-6089 error=HTTP Error 404: Not Found
vision_push_failed frame_id=mock-video-6090 error=HTTP Error 404: Not Found
vision_push_failed frame_id=mock-video-6091 error=HTTP Error 404: Not Found
vision_push_failed frame_id=mock-video-6092 error=HTTP Error 404: Not Found
vision_push_failed frame_id=mock-video-6093 error=HTTP Error 404: Not Found
vision_push_failed frame_id=mock-video-6094 error=HTTP Error 404: Not Found
vision_push_failed frame_id=mock-video-6095 error=HTTP Error 404: Not Found
vision_push_failed frame_id=mock-video-6096 error=HTTP Error 404: Not Found
vision_push_failed frame_id=mock-video-6097 error=HTTP Error 404: Not Found
vision_push_failed frame_id=mock-video-6098 error=HTTP Error 404: Not Found
vision_push_failed frame_id=mock-video-6099 error=HTTP Error 404: Not Found
vision_push_failed frame_id=mock-video-6100 error=HTTP Error 404: Not Found
vision_push_failed frame_id=mock-video-6101 error=HTTP Error 404: Not Found
vision_push_failed frame_id=mock-video-6102 error=HTTP Error 404: Not Found
vision_push_failed frame_id=mock-video-6103 error=HTTP Error 404: Not Found
vision_push_failed frame_id=mock-video-6104 error=HTTP Error 404: Not Found
vision_push_failed frame_id=mock-video-6105 error=HTTP Error 404: Not Found
vision_push_failed frame_id=mock-video-6106 error=HTTP Error 404: Not Found
vision_push_failed frame_id=mock-video-6107 error=HTTP Error 404: Not Found
vision_push_failed frame_id=mock-video-6108 error=HTTP Error 404: Not Found
vision_push_failed frame_id=mock-video-6109 error=HTTP Error 404: Not Found
vision_push_failed frame_id=mock-video-6110 error=HTTP Error 404: Not Found
vision_push_failed frame_id=mock-video-6111 error=HTTP Error 404: Not Found
vision_push_failed frame_id=mock-video-6112 error=HTTP Error 404: Not Found
vision_push_failed frame_id=mock-video-6113 error=HTTP Error 404: Not Found
vision_push_failed frame_id=mock-video-6114 error=HTTP Error 404: Not Found
vision_push_failed frame_id=mock-video-6115 error=HTTP Error 404: Not Found
vision_push_failed frame_id=mock-video-6116 error=HTTP Error 404: Not Found
vision_push_failed frame_id=mock-video-6117 error=HTTP Error 404: Not Found
vision_push_failed frame_id=mock-video-6118 error=HTTP Error 404: Not Found
vision_push_failed frame_id=mock-video-6119 error=HTTP Error 404: Not Found
vision_push_failed frame_id=mock-video-6120 error=HTTP Error 404: Not Found
vision_push_failed frame_id=mock-video-6121 error=HTTP Error 404: Not Found
vision_push_failed frame_id=mock-video-6122 error=HTTP Error 404: Not Found
vision_push_failed frame_id=mock-video-6123 error=HTTP Error 404: Not Found
vision_push_failed frame_id=mock-video-6124 error=HTTP Error 404: Not Found
vision_push_failed frame_id=mock-video-6125 error=HTTP Error 404: Not Found
vision_push_failed frame_id=mock-video-6126 error=HTTP Error 404: Not Found
vision_push_failed frame_id=mock-video-6127 error=HTTP Error 404: Not Found
vision_push_failed frame_id=mock-video-6128 error=HTTP Error 404: Not Found
vision_push_failed frame_id=mock-video-6129 error=HTTP Error 404: Not Found
vision_push_failed frame_id=mock-video-6130 error=HTTP Error 404: Not Found
vision_push_failed frame_id=mock-video-6131 error=HTTP Error 404: Not Found
vision_push_failed frame_id=mock-video-6132 error=HTTP Error 404: Not Found
vision_push_failed frame_id=mock-video-6133 error=HTTP Error 404: Not Found
vision_push_failed frame_id=mock-video-6134 error=HTTP Error 404: Not Found
vision_push_failed frame_id=mock-video-6135 error=HTTP Error 404: Not Found
vision_push_failed frame_id=mock-video-6136 error=HTTP Error 404: Not Found
vision_push_failed frame_id=mock-video-6137 error=HTTP Error 404: Not Found
vision_push_failed frame_id=mock-video-6138 error=HTTP Error 404: Not Found
vision_push_failed frame_id=mock-video-6139 error=HTTP Error 404: Not Found
vision_push_failed frame_id=mock-video-6140 error=HTTP Error 404: Not Found
vision_push_failed frame_id=mock-video-6141 error=HTTP Error 404: Not Found
vision_push_failed frame_id=mock-video-6142 error=HTTP Error 404: Not Found
vision_push_failed frame_id=mock-video-6143 error=HTTP Error 404: Not Found
vision_push_failed frame_id=mock-video-6144 error=HTTP Error 404: Not Found
vision_push_failed frame_id=mock-video-6145 error=HTTP Error 404: Not Found
vision_push_failed frame_id=mock-video-6146 error=HTTP Error 404: Not Found
vision_push_failed frame_id=mock-video-6147 error=HTTP Error 404: Not Found
vision_push_failed frame_id=mock-video-6148 error=HTTP Error 404: Not Found
vision_push_failed frame_id=mock-video-6149 error=HTTP Error 404: Not Found
vision_push_failed frame_id=mock-video-6150 error=HTTP Error 404: Not Found
vision_push_failed frame_id=mock-video-6151 error=HTTP Error 404: Not Found
vision_push_failed frame_id=mock-video-6152 error=HTTP Error 404: Not Found
vision_push_failed frame_id=mock-video-6153 error=HTTP Error 404: Not Found
vision_push_failed frame_id=mock-video-6154 error=HTTP Error 404: Not Found
vision_push_failed frame_id=mock-video-6155 error=HTTP Error 404: Not Found
vision_push_failed frame_id=mock-video-6156 error=HTTP Error 404: Not Found
vision_push_failed frame_id=mock-video-6157 error=HTTP Error 404: Not Found
vision_push_failed frame_id=mock-video-6158 error=HTTP Error 404: Not Found
vision_push_failed frame_id=mock-video-6159 error=HTTP Error 404: Not Found
vision_push_failed frame_id=mock-video-6160 error=HTTP Error 404: Not Found
vision_push_failed frame_id=mock-video-6161 error=HTTP Error 404: Not Found
vision_push_failed frame_id=mock-video-6162 error=HTTP Error 404: Not Found
vision_push_failed frame_id=mock-video-6163 error=HTTP Error 404: Not Found
vision_push_failed frame_id=mock-video-6164 error=HTTP Error 404: Not Found
vision_push_failed frame_id=mock-video-6165 error=HTTP Error 404: Not Found
vision_push_failed frame_id=mock-video-6166 error=HTTP Error 404: Not Found
vision_push_failed frame_id=mock-video-6167 error=HTTP Error 404: Not Found
vision_push_failed frame_id=mock-video-6168 error=HTTP Error 404: Not Found
vision_push_failed frame_id=mock-video-6169 error=HTTP Error 404: Not Found
vision_push_failed frame_id=mock-video-6170 error=HTTP Error 404: Not Found
vision_push_failed frame_id=mock-video-6171 error=HTTP Error 404: Not Found
vision_push_failed frame_id=mock-video-6172 error=HTTP Error 404: Not Found
vision_push_failed frame_id=mock-video-6173 error=HTTP Error 404: Not Found
vision_push_failed frame_id=mock-video-6174 error=HTTP Error 404: Not Found
vision_push_failed frame_id=mock-video-6175 error=HTTP Error 404: Not Found
vision_push_failed frame_id=mock-video-6176 error=HTTP Error 404: Not Found
vision_push_failed frame_id=mock-video-6177 error=HTTP Error 404: Not Found
vision_push_failed frame_id=mock-video-6178 error=HTTP Error 404: Not Found
vision_push_failed frame_id=mock-video-6179 error=HTTP Error 404: Not Found
vision_push_failed frame_id=mock-video-6180 error=HTTP Error 404: Not Found
vision_push_failed frame_id=mock-video-6181 error=HTTP Error 404: Not Found
vision_push_failed frame_id=mock-video-6182 error=HTTP Error 404: Not Found
vision_push_failed frame_id=mock-video-6183 error=HTTP Error 404: Not Found
vision_push_failed frame_id=mock-video-6184 error=HTTP Error 404: Not Found
vision_push_failed frame_id=mock-video-6185 error=HTTP Error 404: Not Found
vision_push_failed frame_id=mock-video-6186 error=HTTP Error 404: Not Found
vision_push_failed frame_id=mock-video-6187 error=HTTP Error 404: Not Found
vision_push_failed frame_id=mock-video-6188 error=HTTP Error 404: Not Found
vision_push_failed frame_id=mock-video-6189 error=HTTP Error 404: Not Found
vision_push_failed frame_id=mock-video-6190 error=HTTP Error 404: Not Found
vision_push_failed frame_id=mock-video-6191 error=HTTP Error 404: Not Found
vision_push_failed frame_id=mock-video-6192 error=HTTP Error 404: Not Found
vision_push_failed frame_id=mock-video-6193 error=HTTP Error 404: Not Found
vision_push_failed frame_id=mock-video-6194 error=HTTP Error 404: Not Found
vision_push_failed frame_id=mock-video-6195 error=HTTP Error 404: Not Found
vision_push_failed frame_id=mock-video-6196 error=HTTP Error 404: Not Found
vision_push_failed frame_id=mock-video-6197 error=HTTP Error 404: Not Found
vision_push_failed frame_id=mock-video-6198 error=HTTP Error 404: Not Found
vision_push_failed frame_id=mock-video-6199 error=HTTP Error 404: Not Found
vision_push_failed frame_id=mock-video-6200 error=HTTP Error 404: Not Found
vision_push_failed frame_id=mock-video-6201 error=HTTP Error 404: Not Found
vision_push_failed frame_id=mock-video-6202 error=<urlopen error timed out>
vision_push_failed frame_id=mock-video-6203 error=<urlopen error timed out>
vision_push_failed frame_id=mock-video-6204 error=HTTP Error 404: Not Found
vision_push_failed frame_id=mock-video-6205 error=HTTP Error 404: Not Found
vision_push_failed frame_id=mock-video-6206 error=HTTP Error 404: Not Found
vision_push_failed frame_id=mock-video-6207 error=HTTP Error 404: Not Found
vision_push_failed frame_id=mock-video-6208 error=HTTP Error 404: Not Found
vision_push_failed frame_id=mock-video-6209 error=HTTP Error 404: Not Found
vision_push_failed frame_id=mock-video-6210 error=HTTP Error 404: Not Found
vision_push_failed frame_id=mock-video-6211 error=HTTP Error 404: Not Found
vision_push_failed frame_id=mock-video-6212 error=HTTP Error 404: Not Found
vision_push_failed frame_id=mock-video-6213 error=HTTP Error 404: Not Found
vision_push_failed frame_id=mock-video-6214 error=HTTP Error 404: Not Found
vision_push_failed frame_id=mock-video-6215 error=HTTP Error 404: Not Found
vision_push_failed frame_id=mock-video-6216 error=HTTP Error 404: Not Found
vision_push_failed frame_id=mock-video-6217 error=HTTP Error 404: Not Found
vision_push_failed frame_id=mock-video-6218 error=HTTP Error 404: Not Found
vision_push_failed frame_id=mock-video-6219 error=HTTP Error 404: Not Found
vision_push_failed frame_id=mock-video-6220 error=HTTP Error 404: Not Found
vision_push_failed frame_id=mock-video-6221 error=HTTP Error 404: Not Found
vision_push_failed frame_id=mock-video-6222 error=HTTP Error 404: Not Found
vision_push_failed frame_id=mock-video-6223 error=HTTP Error 404: Not Found
vision_push_failed frame_id=mock-video-6224 error=HTTP Error 404: Not Found
vision_push_failed frame_id=mock-video-6225 error=HTTP Error 404: Not Found
vision_push_failed frame_id=mock-video-6226 error=HTTP Error 404: Not Found
vision_push_failed frame_id=mock-video-6227 error=HTTP Error 404: Not Found
vision_push_failed frame_id=mock-video-6228 error=HTTP Error 404: Not Found
vision_push_failed frame_id=mock-video-6229 error=HTTP Error 404: Not Found
vision_push_failed frame_id=mock-video-6230 error=HTTP Error 404: Not Found
vision_push_failed frame_id=mock-video-6231 error=HTTP Error 404: Not Found
vision_push_failed frame_id=mock-video-6232 error=HTTP Error 404: Not Found
vision_push_failed frame_id=mock-video-6233 error=HTTP Error 404: Not Found
vision_push_failed frame_id=mock-video-6234 error=HTTP Error 404: Not Found
vision_push_failed frame_id=mock-video-6235 error=HTTP Error 404: Not Found
vision_push_failed frame_id=mock-video-6236 error=HTTP Error 404: Not Found
vision_push_failed frame_id=mock-video-6237 error=HTTP Error 404: Not Found
vision_push_failed frame_id=mock-video-6238 error=HTTP Error 404: Not Found
vision_push_failed frame_id=mock-video-6239 error=HTTP Error 404: Not Found
vision_push_failed frame_id=mock-video-6240 error=HTTP Error 404: Not Found
vision_push_failed frame_id=mock-video-6241 error=HTTP Error 404: Not Found
vision_push_failed frame_id=mock-video-6242 error=HTTP Error 404: Not Found
vision_push_failed frame_id=mock-video-6243 error=HTTP Error 404: Not Found
vision_push_failed frame_id=mock-video-6244 error=HTTP Error 404: Not Found
vision_push_failed frame_id=mock-video-6245 error=HTTP Error 404: Not Found
vision_push_failed frame_id=mock-video-6246 error=HTTP Error 404: Not Found
vision_push_failed frame_id=mock-video-6247 error=HTTP Error 404: Not Found
vision_push_failed frame_id=mock-video-6248 error=HTTP Error 404: Not Found
vision_push_failed frame_id=mock-video-6249 error=HTTP Error 404: Not Found
vision_push_failed frame_id=mock-video-6250 error=HTTP Error 404: Not Found
vision_push_failed frame_id=mock-video-6251 error=HTTP Error 404: Not Found
vision_push_failed frame_id=mock-video-6252 error=HTTP Error 404: Not Found
vision_push_failed frame_id=mock-video-6253 error=HTTP Error 404: Not Found
vision_push_failed frame_id=mock-video-6254 error=HTTP Error 404: Not Found
vision_push_failed frame_id=mock-video-6255 error=HTTP Error 404: Not Found
vision_push_failed frame_id=mock-video-6256 error=HTTP Error 404: Not Found
vision_push_failed frame_id=mock-video-6257 error=HTTP Error 404: Not Found
vision_push_failed frame_id=mock-video-6258 error=HTTP Error 404: Not Found
vision_push_failed frame_id=mock-video-6259 error=HTTP Error 404: Not Found
vision_push_failed frame_id=mock-video-6260 error=HTTP Error 404: Not Found
vision_push_failed frame_id=mock-video-6261 error=HTTP Error 404: Not Found
vision_push_failed frame_id=mock-video-6262 error=HTTP Error 404: Not Found
vision_push_failed frame_id=mock-video-6263 error=HTTP Error 404: Not Found
vision_push_failed frame_id=mock-video-6264 error=HTTP Error 404: Not Found
vision_push_failed frame_id=mock-video-6265 error=HTTP Error 404: Not Found
vision_push_failed frame_id=mock-video-6266 error=HTTP Error 404: Not Found
vision_push_failed frame_id=mock-video-6267 error=HTTP Error 404: Not Found
vision_push_failed frame_id=mock-video-6268 error=HTTP Error 404: Not Found
vision_push_failed frame_id=mock-video-6269 error=HTTP Error 404: Not Found
vision_push_failed frame_id=mock-video-6270 error=HTTP Error 404: Not Found
vision_push_failed frame_id=mock-video-6271 error=HTTP Error 404: Not Found
vision_push_failed frame_id=mock-video-6272 error=HTTP Error 404: Not Found
vision_push_failed frame_id=mock-video-6273 error=HTTP Error 404: Not Found
vision_push_failed frame_id=mock-video-6274 error=HTTP Error 404: Not Found
vision_push_failed frame_id=mock-video-6275 error=HTTP Error 404: Not Found
vision_push_failed frame_id=mock-video-6276 error=HTTP Error 404: Not Found
vision_push_failed frame_id=mock-video-6277 error=HTTP Error 404: Not Found
vision_push_failed frame_id=mock-video-6278 error=HTTP Error 404: Not Found
vision_push_failed frame_id=mock-video-6279 error=HTTP Error 404: Not Found
vision_push_failed frame_id=mock-video-6280 error=HTTP Error 404: Not Found
vision_push_failed frame_id=mock-video-6281 error=HTTP Error 404: Not Found
vision_push_failed frame_id=mock-video-6282 error=HTTP Error 404: Not Found
vision_push_failed frame_id=mock-video-6283 error=HTTP Error 404: Not Found
vision_push_failed frame_id=mock-video-6284 error=HTTP Error 404: Not Found
vision_push_failed frame_id=mock-video-6285 error=HTTP Error 404: Not Found
vision_push_failed frame_id=mock-video-6286 error=HTTP Error 404: Not Found
vision_push_failed frame_id=mock-video-6287 error=HTTP Error 404: Not Found
vision_push_failed frame_id=mock-video-6288 error=HTTP Error 404: Not Found
vision_push_failed frame_id=mock-video-6289 error=HTTP Error 404: Not Found
vision_push_failed frame_id=mock-video-6290 error=HTTP Error 404: Not Found
vision_push_failed frame_id=mock-video-6291 error=HTTP Error 404: Not Found
vision_push_failed frame_id=mock-video-6292 error=HTTP Error 404: Not Found
vision_push_failed frame_id=mock-video-6293 error=HTTP Error 404: Not Found
vision_push_failed frame_id=mock-video-6294 error=HTTP Error 404: Not Found
vision_push_failed frame_id=mock-video-6295 error=HTTP Error 404: Not Found
vision_push_failed frame_id=mock-video-6296 error=HTTP Error 404: Not Found
vision_push_failed frame_id=mock-video-6297 error=HTTP Error 404: Not Found
vision_push_failed frame_id=mock-video-6298 error=HTTP Error 404: Not Found
vision_push_failed frame_id=mock-video-6299 error=HTTP Error 404: Not Found
vision_push_failed frame_id=mock-video-6300 error=HTTP Error 404: Not Found
vision_push_failed frame_id=mock-video-6301 error=HTTP Error 404: Not Found
vision_push_failed frame_id=mock-video-6302 error=HTTP Error 404: Not Found
vision_push_failed frame_id=mock-video-6303 error=HTTP Error 404: Not Found
vision_push_failed frame_id=mock-video-6304 error=HTTP Error 404: Not Found
vision_push_failed frame_id=mock-video-6305 error=HTTP Error 404: Not Found
vision_push_failed frame_id=mock-video-6306 error=HTTP Error 404: Not Found
vision_push_failed frame_id=mock-video-6307 error=HTTP Error 404: Not Found
vision_push_failed frame_id=mock-video-6308 error=HTTP Error 404: Not Found
vision_push_failed frame_id=mock-video-6309 error=HTTP Error 404: Not Found
vision_push_failed frame_id=mock-video-6310 error=HTTP Error 404: Not Found
vision_push_failed frame_id=mock-video-6311 error=HTTP Error 404: Not Found
vision_push_failed frame_id=mock-video-6312 error=HTTP Error 404: Not Found
vision_push_failed frame_id=mock-video-6313 error=HTTP Error 404: Not Found
vision_push_failed frame_id=mock-video-6314 error=HTTP Error 404: Not Found
vision_push_failed frame_id=mock-video-6315 error=HTTP Error 404: Not Found
vision_push_failed frame_id=mock-video-6316 error=HTTP Error 404: Not Found
vision_push_failed frame_id=mock-video-6317 error=HTTP Error 404: Not Found
vision_push_failed frame_id=mock-video-6318 error=HTTP Error 404: Not Found
vision_push_failed frame_id=mock-video-6319 error=HTTP Error 404: Not Found
vision_push_failed frame_id=mock-video-6320 error=HTTP Error 404: Not Found
vision_push_failed frame_id=mock-video-6321 error=HTTP Error 404: Not Found
vision_push_failed frame_id=mock-video-6322 error=HTTP Error 404: Not Found
vision_push_failed frame_id=mock-video-6323 error=HTTP Error 404: Not Found
vision_push_failed frame_id=mock-video-6324 error=HTTP Error 404: Not Found
vision_push_failed frame_id=mock-video-6325 error=HTTP Error 404: Not Found
vision_push_failed frame_id=mock-video-6326 error=HTTP Error 404: Not Found
vision_push_failed frame_id=mock-video-6327 error=HTTP Error 404: Not Found
vision_push_failed frame_id=mock-video-6328 error=HTTP Error 404: Not Found
vision_push_failed frame_id=mock-video-6329 error=HTTP Error 404: Not Found
vision_push_failed frame_id=mock-video-6330 error=HTTP Error 404: Not Found
vision_push_failed frame_id=mock-video-6331 error=HTTP Error 404: Not Found
vision_push_failed frame_id=mock-video-6332 error=HTTP Error 404: Not Found
vision_push_failed frame_id=mock-video-6333 error=HTTP Error 404: Not Found
vision_push_failed frame_id=mock-video-6334 error=HTTP Error 404: Not Found
vision_push_failed frame_id=mock-video-6335 error=HTTP Error 404: Not Found
vision_push_failed frame_id=mock-video-6336 error=HTTP Error 404: Not Found
vision_push_failed frame_id=mock-video-6337 error=HTTP Error 404: Not Found
vision_push_failed frame_id=mock-video-6338 error=HTTP Error 404: Not Found
vision_push_failed frame_id=mock-video-6339 error=HTTP Error 404: Not Found
vision_push_failed frame_id=mock-video-6340 error=HTTP Error 404: Not Found
vision_push_failed frame_id=mock-video-6341 error=HTTP Error 404: Not Found
vision_push_failed frame_id=mock-video-6342 error=HTTP Error 404: Not Found
vision_push_failed frame_id=mock-video-6343 error=HTTP Error 404: Not Found
vision_push_failed frame_id=mock-video-6344 error=HTTP Error 404: Not Found
vision_push_failed frame_id=mock-video-6345 error=HTTP Error 404: Not Found
vision_push_failed frame_id=mock-video-6346 error=HTTP Error 404: Not Found
vision_push_failed frame_id=mock-video-6347 error=HTTP Error 404: Not Found
vision_push_failed frame_id=mock-video-6348 error=HTTP Error 404: Not Found
vision_push_failed frame_id=mock-video-6349 error=HTTP Error 404: Not Found
vision_push_failed frame_id=mock-video-6350 error=HTTP Error 404: Not Found
vision_push_failed frame_id=mock-video-6351 error=HTTP Error 404: Not Found
vision_push_failed frame_id=mock-video-6352 error=HTTP Error 404: Not Found
vision_push_failed frame_id=mock-video-6353 error=HTTP Error 404: Not Found
vision_push_failed frame_id=mock-video-6354 error=HTTP Error 404: Not Found
vision_push_failed frame_id=mock-video-6355 error=HTTP Error 404: Not Found
vision_push_failed frame_id=mock-video-6356 error=HTTP Error 404: Not Found
vision_push_failed frame_id=mock-video-6357 error=HTTP Error 404: Not Found
vision_push_failed frame_id=mock-video-6358 error=HTTP Error 404: Not Found
vision_push_failed frame_id=mock-video-6359 error=HTTP Error 404: Not Found
vision_push_failed frame_id=mock-video-6360 error=HTTP Error 404: Not Found
vision_push_failed frame_id=mock-video-6361 error=HTTP Error 404: Not Found
vision_push_failed frame_id=mock-video-6362 error=HTTP Error 404: Not Found
vision_push_failed frame_id=mock-video-6363 error=HTTP Error 404: Not Found
vision_push_failed frame_id=mock-video-6364 error=HTTP Error 404: Not Found
vision_push_failed frame_id=mock-video-6365 error=HTTP Error 404: Not Found
vision_push_failed frame_id=mock-video-6366 error=HTTP Error 404: Not Found
vision_push_failed frame_id=mock-video-6367 error=HTTP Error 404: Not Found
vision_push_failed frame_id=mock-video-6368 error=HTTP Error 404: Not Found
vision_push_failed frame_id=mock-video-6369 error=HTTP Error 404: Not Found
vision_push_failed frame_id=mock-video-6370 error=HTTP Error 404: Not Found
vision_push_failed frame_id=mock-video-6371 error=HTTP Error 404: Not Found
vision_push_failed frame_id=mock-video-6372 error=HTTP Error 404: Not Found
vision_push_failed frame_id=mock-video-6373 error=HTTP Error 404: Not Found
vision_push_failed frame_id=mock-video-6374 error=HTTP Error 404: Not Found
vision_push_failed frame_id=mock-video-6375 error=HTTP Error 404: Not Found
vision_push_failed frame_id=mock-video-6376 error=HTTP Error 404: Not Found
vision_push_failed frame_id=mock-video-6377 error=HTTP Error 404: Not Found
vision_push_failed frame_id=mock-video-6378 error=HTTP Error 404: Not Found
vision_push_failed frame_id=mock-video-6379 error=HTTP Error 404: Not Found
vision_push_failed frame_id=mock-video-6380 error=HTTP Error 404: Not Found
vision_push_failed frame_id=mock-video-6381 error=HTTP Error 404: Not Found
vision_push_failed frame_id=mock-video-6382 error=HTTP Error 404: Not Found
vision_push_failed frame_id=mock-video-6383 error=HTTP Error 404: Not Found
vision_push_failed frame_id=mock-video-6384 error=HTTP Error 404: Not Found
vision_push_failed frame_id=mock-video-6385 error=HTTP Error 404: Not Found
vision_push_failed frame_id=mock-video-6386 error=HTTP Error 404: Not Found
vision_push_failed frame_id=mock-video-6387 error=HTTP Error 404: Not Found
vision_push_failed frame_id=mock-video-6388 error=HTTP Error 404: Not Found
vision_push_failed frame_id=mock-video-6389 error=HTTP Error 404: Not Found
vision_push_failed frame_id=mock-video-6390 error=HTTP Error 404: Not Found
vision_push_failed frame_id=mock-video-6391 error=HTTP Error 404: Not Found
vision_push_failed frame_id=mock-video-6392 error=HTTP Error 404: Not Found
vision_push_failed frame_id=mock-video-6393 error=HTTP Error 404: Not Found
vision_push_failed frame_id=mock-video-6394 error=HTTP Error 404: Not Found
vision_push_failed frame_id=mock-video-6395 error=HTTP Error 404: Not Found
vision_push_failed frame_id=mock-video-6396 error=HTTP Error 404: Not Found
vision_push_failed frame_id=mock-video-6397 error=<urlopen error timed out>
vision_push_failed frame_id=mock-video-6398 error=HTTP Error 404: Not Found
vision_push_failed frame_id=mock-video-6399 error=HTTP Error 404: Not Found
vision_push_failed frame_id=mock-video-6400 error=HTTP Error 404: Not Found
vision_push_failed frame_id=mock-video-6401 error=HTTP Error 404: Not Found
vision_push_failed frame_id=mock-video-6402 error=HTTP Error 404: Not Found
vision_push_failed frame_id=mock-video-6403 error=HTTP Error 404: Not Found
vision_push_failed frame_id=mock-video-6404 error=HTTP Error 404: Not Found
vision_push_failed frame_id=mock-video-6405 error=HTTP Error 404: Not Found
vision_push_failed frame_id=mock-video-6406 error=HTTP Error 404: Not Found
vision_push_failed frame_id=mock-video-6407 error=HTTP Error 404: Not Found
vision_push_failed frame_id=mock-video-6408 error=HTTP Error 404: Not Found
vision_push_failed frame_id=mock-video-6409 error=HTTP Error 404: Not Found
vision_push_failed frame_id=mock-video-6410 error=HTTP Error 404: Not Found
vision_push_failed frame_id=mock-video-6411 error=HTTP Error 404: Not Found
vision_push_failed frame_id=mock-video-6412 error=HTTP Error 404: Not Found
vision_push_failed frame_id=mock-video-6413 error=HTTP Error 404: Not Found
vision_push_failed frame_id=mock-video-6414 error=HTTP Error 404: Not Found
vision_push_failed frame_id=mock-video-6415 error=HTTP Error 404: Not Found
vision_push_failed frame_id=mock-video-6416 error=HTTP Error 404: Not Found
vision_push_failed frame_id=mock-video-6417 error=HTTP Error 404: Not Found
vision_push_failed frame_id=mock-video-6418 error=HTTP Error 404: Not Found
vision_push_failed frame_id=mock-video-6419 error=HTTP Error 404: Not Found
vision_push_failed frame_id=mock-video-6420 error=HTTP Error 404: Not Found
vision_push_failed frame_id=mock-video-6421 error=HTTP Error 404: Not Found
vision_push_failed frame_id=mock-video-6422 error=HTTP Error 404: Not Found
vision_push_failed frame_id=mock-video-6423 error=HTTP Error 404: Not Found
vision_push_failed frame_id=mock-video-6424 error=HTTP Error 404: Not Found
vision_push_failed frame_id=mock-video-6425 error=HTTP Error 404: Not Found
vision_push_failed frame_id=mock-video-6426 error=HTTP Error 404: Not Found
vision_push_failed frame_id=mock-video-6427 error=HTTP Error 404: Not Found
vision_push_failed frame_id=mock-video-6428 error=HTTP Error 404: Not Found
vision_push_failed frame_id=mock-video-6429 error=HTTP Error 404: Not Found
vision_push_failed frame_id=mock-video-6430 error=HTTP Error 404: Not Found
vision_push_failed frame_id=mock-video-6431 error=HTTP Error 404: Not Found
vision_push_failed frame_id=mock-video-6432 error=HTTP Error 404: Not Found
vision_push_failed frame_id=mock-video-6433 error=HTTP Error 404: Not Found
vision_push_failed frame_id=mock-video-6434 error=HTTP Error 404: Not Found
vision_push_failed frame_id=mock-video-6435 error=HTTP Error 404: Not Found
vision_push_failed frame_id=mock-video-6436 error=HTTP Error 404: Not Found
vision_push_failed frame_id=mock-video-6437 error=HTTP Error 404: Not Found
vision_push_failed frame_id=mock-video-6438 error=HTTP Error 404: Not Found
vision_push_failed frame_id=mock-video-6439 error=HTTP Error 404: Not Found
vision_push_failed frame_id=mock-video-6440 error=HTTP Error 404: Not Found
vision_push_failed frame_id=mock-video-6441 error=HTTP Error 404: Not Found
vision_push_failed frame_id=mock-video-6442 error=HTTP Error 404: Not Found
vision_push_failed frame_id=mock-video-6443 error=HTTP Error 404: Not Found
vision_push_failed frame_id=mock-video-6444 error=HTTP Error 404: Not Found
vision_push_failed frame_id=mock-video-6445 error=HTTP Error 404: Not Found
vision_push_failed frame_id=mock-video-6446 error=HTTP Error 404: Not Found
vision_push_failed frame_id=mock-video-6447 error=HTTP Error 404: Not Found
vision_push_failed frame_id=mock-video-6448 error=HTTP Error 404: Not Found
vision_push_failed frame_id=mock-video-6449 error=HTTP Error 404: Not Found
vision_push_failed frame_id=mock-video-6450 error=HTTP Error 404: Not Found
vision_push_failed frame_id=mock-video-6451 error=HTTP Error 404: Not Found
vision_push_failed frame_id=mock-video-6452 error=HTTP Error 404: Not Found
vision_push_failed frame_id=mock-video-6453 error=HTTP Error 404: Not Found
vision_push_failed frame_id=mock-video-6454 error=HTTP Error 404: Not Found
vision_push_failed frame_id=mock-video-6455 error=HTTP Error 404: Not Found
vision_push_failed frame_id=mock-video-6456 error=HTTP Error 404: Not Found
vision_push_failed frame_id=mock-video-6457 error=HTTP Error 404: Not Found
vision_push_failed frame_id=mock-video-6458 error=HTTP Error 404: Not Found
vision_push_failed frame_id=mock-video-6459 error=HTTP Error 404: Not Found
vision_push_failed frame_id=mock-video-6460 error=HTTP Error 404: Not Found
vision_push_failed frame_id=mock-video-6461 error=HTTP Error 404: Not Found
vision_push_failed frame_id=mock-video-6462 error=HTTP Error 404: Not Found
vision_push_failed frame_id=mock-video-6463 error=HTTP Error 404: Not Found
vision_push_failed frame_id=mock-video-6464 error=HTTP Error 404: Not Found
vision_push_failed frame_id=mock-video-6465 error=HTTP Error 404: Not Found
vision_push_failed frame_id=mock-video-6466 error=HTTP Error 404: Not Found
vision_push_failed frame_id=mock-video-6467 error=HTTP Error 404: Not Found
vision_push_failed frame_id=mock-video-6468 error=HTTP Error 404: Not Found
vision_push_failed frame_id=mock-video-6469 error=HTTP Error 404: Not Found
vision_push_failed frame_id=mock-video-6470 error=HTTP Error 404: Not Found
vision_push_failed frame_id=mock-video-6471 error=HTTP Error 404: Not Found
vision_push_failed frame_id=mock-video-6472 error=HTTP Error 404: Not Found
vision_push_failed frame_id=mock-video-6473 error=HTTP Error 404: Not Found
vision_push_failed frame_id=mock-video-6474 error=HTTP Error 404: Not Found
vision_push_failed frame_id=mock-video-6475 error=HTTP Error 404: Not Found
vision_push_failed frame_id=mock-video-6476 error=HTTP Error 404: Not Found
vision_push_failed frame_id=mock-video-6477 error=HTTP Error 404: Not Found
vision_push_failed frame_id=mock-video-6478 error=HTTP Error 404: Not Found
vision_push_failed frame_id=mock-video-6479 error=HTTP Error 404: Not Found
vision_push_failed frame_id=mock-video-6480 error=HTTP Error 404: Not Found
vision_push_failed frame_id=mock-video-6481 error=HTTP Error 404: Not Found
vision_push_failed frame_id=mock-video-6482 error=HTTP Error 404: Not Found
vision_push_failed frame_id=mock-video-6483 error=HTTP Error 404: Not Found
vision_push_failed frame_id=mock-video-6484 error=HTTP Error 404: Not Found
vision_push_failed frame_id=mock-video-6485 error=HTTP Error 404: Not Found
vision_push_failed frame_id=mock-video-6486 error=HTTP Error 404: Not Found
vision_push_failed frame_id=mock-video-6487 error=HTTP Error 404: Not Found
vision_push_failed frame_id=mock-video-6488 error=HTTP Error 404: Not Found
vision_push_failed frame_id=mock-video-6489 error=HTTP Error 404: Not Found
vision_push_failed frame_id=mock-video-6490 error=HTTP Error 404: Not Found
vision_push_failed frame_id=mock-video-6491 error=HTTP Error 404: Not Found
vision_push_failed frame_id=mock-video-6492 error=HTTP Error 404: Not Found
vision_push_failed frame_id=mock-video-6493 error=HTTP Error 404: Not Found
vision_push_failed frame_id=mock-video-6494 error=HTTP Error 404: Not Found
vision_push_failed frame_id=mock-video-6495 error=HTTP Error 404: Not Found
vision_push_failed frame_id=mock-video-6496 error=HTTP Error 404: Not Found
vision_push_failed frame_id=mock-video-6497 error=HTTP Error 404: Not Found
vision_push_failed frame_id=mock-video-6498 error=HTTP Error 404: Not Found
vision_push_failed frame_id=mock-video-6499 error=HTTP Error 404: Not Found
vision_push_failed frame_id=mock-video-6500 error=HTTP Error 404: Not Found
vision_push_failed frame_id=mock-video-6501 error=HTTP Error 404: Not Found
vision_push_failed frame_id=mock-video-6502 error=HTTP Error 404: Not Found
vision_push_failed frame_id=mock-video-6503 error=HTTP Error 404: Not Found
vision_push_failed frame_id=mock-video-6504 error=HTTP Error 404: Not Found
vision_push_failed frame_id=mock-video-6505 error=HTTP Error 404: Not Found
vision_push_failed frame_id=mock-video-6506 error=HTTP Error 404: Not Found
vision_push_failed frame_id=mock-video-6507 error=HTTP Error 404: Not Found
vision_push_failed frame_id=mock-video-6508 error=HTTP Error 404: Not Found
vision_push_failed frame_id=mock-video-6509 error=HTTP Error 404: Not Found
vision_push_failed frame_id=mock-video-6510 error=HTTP Error 404: Not Found
vision_push_failed frame_id=mock-video-6511 error=HTTP Error 404: Not Found
vision_push_failed frame_id=mock-video-6512 error=HTTP Error 404: Not Found
vision_push_failed frame_id=mock-video-6513 error=HTTP Error 404: Not Found
vision_push_failed frame_id=mock-video-6514 error=HTTP Error 404: Not Found
vision_push_failed frame_id=mock-video-6515 error=HTTP Error 404: Not Found
vision_push_failed frame_id=mock-video-6516 error=HTTP Error 404: Not Found
vision_push_failed frame_id=mock-video-6517 error=HTTP Error 404: Not Found
vision_push_failed frame_id=mock-video-6518 error=HTTP Error 404: Not Found
vision_push_failed frame_id=mock-video-6519 error=HTTP Error 404: Not Found
vision_push_failed frame_id=mock-video-6520 error=HTTP Error 404: Not Found
vision_push_failed frame_id=mock-video-6521 error=HTTP Error 404: Not Found
vision_push_failed frame_id=mock-video-6522 error=HTTP Error 404: Not Found
vision_push_failed frame_id=mock-video-6523 error=HTTP Error 404: Not Found
vision_push_failed frame_id=mock-video-6524 error=HTTP Error 404: Not Found
vision_push_failed frame_id=mock-video-6525 error=HTTP Error 404: Not Found
vision_push_failed frame_id=mock-video-6526 error=HTTP Error 404: Not Found
vision_push_failed frame_id=mock-video-6527 error=HTTP Error 404: Not Found
vision_push_failed frame_id=mock-video-6528 error=HTTP Error 404: Not Found
vision_push_failed frame_id=mock-video-6529 error=HTTP Error 404: Not Found
vision_push_failed frame_id=mock-video-6530 error=HTTP Error 404: Not Found
vision_push_failed frame_id=mock-video-6531 error=HTTP Error 404: Not Found
vision_push_failed frame_id=mock-video-6532 error=HTTP Error 404: Not Found
vision_push_failed frame_id=mock-video-6533 error=HTTP Error 404: Not Found
vision_push_failed frame_id=mock-video-6534 error=HTTP Error 404: Not Found
vision_push_failed frame_id=mock-video-6535 error=HTTP Error 404: Not Found
vision_push_failed frame_id=mock-video-6536 error=HTTP Error 404: Not Found
vision_push_failed frame_id=mock-video-6537 error=HTTP Error 404: Not Found
vision_push_failed frame_id=mock-video-6538 error=HTTP Error 404: Not Found
vision_push_failed frame_id=mock-video-6539 error=HTTP Error 404: Not Found
vision_push_failed frame_id=mock-video-6540 error=HTTP Error 404: Not Found
vision_push_failed frame_id=mock-video-6541 error=HTTP Error 404: Not Found
vision_push_failed frame_id=mock-video-6542 error=HTTP Error 404: Not Found
vision_push_failed frame_id=mock-video-6543 error=HTTP Error 404: Not Found
vision_push_failed frame_id=mock-video-6544 error=HTTP Error 404: Not Found
vision_push_failed frame_id=mock-video-6545 error=HTTP Error 404: Not Found
vision_push_failed frame_id=mock-video-6546 error=HTTP Error 404: Not Found
vision_push_failed frame_id=mock-video-6547 error=HTTP Error 404: Not Found
vision_push_failed frame_id=mock-video-6548 error=HTTP Error 404: Not Found
vision_push_failed frame_id=mock-video-6549 error=HTTP Error 404: Not Found
vision_push_failed frame_id=mock-video-6550 error=HTTP Error 404: Not Found
vision_push_failed frame_id=mock-video-6551 error=HTTP Error 404: Not Found
vision_push_failed frame_id=mock-video-6552 error=HTTP Error 404: Not Found
vision_push_failed frame_id=mock-video-6553 error=HTTP Error 404: Not Found
vision_push_failed frame_id=mock-video-6554 error=HTTP Error 404: Not Found
vision_push_failed frame_id=mock-video-6555 error=HTTP Error 404: Not Found
vision_push_failed frame_id=mock-video-6556 error=HTTP Error 404: Not Found
vision_push_failed frame_id=mock-video-6557 error=HTTP Error 404: Not Found
vision_push_failed frame_id=mock-video-6558 error=HTTP Error 404: Not Found
vision_push_failed frame_id=mock-video-6559 error=HTTP Error 404: Not Found
vision_push_failed frame_id=mock-video-6560 error=HTTP Error 404: Not Found
vision_push_failed frame_id=mock-video-6561 error=HTTP Error 404: Not Found
vision_push_failed frame_id=mock-video-6562 error=HTTP Error 404: Not Found
vision_push_failed frame_id=mock-video-6563 error=HTTP Error 404: Not Found
vision_push_failed frame_id=mock-video-6564 error=HTTP Error 404: Not Found
vision_push_failed frame_id=mock-video-6565 error=HTTP Error 404: Not Found
vision_push_failed frame_id=mock-video-6566 error=HTTP Error 404: Not Found
vision_push_failed frame_id=mock-video-6567 error=HTTP Error 404: Not Found
vision_push_failed frame_id=mock-video-6568 error=HTTP Error 404: Not Found
vision_push_failed frame_id=mock-video-6569 error=HTTP Error 404: Not Found
vision_push_failed frame_id=mock-video-6570 error=HTTP Error 404: Not Found
vision_push_failed frame_id=mock-video-6571 error=HTTP Error 404: Not Found
vision_push_failed frame_id=mock-video-6572 error=HTTP Error 404: Not Found
vision_push_failed frame_id=mock-video-6573 error=HTTP Error 404: Not Found
vision_push_failed frame_id=mock-video-6574 error=HTTP Error 404: Not Found
vision_push_failed frame_id=mock-video-6575 error=HTTP Error 404: Not Found
vision_push_failed frame_id=mock-video-6576 error=HTTP Error 404: Not Found
vision_push_failed frame_id=mock-video-6577 error=HTTP Error 404: Not Found
vision_push_failed frame_id=mock-video-6578 error=HTTP Error 404: Not Found
vision_push_failed frame_id=mock-video-6579 error=HTTP Error 404: Not Found
vision_push_failed frame_id=mock-video-6580 error=HTTP Error 404: Not Found
vision_push_failed frame_id=mock-video-6581 error=HTTP Error 404: Not Found
vision_push_failed frame_id=mock-video-6582 error=HTTP Error 404: Not Found
vision_push_failed frame_id=mock-video-6583 error=HTTP Error 404: Not Found
vision_push_failed frame_id=mock-video-6584 error=HTTP Error 404: Not Found
vision_push_failed frame_id=mock-video-6585 error=HTTP Error 404: Not Found
vision_push_failed frame_id=mock-video-6586 error=HTTP Error 404: Not Found
vision_push_failed frame_id=mock-video-6587 error=HTTP Error 404: Not Found
vision_push_failed frame_id=mock-video-6588 error=HTTP Error 404: Not Found
vision_push_failed frame_id=mock-video-6589 error=HTTP Error 404: Not Found
vision_push_failed frame_id=mock-video-6590 error=HTTP Error 404: Not Found
vision_push_failed frame_id=mock-video-6591 error=HTTP Error 404: Not Found
vision_push_failed frame_id=mock-video-6592 error=HTTP Error 404: Not Found
vision_push_failed frame_id=mock-video-6593 error=HTTP Error 404: Not Found
vision_push_failed frame_id=mock-video-6594 error=HTTP Error 404: Not Found
vision_push_failed frame_id=mock-video-6595 error=HTTP Error 404: Not Found
vision_push_failed frame_id=mock-video-6596 error=HTTP Error 404: Not Found
vision_push_failed frame_id=mock-video-6597 error=HTTP Error 404: Not Found
vision_push_failed frame_id=mock-video-6598 error=HTTP Error 404: Not Found
vision_push_failed frame_id=mock-video-6599 error=HTTP Error 404: Not Found
vision_push_failed frame_id=mock-video-6600 error=HTTP Error 404: Not Found
vision_push_failed frame_id=mock-video-6601 error=HTTP Error 404: Not Found
vision_push_failed frame_id=mock-video-6602 error=HTTP Error 404: Not Found
vision_push_failed frame_id=mock-video-6603 error=HTTP Error 404: Not Found
vision_push_failed frame_id=mock-video-6604 error=HTTP Error 404: Not Found
vision_push_failed frame_id=mock-video-6605 error=HTTP Error 404: Not Found
vision_push_failed frame_id=mock-video-6606 error=HTTP Error 404: Not Found
vision_push_failed frame_id=mock-video-6607 error=HTTP Error 404: Not Found
vision_push_failed frame_id=mock-video-6608 error=HTTP Error 404: Not Found
vision_push_failed frame_id=mock-video-6609 error=HTTP Error 404: Not Found
vision_push_failed frame_id=mock-video-6610 error=HTTP Error 404: Not Found
vision_push_failed frame_id=mock-video-6611 error=HTTP Error 404: Not Found
vision_push_failed frame_id=mock-video-6612 error=HTTP Error 404: Not Found
vision_push_failed frame_id=mock-video-6613 error=HTTP Error 404: Not Found
vision_push_failed frame_id=mock-video-6614 error=HTTP Error 404: Not Found
vision_push_failed frame_id=mock-video-6615 error=HTTP Error 404: Not Found
vision_push_failed frame_id=mock-video-6616 error=HTTP Error 404: Not Found
vision_push_failed frame_id=mock-video-6617 error=HTTP Error 404: Not Found
vision_push_failed frame_id=mock-video-6618 error=HTTP Error 404: Not Found
vision_push_failed frame_id=mock-video-6619 error=HTTP Error 404: Not Found
vision_push_failed frame_id=mock-video-6620 error=HTTP Error 404: Not Found
vision_push_failed frame_id=mock-video-6621 error=HTTP Error 404: Not Found
vision_push_failed frame_id=mock-video-6622 error=HTTP Error 404: Not Found
vision_push_failed frame_id=mock-video-6623 error=HTTP Error 404: Not Found
vision_push_failed frame_id=mock-video-6624 error=HTTP Error 404: Not Found
vision_push_failed frame_id=mock-video-6625 error=HTTP Error 404: Not Found
vision_push_failed frame_id=mock-video-6626 error=HTTP Error 404: Not Found
vision_push_failed frame_id=mock-video-6627 error=HTTP Error 404: Not Found
vision_push_failed frame_id=mock-video-6628 error=HTTP Error 404: Not Found
vision_push_failed frame_id=mock-video-6629 error=HTTP Error 404: Not Found
vision_push_failed frame_id=mock-video-6630 error=HTTP Error 404: Not Found
vision_push_failed frame_id=mock-video-6631 error=HTTP Error 404: Not Found
vision_push_failed frame_id=mock-video-6632 error=HTTP Error 404: Not Found
vision_push_failed frame_id=mock-video-6633 error=HTTP Error 404: Not Found
vision_push_failed frame_id=mock-video-6634 error=HTTP Error 404: Not Found
vision_push_failed frame_id=mock-video-6635 error=HTTP Error 404: Not Found
vision_push_failed frame_id=mock-video-6636 error=HTTP Error 404: Not Found
vision_push_failed frame_id=mock-video-6637 error=HTTP Error 404: Not Found
vision_push_failed frame_id=mock-video-6638 error=HTTP Error 404: Not Found
vision_push_failed frame_id=mock-video-6639 error=HTTP Error 404: Not Found
vision_push_failed frame_id=mock-video-6640 error=HTTP Error 404: Not Found
vision_push_failed frame_id=mock-video-6641 error=HTTP Error 404: Not Found
vision_push_failed frame_id=mock-video-6642 error=HTTP Error 404: Not Found
vision_push_failed frame_id=mock-video-6643 error=HTTP Error 404: Not Found
vision_push_failed frame_id=mock-video-6644 error=HTTP Error 404: Not Found
vision_push_failed frame_id=mock-video-6645 error=HTTP Error 404: Not Found
vision_push_failed frame_id=mock-video-6646 error=HTTP Error 404: Not Found
vision_push_failed frame_id=mock-video-6647 error=HTTP Error 404: Not Found
vision_push_failed frame_id=mock-video-6648 error=HTTP Error 404: Not Found
vision_push_failed frame_id=mock-video-6649 error=HTTP Error 404: Not Found
vision_push_failed frame_id=mock-video-6650 error=HTTP Error 404: Not Found
vision_push_failed frame_id=mock-video-6651 error=HTTP Error 404: Not Found
vision_push_failed frame_id=mock-video-6652 error=HTTP Error 404: Not Found
vision_push_failed frame_id=mock-video-6653 error=HTTP Error 404: Not Found
vision_push_failed frame_id=mock-video-6654 error=HTTP Error 404: Not Found
vision_push_failed frame_id=mock-video-6655 error=HTTP Error 404: Not Found
vision_push_failed frame_id=mock-video-6656 error=HTTP Error 404: Not Found
vision_push_failed frame_id=mock-video-6657 error=HTTP Error 404: Not Found
vision_push_failed frame_id=mock-video-6658 error=HTTP Error 404: Not Found
vision_push_failed frame_id=mock-video-6659 error=HTTP Error 404: Not Found
vision_push_failed frame_id=mock-video-6660 error=HTTP Error 404: Not Found
vision_push_failed frame_id=mock-video-6661 error=HTTP Error 404: Not Found
vision_push_failed frame_id=mock-video-6662 error=HTTP Error 404: Not Found
vision_push_failed frame_id=mock-video-6663 error=HTTP Error 404: Not Found
vision_push_failed frame_id=mock-video-6664 error=HTTP Error 404: Not Found
vision_push_failed frame_id=mock-video-6665 error=HTTP Error 404: Not Found
vision_push_failed frame_id=mock-video-6666 error=HTTP Error 404: Not Found
vision_push_failed frame_id=mock-video-6667 error=HTTP Error 404: Not Found
vision_push_failed frame_id=mock-video-6668 error=HTTP Error 404: Not Found
vision_push_failed frame_id=mock-video-6669 error=HTTP Error 404: Not Found
vision_push_failed frame_id=mock-video-6670 error=HTTP Error 404: Not Found
vision_push_failed frame_id=mock-video-6671 error=HTTP Error 404: Not Found
vision_push_failed frame_id=mock-video-6672 error=HTTP Error 404: Not Found
vision_push_failed frame_id=mock-video-6673 error=HTTP Error 404: Not Found
vision_push_failed frame_id=mock-video-6674 error=HTTP Error 404: Not Found
vision_push_failed frame_id=mock-video-6675 error=HTTP Error 404: Not Found
vision_push_failed frame_id=mock-video-6676 error=HTTP Error 404: Not Found
vision_push_failed frame_id=mock-video-6677 error=HTTP Error 404: Not Found
vision_push_failed frame_id=mock-video-6678 error=HTTP Error 404: Not Found
vision_push_failed frame_id=mock-video-6679 error=HTTP Error 404: Not Found
vision_push_failed frame_id=mock-video-6680 error=HTTP Error 404: Not Found
vision_push_failed frame_id=mock-video-6681 error=HTTP Error 404: Not Found
vision_push_failed frame_id=mock-video-6682 error=HTTP Error 404: Not Found
vision_push_failed frame_id=mock-video-6683 error=HTTP Error 404: Not Found
vision_push_failed frame_id=mock-video-6684 error=HTTP Error 404: Not Found
vision_push_failed frame_id=mock-video-6685 error=HTTP Error 404: Not Found
vision_push_failed frame_id=mock-video-6686 error=HTTP Error 404: Not Found
vision_push_failed frame_id=mock-video-6687 error=HTTP Error 404: Not Found
vision_push_failed frame_id=mock-video-6688 error=HTTP Error 404: Not Found
vision_push_failed frame_id=mock-video-6689 error=HTTP Error 404: Not Found
vision_push_failed frame_id=mock-video-6690 error=HTTP Error 404: Not Found
vision_push_failed frame_id=mock-video-6691 error=HTTP Error 404: Not Found
vision_push_failed frame_id=mock-video-6692 error=HTTP Error 404: Not Found
vision_push_failed frame_id=mock-video-6693 error=HTTP Error 404: Not Found
vision_push_failed frame_id=mock-video-6694 error=HTTP Error 404: Not Found
vision_push_failed frame_id=mock-video-6695 error=HTTP Error 404: Not Found
vision_push_failed frame_id=mock-video-6696 error=HTTP Error 404: Not Found
vision_push_failed frame_id=mock-video-6697 error=HTTP Error 404: Not Found
vision_push_failed frame_id=mock-video-6698 error=HTTP Error 404: Not Found
vision_push_failed frame_id=mock-video-6699 error=HTTP Error 404: Not Found
vision_push_failed frame_id=mock-video-6700 error=HTTP Error 404: Not Found
vision_push_failed frame_id=mock-video-6701 error=HTTP Error 404: Not Found
vision_push_failed frame_id=mock-video-6702 error=HTTP Error 404: Not Found
vision_push_failed frame_id=mock-video-6703 error=HTTP Error 404: Not Found
vision_push_failed frame_id=mock-video-6704 error=HTTP Error 404: Not Found
vision_push_failed frame_id=mock-video-6705 error=HTTP Error 404: Not Found
vision_push_failed frame_id=mock-video-6706 error=HTTP Error 404: Not Found
vision_push_failed frame_id=mock-video-6707 error=HTTP Error 404: Not Found
vision_push_failed frame_id=mock-video-6708 error=HTTP Error 404: Not Found
vision_push_failed frame_id=mock-video-6709 error=HTTP Error 404: Not Found
vision_push_failed frame_id=mock-video-6710 error=HTTP Error 404: Not Found
vision_push_failed frame_id=mock-video-6711 error=HTTP Error 404: Not Found
vision_push_failed frame_id=mock-video-6712 error=HTTP Error 404: Not Found
vision_push_failed frame_id=mock-video-6713 error=HTTP Error 404: Not Found
vision_push_failed frame_id=mock-video-6714 error=HTTP Error 404: Not Found
vision_push_failed frame_id=mock-video-6715 error=HTTP Error 404: Not Found
vision_push_failed frame_id=mock-video-6716 error=HTTP Error 404: Not Found
vision_push_failed frame_id=mock-video-6717 error=HTTP Error 404: Not Found
vision_push_failed frame_id=mock-video-6718 error=HTTP Error 404: Not Found
vision_push_failed frame_id=mock-video-6719 error=HTTP Error 404: Not Found
vision_push_failed frame_id=mock-video-6720 error=HTTP Error 404: Not Found
vision_push_failed frame_id=mock-video-6721 error=HTTP Error 404: Not Found
vision_push_failed frame_id=mock-video-6722 error=HTTP Error 404: Not Found
vision_push_failed frame_id=mock-video-6723 error=HTTP Error 404: Not Found
vision_push_failed frame_id=mock-video-6724 error=HTTP Error 404: Not Found
vision_push_failed frame_id=mock-video-6725 error=HTTP Error 404: Not Found
vision_push_failed frame_id=mock-video-6726 error=HTTP Error 404: Not Found
vision_push_failed frame_id=mock-video-6727 error=HTTP Error 404: Not Found
vision_push_failed frame_id=mock-video-6728 error=HTTP Error 404: Not Found
vision_push_failed frame_id=mock-video-6729 error=HTTP Error 404: Not Found
vision_push_failed frame_id=mock-video-6730 error=HTTP Error 404: Not Found
vision_push_failed frame_id=mock-video-6731 error=HTTP Error 404: Not Found
vision_push_failed frame_id=mock-video-6732 error=HTTP Error 404: Not Found
vision_push_failed frame_id=mock-video-6733 error=HTTP Error 404: Not Found
vision_push_failed frame_id=mock-video-6734 error=HTTP Error 404: Not Found
vision_push_failed frame_id=mock-video-6735 error=HTTP Error 404: Not Found
vision_push_failed frame_id=mock-video-6736 error=HTTP Error 404: Not Found
vision_push_failed frame_id=mock-video-6737 error=HTTP Error 404: Not Found
vision_push_failed frame_id=mock-video-6738 error=HTTP Error 404: Not Found
vision_push_failed frame_id=mock-video-6739 error=HTTP Error 404: Not Found
vision_push_failed frame_id=mock-video-6740 error=HTTP Error 404: Not Found
vision_push_failed frame_id=mock-video-6741 error=HTTP Error 404: Not Found
vision_push_failed frame_id=mock-video-6742 error=HTTP Error 404: Not Found
vision_push_failed frame_id=mock-video-6743 error=HTTP Error 404: Not Found
vision_push_failed frame_id=mock-video-6744 error=HTTP Error 404: Not Found
vision_push_failed frame_id=mock-video-6745 error=HTTP Error 404: Not Found
vision_push_failed frame_id=mock-video-6746 error=HTTP Error 404: Not Found
vision_push_failed frame_id=mock-video-6747 error=HTTP Error 404: Not Found
vision_push_failed frame_id=mock-video-6748 error=HTTP Error 404: Not Found
vision_push_failed frame_id=mock-video-6749 error=HTTP Error 404: Not Found
vision_push_failed frame_id=mock-video-6750 error=HTTP Error 404: Not Found
vision_push_failed frame_id=mock-video-6751 error=HTTP Error 404: Not Found
vision_push_failed frame_id=mock-video-6752 error=HTTP Error 404: Not Found
vision_push_failed frame_id=mock-video-6753 error=HTTP Error 404: Not Found
vision_push_failed frame_id=mock-video-6754 error=HTTP Error 404: Not Found
vision_push_failed frame_id=mock-video-6755 error=HTTP Error 404: Not Found
vision_push_failed frame_id=mock-video-6756 error=HTTP Error 404: Not Found
vision_push_failed frame_id=mock-video-6757 error=HTTP Error 404: Not Found
vision_push_failed frame_id=mock-video-6758 error=HTTP Error 404: Not Found
vision_push_failed frame_id=mock-video-6759 error=HTTP Error 404: Not Found
vision_push_failed frame_id=mock-video-6760 error=HTTP Error 404: Not Found
vision_push_failed frame_id=mock-video-6761 error=HTTP Error 404: Not Found
vision_push_failed frame_id=mock-video-6762 error=HTTP Error 404: Not Found
vision_push_failed frame_id=mock-video-6763 error=HTTP Error 404: Not Found
vision_push_failed frame_id=mock-video-6764 error=HTTP Error 404: Not Found
vision_push_failed frame_id=mock-video-6765 error=HTTP Error 404: Not Found
vision_push_failed frame_id=mock-video-6766 error=HTTP Error 404: Not Found
vision_push_failed frame_id=mock-video-6767 error=HTTP Error 404: Not Found
vision_push_failed frame_id=mock-video-6768 error=HTTP Error 404: Not Found
vision_push_failed frame_id=mock-video-6769 error=HTTP Error 404: Not Found
vision_push_failed frame_id=mock-video-6770 error=HTTP Error 404: Not Found
vision_push_failed frame_id=mock-video-6771 error=HTTP Error 404: Not Found
vision_push_failed frame_id=mock-video-6772 error=HTTP Error 404: Not Found
vision_push_failed frame_id=mock-video-6773 error=HTTP Error 404: Not Found
vision_push_failed frame_id=mock-video-6774 error=HTTP Error 404: Not Found
vision_push_failed frame_id=mock-video-6775 error=HTTP Error 404: Not Found
vision_push_failed frame_id=mock-video-6776 error=HTTP Error 404: Not Found
vision_push_failed frame_id=mock-video-6777 error=HTTP Error 404: Not Found
vision_push_failed frame_id=mock-video-6778 error=HTTP Error 404: Not Found
vision_push_failed frame_id=mock-video-6779 error=HTTP Error 404: Not Found
vision_push_failed frame_id=mock-video-6780 error=HTTP Error 404: Not Found
vision_push_failed frame_id=mock-video-6781 error=HTTP Error 404: Not Found
vision_push_failed frame_id=mock-video-6782 error=HTTP Error 404: Not Found
vision_push_failed frame_id=mock-video-6783 error=HTTP Error 404: Not Found
vision_push_failed frame_id=mock-video-6784 error=HTTP Error 404: Not Found
vision_push_failed frame_id=mock-video-6785 error=HTTP Error 404: Not Found
vision_push_failed frame_id=mock-video-6786 error=HTTP Error 404: Not Found
vision_push_failed frame_id=mock-video-6787 error=HTTP Error 404: Not Found
vision_push_failed frame_id=mock-video-6788 error=HTTP Error 404: Not Found
vision_push_failed frame_id=mock-video-6789 error=HTTP Error 404: Not Found
vision_push_failed frame_id=mock-video-6790 error=HTTP Error 404: Not Found
vision_push_failed frame_id=mock-video-6791 error=HTTP Error 404: Not Found
vision_push_failed frame_id=mock-video-6792 error=HTTP Error 404: Not Found
vision_push_failed frame_id=mock-video-6793 error=HTTP Error 404: Not Found
vision_push_failed frame_id=mock-video-6794 error=HTTP Error 404: Not Found
vision_push_failed frame_id=mock-video-6795 error=HTTP Error 404: Not Found
vision_push_failed frame_id=mock-video-6796 error=HTTP Error 404: Not Found
vision_push_failed frame_id=mock-video-6797 error=HTTP Error 404: Not Found
vision_push_failed frame_id=mock-video-6798 error=HTTP Error 404: Not Found
vision_push_failed frame_id=mock-video-6799 error=HTTP Error 404: Not Found
vision_push_failed frame_id=mock-video-6800 error=HTTP Error 404: Not Found
vision_push_failed frame_id=mock-video-6801 error=HTTP Error 404: Not Found
vision_push_failed frame_id=mock-video-6802 error=HTTP Error 404: Not Found
vision_push_failed frame_id=mock-video-6803 error=HTTP Error 404: Not Found
vision_push_failed frame_id=mock-video-6804 error=HTTP Error 404: Not Found
vision_push_failed frame_id=mock-video-6805 error=HTTP Error 404: Not Found
vision_push_failed frame_id=mock-video-6806 error=HTTP Error 404: Not Found
vision_push_failed frame_id=mock-video-6807 error=HTTP Error 404: Not Found
vision_push_failed frame_id=mock-video-6808 error=HTTP Error 404: Not Found
vision_push_failed frame_id=mock-video-6809 error=HTTP Error 404: Not Found
vision_push_failed frame_id=mock-video-6810 error=HTTP Error 404: Not Found
vision_push_failed frame_id=mock-video-6811 error=HTTP Error 404: Not Found
vision_push_failed frame_id=mock-video-6812 error=HTTP Error 404: Not Found
vision_push_failed frame_id=mock-video-6813 error=HTTP Error 404: Not Found
vision_push_failed frame_id=mock-video-6814 error=HTTP Error 404: Not Found
vision_push_failed frame_id=mock-video-6815 error=HTTP Error 404: Not Found
vision_push_failed frame_id=mock-video-6816 error=HTTP Error 404: Not Found
vision_push_failed frame_id=mock-video-6817 error=HTTP Error 404: Not Found
vision_push_failed frame_id=mock-video-6818 error=HTTP Error 404: Not Found
vision_push_failed frame_id=mock-video-6819 error=HTTP Error 404: Not Found
vision_push_failed frame_id=mock-video-6820 error=HTTP Error 404: Not Found
vision_push_failed frame_id=mock-video-6821 error=HTTP Error 404: Not Found
vision_push_failed frame_id=mock-video-6822 error=HTTP Error 404: Not Found
vision_push_failed frame_id=mock-video-6823 error=HTTP Error 404: Not Found
vision_push_failed frame_id=mock-video-6824 error=HTTP Error 404: Not Found
vision_push_failed frame_id=mock-video-6825 error=HTTP Error 404: Not Found
vision_push_failed frame_id=mock-video-6826 error=HTTP Error 404: Not Found
vision_push_failed frame_id=mock-video-6827 error=HTTP Error 404: Not Found
vision_push_failed frame_id=mock-video-6828 error=HTTP Error 404: Not Found
vision_push_failed frame_id=mock-video-6829 error=HTTP Error 404: Not Found
vision_push_failed frame_id=mock-video-6830 error=HTTP Error 404: Not Found
vision_push_failed frame_id=mock-video-6831 error=HTTP Error 404: Not Found
vision_push_failed frame_id=mock-video-6832 error=HTTP Error 404: Not Found
vision_push_failed frame_id=mock-video-6833 error=HTTP Error 404: Not Found
vision_push_failed frame_id=mock-video-6834 error=HTTP Error 404: Not Found
vision_push_failed frame_id=mock-video-6835 error=HTTP Error 404: Not Found
vision_push_failed frame_id=mock-video-6836 error=HTTP Error 404: Not Found
vision_push_failed frame_id=mock-video-6837 error=HTTP Error 404: Not Found
vision_push_failed frame_id=mock-video-6838 error=HTTP Error 404: Not Found
vision_push_failed frame_id=mock-video-6839 error=HTTP Error 404: Not Found
vision_push_failed frame_id=mock-video-6840 error=HTTP Error 404: Not Found
vision_push_failed frame_id=mock-video-6841 error=HTTP Error 404: Not Found
vision_push_failed frame_id=mock-video-6842 error=HTTP Error 404: Not Found
vision_push_failed frame_id=mock-video-6843 error=HTTP Error 404: Not Found
vision_push_failed frame_id=mock-video-6844 error=HTTP Error 404: Not Found
vision_push_failed frame_id=mock-video-6845 error=HTTP Error 404: Not Found
vision_push_failed frame_id=mock-video-6846 error=HTTP Error 404: Not Found
vision_push_failed frame_id=mock-video-6847 error=HTTP Error 404: Not Found
vision_push_failed frame_id=mock-video-6848 error=HTTP Error 404: Not Found
vision_push_failed frame_id=mock-video-6849 error=HTTP Error 404: Not Found
vision_push_failed frame_id=mock-video-6850 error=HTTP Error 404: Not Found
vision_push_failed frame_id=mock-video-6851 error=HTTP Error 404: Not Found
vision_push_failed frame_id=mock-video-6852 error=HTTP Error 404: Not Found
vision_push_failed frame_id=mock-video-6853 error=HTTP Error 404: Not Found
vision_push_failed frame_id=mock-video-6854 error=HTTP Error 404: Not Found
vision_push_failed frame_id=mock-video-6855 error=HTTP Error 404: Not Found
vision_push_failed frame_id=mock-video-6856 error=HTTP Error 404: Not Found
vision_push_failed frame_id=mock-video-6857 error=HTTP Error 404: Not Found
vision_push_failed frame_id=mock-video-6858 error=HTTP Error 404: Not Found
vision_push_failed frame_id=mock-video-6859 error=HTTP Error 404: Not Found
vision_push_failed frame_id=mock-video-6860 error=HTTP Error 404: Not Found
vision_push_failed frame_id=mock-video-6861 error=HTTP Error 404: Not Found
vision_push_failed frame_id=mock-video-6862 error=HTTP Error 404: Not Found
vision_push_failed frame_id=mock-video-6863 error=HTTP Error 404: Not Found
vision_push_failed frame_id=mock-video-6864 error=HTTP Error 404: Not Found
vision_push_failed frame_id=mock-video-6865 error=HTTP Error 404: Not Found
vision_push_failed frame_id=mock-video-6866 error=HTTP Error 404: Not Found
vision_push_failed frame_id=mock-video-6867 error=HTTP Error 404: Not Found
vision_push_failed frame_id=mock-video-6868 error=HTTP Error 404: Not Found
vision_push_failed frame_id=mock-video-6869 error=HTTP Error 404: Not Found
vision_push_failed frame_id=mock-video-6870 error=HTTP Error 404: Not Found
vision_push_failed frame_id=mock-video-6871 error=HTTP Error 404: Not Found
vision_push_failed frame_id=mock-video-6872 error=HTTP Error 404: Not Found
vision_push_failed frame_id=mock-video-6873 error=HTTP Error 404: Not Found
vision_push_failed frame_id=mock-video-6874 error=HTTP Error 404: Not Found
vision_push_failed frame_id=mock-video-6875 error=HTTP Error 404: Not Found
vision_push_failed frame_id=mock-video-6876 error=HTTP Error 404: Not Found
vision_push_failed frame_id=mock-video-6877 error=HTTP Error 404: Not Found
vision_push_failed frame_id=mock-video-6878 error=<urlopen error timed out>
vision_push_failed frame_id=mock-video-6879 error=HTTP Error 404: Not Found
vision_push_failed frame_id=mock-video-6880 error=HTTP Error 404: Not Found
vision_push_failed frame_id=mock-video-6881 error=HTTP Error 404: Not Found
vision_push_failed frame_id=mock-video-6882 error=HTTP Error 404: Not Found
vision_push_failed frame_id=mock-video-6883 error=HTTP Error 404: Not Found
vision_push_failed frame_id=mock-video-6884 error=HTTP Error 404: Not Found
vision_push_failed frame_id=mock-video-6885 error=HTTP Error 404: Not Found
vision_push_failed frame_id=mock-video-6886 error=HTTP Error 404: Not Found
vision_push_failed frame_id=mock-video-6887 error=HTTP Error 404: Not Found
vision_push_failed frame_id=mock-video-6888 error=HTTP Error 404: Not Found
vision_push_failed frame_id=mock-video-6889 error=HTTP Error 404: Not Found
vision_push_failed frame_id=mock-video-6890 error=HTTP Error 404: Not Found
vision_push_failed frame_id=mock-video-6891 error=HTTP Error 404: Not Found
vision_push_failed frame_id=mock-video-6892 error=HTTP Error 404: Not Found
vision_push_failed frame_id=mock-video-6893 error=HTTP Error 404: Not Found
vision_push_failed frame_id=mock-video-6894 error=HTTP Error 404: Not Found
vision_push_failed frame_id=mock-video-6895 error=HTTP Error 404: Not Found
vision_push_failed frame_id=mock-video-6896 error=HTTP Error 404: Not Found
vision_push_failed frame_id=mock-video-6897 error=HTTP Error 404: Not Found
vision_push_failed frame_id=mock-video-6898 error=HTTP Error 404: Not Found
vision_push_failed frame_id=mock-video-6899 error=HTTP Error 404: Not Found
vision_push_failed frame_id=mock-video-6900 error=HTTP Error 404: Not Found
vision_push_failed frame_id=mock-video-6901 error=HTTP Error 404: Not Found
vision_push_failed frame_id=mock-video-6902 error=HTTP Error 404: Not Found
vision_push_failed frame_id=mock-video-6903 error=HTTP Error 404: Not Found
vision_push_failed frame_id=mock-video-6904 error=HTTP Error 404: Not Found
vision_push_failed frame_id=mock-video-6905 error=HTTP Error 404: Not Found
vision_push_failed frame_id=mock-video-6906 error=HTTP Error 404: Not Found
vision_push_failed frame_id=mock-video-6907 error=HTTP Error 404: Not Found
vision_push_failed frame_id=mock-video-6908 error=HTTP Error 404: Not Found
vision_push_failed frame_id=mock-video-6909 error=HTTP Error 404: Not Found
vision_push_failed frame_id=mock-video-6910 error=HTTP Error 404: Not Found
vision_push_failed frame_id=mock-video-6911 error=HTTP Error 404: Not Found
vision_push_failed frame_id=mock-video-6912 error=HTTP Error 404: Not Found
vision_push_failed frame_id=mock-video-6913 error=HTTP Error 404: Not Found
vision_push_failed frame_id=mock-video-6914 error=HTTP Error 404: Not Found
vision_push_failed frame_id=mock-video-6915 error=HTTP Error 404: Not Found
vision_push_failed frame_id=mock-video-6916 error=HTTP Error 404: Not Found
vision_push_failed frame_id=mock-video-6917 error=HTTP Error 404: Not Found
vision_push_failed frame_id=mock-video-6918 error=HTTP Error 404: Not Found
vision_push_failed frame_id=mock-video-6919 error=HTTP Error 404: Not Found
vision_push_failed frame_id=mock-video-6920 error=HTTP Error 404: Not Found
vision_push_failed frame_id=mock-video-6921 error=HTTP Error 404: Not Found
vision_push_failed frame_id=mock-video-6922 error=HTTP Error 404: Not Found
vision_push_failed frame_id=mock-video-6923 error=HTTP Error 404: Not Found
vision_push_failed frame_id=mock-video-6924 error=HTTP Error 404: Not Found
vision_push_failed frame_id=mock-video-6925 error=HTTP Error 404: Not Found
vision_push_failed frame_id=mock-video-6926 error=HTTP Error 404: Not Found
vision_push_failed frame_id=mock-video-6927 error=HTTP Error 404: Not Found
vision_push_failed frame_id=mock-video-6928 error=HTTP Error 404: Not Found
vision_push_failed frame_id=mock-video-6929 error=HTTP Error 404: Not Found
vision_push_failed frame_id=mock-video-6930 error=HTTP Error 404: Not Found
vision_push_failed frame_id=mock-video-6931 error=HTTP Error 404: Not Found
vision_push_failed frame_id=mock-video-6932 error=HTTP Error 404: Not Found
vision_push_failed frame_id=mock-video-6933 error=HTTP Error 404: Not Found
vision_push_failed frame_id=mock-video-6934 error=HTTP Error 404: Not Found
vision_push_failed frame_id=mock-video-6935 error=HTTP Error 404: Not Found
vision_push_failed frame_id=mock-video-6936 error=HTTP Error 404: Not Found
vision_push_failed frame_id=mock-video-6937 error=HTTP Error 404: Not Found
vision_push_failed frame_id=mock-video-6938 error=HTTP Error 404: Not Found
vision_push_failed frame_id=mock-video-6939 error=HTTP Error 404: Not Found
vision_push_failed frame_id=mock-video-6940 error=HTTP Error 404: Not Found
vision_push_failed frame_id=mock-video-6941 error=HTTP Error 404: Not Found
vision_push_failed frame_id=mock-video-6942 error=HTTP Error 404: Not Found
vision_push_failed frame_id=mock-video-6943 error=HTTP Error 404: Not Found
vision_push_failed frame_id=mock-video-6944 error=HTTP Error 404: Not Found
vision_push_failed frame_id=mock-video-6945 error=HTTP Error 404: Not Found
vision_push_failed frame_id=mock-video-6946 error=HTTP Error 404: Not Found
vision_push_failed frame_id=mock-video-6947 error=HTTP Error 404: Not Found
vision_push_failed frame_id=mock-video-6948 error=HTTP Error 404: Not Found
vision_push_failed frame_id=mock-video-6949 error=HTTP Error 404: Not Found
vision_push_failed frame_id=mock-video-6950 error=HTTP Error 404: Not Found
vision_push_failed frame_id=mock-video-6951 error=HTTP Error 404: Not Found
vision_push_failed frame_id=mock-video-6952 error=HTTP Error 404: Not Found
vision_push_failed frame_id=mock-video-6953 error=HTTP Error 404: Not Found
vision_push_failed frame_id=mock-video-6954 error=HTTP Error 404: Not Found
vision_push_failed frame_id=mock-video-6955 error=HTTP Error 404: Not Found
vision_push_failed frame_id=mock-video-6956 error=HTTP Error 404: Not Found
vision_push_failed frame_id=mock-video-6957 error=HTTP Error 404: Not Found
vision_push_failed frame_id=mock-video-6958 error=HTTP Error 404: Not Found
vision_push_failed frame_id=mock-video-6959 error=HTTP Error 404: Not Found
vision_push_failed frame_id=mock-video-6960 error=HTTP Error 404: Not Found
vision_push_failed frame_id=mock-video-6961 error=HTTP Error 404: Not Found
vision_push_failed frame_id=mock-video-6962 error=HTTP Error 404: Not Found
vision_push_failed frame_id=mock-video-6963 error=HTTP Error 404: Not Found
vision_push_failed frame_id=mock-video-6964 error=HTTP Error 404: Not Found
vision_push_failed frame_id=mock-video-6965 error=HTTP Error 404: Not Found
vision_push_failed frame_id=mock-video-6966 error=HTTP Error 404: Not Found
vision_push_failed frame_id=mock-video-6967 error=HTTP Error 404: Not Found
vision_push_failed frame_id=mock-video-6968 error=HTTP Error 404: Not Found
vision_push_failed frame_id=mock-video-6969 error=HTTP Error 404: Not Found
vision_push_failed frame_id=mock-video-6970 error=HTTP Error 404: Not Found
vision_push_failed frame_id=mock-video-6971 error=HTTP Error 404: Not Found
vision_push_failed frame_id=mock-video-6972 error=HTTP Error 404: Not Found
vision_push_failed frame_id=mock-video-6973 error=HTTP Error 404: Not Found
vision_push_failed frame_id=mock-video-6974 error=HTTP Error 404: Not Found
vision_push_failed frame_id=mock-video-6975 error=HTTP Error 404: Not Found
vision_push_failed frame_id=mock-video-6976 error=HTTP Error 404: Not Found
vision_push_failed frame_id=mock-video-6977 error=HTTP Error 404: Not Found
vision_push_failed frame_id=mock-video-6978 error=HTTP Error 404: Not Found
vision_push_failed frame_id=mock-video-6979 error=HTTP Error 404: Not Found
vision_push_failed frame_id=mock-video-6980 error=<urlopen error timed out>
vision_push_failed frame_id=mock-video-6981 error=HTTP Error 404: Not Found
vision_push_failed frame_id=mock-video-6982 error=HTTP Error 404: Not Found
vision_push_failed frame_id=mock-video-6983 error=HTTP Error 404: Not Found
vision_push_failed frame_id=mock-video-6984 error=HTTP Error 404: Not Found
vision_push_failed frame_id=mock-video-6985 error=HTTP Error 404: Not Found
vision_push_failed frame_id=mock-video-6986 error=HTTP Error 404: Not Found
vision_push_failed frame_id=mock-video-6987 error=HTTP Error 404: Not Found
vision_push_failed frame_id=mock-video-6988 error=HTTP Error 404: Not Found
vision_push_failed frame_id=mock-video-6989 error=HTTP Error 404: Not Found
vision_push_failed frame_id=mock-video-6990 error=HTTP Error 404: Not Found
vision_push_failed frame_id=mock-video-6991 error=HTTP Error 404: Not Found
vision_push_failed frame_id=mock-video-6992 error=HTTP Error 404: Not Found
vision_push_failed frame_id=mock-video-6993 error=HTTP Error 404: Not Found
vision_push_failed frame_id=mock-video-6994 error=HTTP Error 404: Not Found
vision_push_failed frame_id=mock-video-6995 error=HTTP Error 404: Not Found
vision_push_failed frame_id=mock-video-6996 error=HTTP Error 404: Not Found
vision_push_failed frame_id=mock-video-6997 error=HTTP Error 404: Not Found
vision_push_failed frame_id=mock-video-6998 error=HTTP Error 404: Not Found
vision_push_failed frame_id=mock-video-6999 error=HTTP Error 404: Not Found
vision_push_failed frame_id=mock-video-7000 error=HTTP Error 404: Not Found
vision_push_failed frame_id=mock-video-7001 error=HTTP Error 404: Not Found
vision_push_failed frame_id=mock-video-7002 error=HTTP Error 404: Not Found
vision_push_failed frame_id=mock-video-7003 error=HTTP Error 404: Not Found
vision_push_failed frame_id=mock-video-7004 error=HTTP Error 404: Not Found
vision_push_failed frame_id=mock-video-7005 error=HTTP Error 404: Not Found
vision_push_failed frame_id=mock-video-7006 error=HTTP Error 404: Not Found
vision_push_failed frame_id=mock-video-7007 error=HTTP Error 404: Not Found
vision_push_failed frame_id=mock-video-7008 error=HTTP Error 404: Not Found
vision_push_failed frame_id=mock-video-7009 error=HTTP Error 404: Not Found
vision_push_failed frame_id=mock-video-7010 error=HTTP Error 404: Not Found
vision_push_failed frame_id=mock-video-7011 error=HTTP Error 404: Not Found
vision_push_failed frame_id=mock-video-7012 error=HTTP Error 404: Not Found
vision_push_failed frame_id=mock-video-7013 error=HTTP Error 404: Not Found
vision_push_failed frame_id=mock-video-7014 error=HTTP Error 404: Not Found
vision_push_failed frame_id=mock-video-7015 error=HTTP Error 404: Not Found
vision_push_failed frame_id=mock-video-7016 error=HTTP Error 404: Not Found
vision_push_failed frame_id=mock-video-7017 error=HTTP Error 404: Not Found
vision_push_failed frame_id=mock-video-7018 error=HTTP Error 404: Not Found
vision_push_failed frame_id=mock-video-7019 error=HTTP Error 404: Not Found
vision_push_failed frame_id=mock-video-7020 error=HTTP Error 404: Not Found
vision_push_failed frame_id=mock-video-7021 error=HTTP Error 404: Not Found
vision_push_failed frame_id=mock-video-7022 error=HTTP Error 404: Not Found
vision_push_failed frame_id=mock-video-7023 error=HTTP Error 404: Not Found
vision_push_failed frame_id=mock-video-7024 error=HTTP Error 404: Not Found
vision_push_failed frame_id=mock-video-7025 error=HTTP Error 404: Not Found
vision_push_failed frame_id=mock-video-7026 error=HTTP Error 404: Not Found
vision_push_failed frame_id=mock-video-7027 error=HTTP Error 404: Not Found
vision_push_failed frame_id=mock-video-7028 error=HTTP Error 404: Not Found
vision_push_failed frame_id=mock-video-7029 error=HTTP Error 404: Not Found
vision_push_failed frame_id=mock-video-7030 error=HTTP Error 404: Not Found
vision_push_failed frame_id=mock-video-7031 error=HTTP Error 404: Not Found
vision_push_failed frame_id=mock-video-7032 error=HTTP Error 404: Not Found
vision_push_failed frame_id=mock-video-7033 error=HTTP Error 404: Not Found
vision_push_failed frame_id=mock-video-7034 error=HTTP Error 404: Not Found
vision_push_failed frame_id=mock-video-7035 error=HTTP Error 404: Not Found
vision_push_failed frame_id=mock-video-7036 error=HTTP Error 404: Not Found
vision_push_failed frame_id=mock-video-7037 error=HTTP Error 404: Not Found
vision_push_failed frame_id=mock-video-7038 error=HTTP Error 404: Not Found
vision_push_failed frame_id=mock-video-7039 error=HTTP Error 404: Not Found
vision_push_failed frame_id=mock-video-7040 error=HTTP Error 404: Not Found
vision_push_failed frame_id=mock-video-7041 error=HTTP Error 404: Not Found
vision_push_failed frame_id=mock-video-7042 error=HTTP Error 404: Not Found
vision_push_failed frame_id=mock-video-7043 error=HTTP Error 404: Not Found
vision_push_failed frame_id=mock-video-7044 error=HTTP Error 404: Not Found
vision_push_failed frame_id=mock-video-7045 error=HTTP Error 404: Not Found
vision_push_failed frame_id=mock-video-7046 error=<urlopen error timed out>
vision_push_failed frame_id=mock-video-7047 error=HTTP Error 404: Not Found
vision_push_failed frame_id=mock-video-7048 error=HTTP Error 404: Not Found
vision_push_failed frame_id=mock-video-7049 error=HTTP Error 404: Not Found
vision_push_failed frame_id=mock-video-7050 error=HTTP Error 404: Not Found
vision_push_failed frame_id=mock-video-7051 error=HTTP Error 404: Not Found
vision_push_failed frame_id=mock-video-7052 error=HTTP Error 404: Not Found
vision_push_failed frame_id=mock-video-7053 error=HTTP Error 404: Not Found
vision_push_failed frame_id=mock-video-7054 error=HTTP Error 404: Not Found
vision_push_failed frame_id=mock-video-7055 error=HTTP Error 404: Not Found
vision_push_failed frame_id=mock-video-7056 error=HTTP Error 404: Not Found
vision_push_failed frame_id=mock-video-7057 error=HTTP Error 404: Not Found
vision_push_failed frame_id=mock-video-7058 error=HTTP Error 404: Not Found
vision_push_failed frame_id=mock-video-7059 error=HTTP Error 404: Not Found
vision_push_failed frame_id=mock-video-7060 error=HTTP Error 404: Not Found
vision_push_failed frame_id=mock-video-7061 error=HTTP Error 404: Not Found
vision_push_failed frame_id=mock-video-7062 error=HTTP Error 404: Not Found
vision_push_failed frame_id=mock-video-7063 error=HTTP Error 404: Not Found
vision_push_failed frame_id=mock-video-7064 error=HTTP Error 404: Not Found
vision_push_failed frame_id=mock-video-7065 error=HTTP Error 404: Not Found
vision_push_failed frame_id=mock-video-7066 error=HTTP Error 404: Not Found
vision_push_failed frame_id=mock-video-7067 error=HTTP Error 404: Not Found
vision_push_failed frame_id=mock-video-7068 error=HTTP Error 404: Not Found
vision_push_failed frame_id=mock-video-7069 error=HTTP Error 404: Not Found
vision_push_failed frame_id=mock-video-7070 error=HTTP Error 404: Not Found
vision_push_failed frame_id=mock-video-7071 error=HTTP Error 404: Not Found
vision_push_failed frame_id=mock-video-7072 error=HTTP Error 404: Not Found
vision_push_failed frame_id=mock-video-7073 error=HTTP Error 404: Not Found
vision_push_failed frame_id=mock-video-7074 error=HTTP Error 404: Not Found
vision_push_failed frame_id=mock-video-7075 error=HTTP Error 404: Not Found
vision_push_failed frame_id=mock-video-7076 error=HTTP Error 404: Not Found
vision_push_failed frame_id=mock-video-7077 error=HTTP Error 404: Not Found
vision_push_failed frame_id=mock-video-7078 error=HTTP Error 404: Not Found
vision_push_failed frame_id=mock-video-7079 error=HTTP Error 404: Not Found
vision_push_failed frame_id=mock-video-7080 error=<urlopen error timed out>
vision_push_failed frame_id=mock-video-7081 error=<urlopen error timed out>
vision_push_failed frame_id=mock-video-7082 error=HTTP Error 404: Not Found
vision_push_failed frame_id=mock-video-7083 error=HTTP Error 404: Not Found
vision_push_failed frame_id=mock-video-7084 error=HTTP Error 404: Not Found
vision_push_failed frame_id=mock-video-7085 error=HTTP Error 404: Not Found
vision_push_failed frame_id=mock-video-7086 error=HTTP Error 404: Not Found
vision_push_failed frame_id=mock-video-7087 error=HTTP Error 404: Not Found
vision_push_failed frame_id=mock-video-7088 error=HTTP Error 404: Not Found
vision_push_failed frame_id=mock-video-7089 error=HTTP Error 404: Not Found
vision_push_failed frame_id=mock-video-7090 error=HTTP Error 404: Not Found
vision_push_failed frame_id=mock-video-7091 error=HTTP Error 404: Not Found
vision_push_failed frame_id=mock-video-7092 error=HTTP Error 404: Not Found
vision_push_failed frame_id=mock-video-7093 error=HTTP Error 404: Not Found
vision_push_failed frame_id=mock-video-7094 error=HTTP Error 404: Not Found
vision_push_failed frame_id=mock-video-7095 error=HTTP Error 404: Not Found
vision_push_failed frame_id=mock-video-7096 error=HTTP Error 404: Not Found
vision_push_failed frame_id=mock-video-7097 error=HTTP Error 404: Not Found
vision_push_failed frame_id=mock-video-7098 error=HTTP Error 404: Not Found
vision_push_failed frame_id=mock-video-7099 error=HTTP Error 404: Not Found
vision_push_failed frame_id=mock-video-7100 error=HTTP Error 404: Not Found
vision_push_failed frame_id=mock-video-7101 error=HTTP Error 404: Not Found
vision_push_failed frame_id=mock-video-7102 error=HTTP Error 404: Not Found
vision_push_failed frame_id=mock-video-7103 error=HTTP Error 404: Not Found
vision_push_failed frame_id=mock-video-7104 error=HTTP Error 404: Not Found
vision_push_failed frame_id=mock-video-7105 error=HTTP Error 404: Not Found
vision_push_failed frame_id=mock-video-7106 error=HTTP Error 404: Not Found
vision_push_failed frame_id=mock-video-7107 error=HTTP Error 404: Not Found
vision_push_failed frame_id=mock-video-7108 error=HTTP Error 404: Not Found
vision_push_failed frame_id=mock-video-7109 error=HTTP Error 404: Not Found
vision_push_failed frame_id=mock-video-7110 error=HTTP Error 404: Not Found
vision_push_failed frame_id=mock-video-7111 error=HTTP Error 404: Not Found
vision_push_failed frame_id=mock-video-7112 error=HTTP Error 404: Not Found
vision_push_failed frame_id=mock-video-7113 error=HTTP Error 404: Not Found
vision_push_failed frame_id=mock-video-7114 error=HTTP Error 404: Not Found
vision_push_failed frame_id=mock-video-7115 error=HTTP Error 404: Not Found
vision_push_failed frame_id=mock-video-7116 error=HTTP Error 404: Not Found
vision_push_failed frame_id=mock-video-7117 error=HTTP Error 404: Not Found
vision_push_failed frame_id=mock-video-7118 error=HTTP Error 404: Not Found
vision_push_failed frame_id=mock-video-7119 error=HTTP Error 404: Not Found
vision_push_failed frame_id=mock-video-7120 error=HTTP Error 404: Not Found
vision_push_failed frame_id=mock-video-7121 error=HTTP Error 404: Not Found
vision_push_failed frame_id=mock-video-7122 error=HTTP Error 404: Not Found
vision_push_failed frame_id=mock-video-7123 error=HTTP Error 404: Not Found
vision_push_failed frame_id=mock-video-7124 error=HTTP Error 404: Not Found
vision_push_failed frame_id=mock-video-7125 error=HTTP Error 404: Not Found
vision_push_failed frame_id=mock-video-7126 error=HTTP Error 404: Not Found
vision_push_failed frame_id=mock-video-7127 error=HTTP Error 404: Not Found
vision_push_failed frame_id=mock-video-7128 error=HTTP Error 404: Not Found
vision_push_failed frame_id=mock-video-7129 error=HTTP Error 404: Not Found
vision_push_failed frame_id=mock-video-7130 error=HTTP Error 404: Not Found
vision_push_failed frame_id=mock-video-7131 error=HTTP Error 404: Not Found
vision_push_failed frame_id=mock-video-7132 error=HTTP Error 404: Not Found
vision_push_failed frame_id=mock-video-7133 error=HTTP Error 404: Not Found
vision_push_failed frame_id=mock-video-7134 error=HTTP Error 404: Not Found
vision_push_failed frame_id=mock-video-7135 error=HTTP Error 404: Not Found
vision_push_failed frame_id=mock-video-7136 error=HTTP Error 404: Not Found
vision_push_failed frame_id=mock-video-7137 error=HTTP Error 404: Not Found
vision_push_failed frame_id=mock-video-7138 error=HTTP Error 404: Not Found
vision_push_failed frame_id=mock-video-7139 error=HTTP Error 404: Not Found
vision_push_failed frame_id=mock-video-7140 error=HTTP Error 404: Not Found
vision_push_failed frame_id=mock-video-7141 error=HTTP Error 404: Not Found
vision_push_failed frame_id=mock-video-7142 error=HTTP Error 404: Not Found
vision_push_failed frame_id=mock-video-7143 error=HTTP Error 404: Not Found
vision_push_failed frame_id=mock-video-7144 error=HTTP Error 404: Not Found
vision_push_failed frame_id=mock-video-7145 error=HTTP Error 404: Not Found
vision_push_failed frame_id=mock-video-7146 error=HTTP Error 404: Not Found
vision_push_failed frame_id=mock-video-7147 error=HTTP Error 404: Not Found
vision_push_failed frame_id=mock-video-7148 error=HTTP Error 404: Not Found
vision_push_failed frame_id=mock-video-7149 error=HTTP Error 404: Not Found
vision_push_failed frame_id=mock-video-7150 error=HTTP Error 404: Not Found
vision_push_failed frame_id=mock-video-7151 error=HTTP Error 404: Not Found
vision_push_failed frame_id=mock-video-7152 error=HTTP Error 404: Not Found
vision_push_failed frame_id=mock-video-7153 error=HTTP Error 404: Not Found
vision_push_failed frame_id=mock-video-7154 error=HTTP Error 404: Not Found
vision_push_failed frame_id=mock-video-7155 error=HTTP Error 404: Not Found
vision_push_failed frame_id=mock-video-7156 error=HTTP Error 404: Not Found
vision_push_failed frame_id=mock-video-7157 error=HTTP Error 404: Not Found
vision_push_failed frame_id=mock-video-7158 error=HTTP Error 404: Not Found
vision_push_failed frame_id=mock-video-7159 error=HTTP Error 404: Not Found
vision_push_failed frame_id=mock-video-7160 error=HTTP Error 404: Not Found
vision_push_failed frame_id=mock-video-7161 error=HTTP Error 404: Not Found
vision_push_failed frame_id=mock-video-7162 error=HTTP Error 404: Not Found
vision_push_failed frame_id=mock-video-7163 error=HTTP Error 404: Not Found
vision_push_failed frame_id=mock-video-7164 error=HTTP Error 404: Not Found
vision_push_failed frame_id=mock-video-7165 error=HTTP Error 404: Not Found
vision_push_failed frame_id=mock-video-7166 error=HTTP Error 404: Not Found
vision_push_failed frame_id=mock-video-7167 error=HTTP Error 404: Not Found
vision_push_failed frame_id=mock-video-7168 error=HTTP Error 404: Not Found
vision_push_failed frame_id=mock-video-7169 error=HTTP Error 404: Not Found
vision_push_failed frame_id=mock-video-7170 error=HTTP Error 404: Not Found
vision_push_failed frame_id=mock-video-7171 error=HTTP Error 404: Not Found
vision_push_failed frame_id=mock-video-7172 error=HTTP Error 404: Not Found
vision_push_failed frame_id=mock-video-7173 error=HTTP Error 404: Not Found
vision_push_failed frame_id=mock-video-7174 error=HTTP Error 404: Not Found
vision_push_failed frame_id=mock-video-7175 error=HTTP Error 404: Not Found
vision_push_failed frame_id=mock-video-7176 error=HTTP Error 404: Not Found
vision_push_failed frame_id=mock-video-7177 error=HTTP Error 404: Not Found
vision_push_failed frame_id=mock-video-7178 error=HTTP Error 404: Not Found
vision_push_failed frame_id=mock-video-7179 error=HTTP Error 404: Not Found
vision_push_failed frame_id=mock-video-7180 error=HTTP Error 404: Not Found
vision_push_failed frame_id=mock-video-7181 error=HTTP Error 404: Not Found
vision_push_failed frame_id=mock-video-7182 error=HTTP Error 404: Not Found
vision_push_failed frame_id=mock-video-7183 error=HTTP Error 404: Not Found
vision_push_failed frame_id=mock-video-7184 error=HTTP Error 404: Not Found
vision_push_failed frame_id=mock-video-7185 error=HTTP Error 404: Not Found
vision_push_failed frame_id=mock-video-7186 error=HTTP Error 404: Not Found
vision_push_failed frame_id=mock-video-7187 error=HTTP Error 404: Not Found
vision_push_failed frame_id=mock-video-7188 error=HTTP Error 404: Not Found
vision_push_failed frame_id=mock-video-7189 error=HTTP Error 404: Not Found
vision_push_failed frame_id=mock-video-7190 error=HTTP Error 404: Not Found
vision_push_failed frame_id=mock-video-7191 error=HTTP Error 404: Not Found
vision_push_failed frame_id=mock-video-7192 error=HTTP Error 404: Not Found
vision_push_failed frame_id=mock-video-7193 error=HTTP Error 404: Not Found
vision_push_failed frame_id=mock-video-7194 error=HTTP Error 404: Not Found
vision_push_failed frame_id=mock-video-7195 error=HTTP Error 404: Not Found
vision_push_failed frame_id=mock-video-7196 error=HTTP Error 404: Not Found
vision_push_failed frame_id=mock-video-7197 error=HTTP Error 404: Not Found
vision_push_failed frame_id=mock-video-7198 error=HTTP Error 404: Not Found
vision_push_failed frame_id=mock-video-7199 error=HTTP Error 404: Not Found
vision_push_failed frame_id=mock-video-7200 error=HTTP Error 404: Not Found
vision_push_failed frame_id=mock-video-7201 error=HTTP Error 404: Not Found
vision_push_failed frame_id=mock-video-7202 error=HTTP Error 404: Not Found
vision_push_failed frame_id=mock-video-7203 error=HTTP Error 404: Not Found
vision_push_failed frame_id=mock-video-7204 error=HTTP Error 404: Not Found
vision_push_failed frame_id=mock-video-7205 error=HTTP Error 404: Not Found
vision_push_failed frame_id=mock-video-7206 error=HTTP Error 404: Not Found
vision_push_failed frame_id=mock-video-7207 error=HTTP Error 404: Not Found
vision_push_failed frame_id=mock-video-7208 error=HTTP Error 404: Not Found
vision_push_failed frame_id=mock-video-7209 error=HTTP Error 404: Not Found
vision_push_failed frame_id=mock-video-7210 error=HTTP Error 404: Not Found
vision_push_failed frame_id=mock-video-7211 error=HTTP Error 404: Not Found
vision_push_failed frame_id=mock-video-7212 error=HTTP Error 404: Not Found
vision_push_failed frame_id=mock-video-7213 error=HTTP Error 404: Not Found
vision_push_failed frame_id=mock-video-7214 error=HTTP Error 404: Not Found
vision_push_failed frame_id=mock-video-7215 error=HTTP Error 404: Not Found
vision_push_failed frame_id=mock-video-7216 error=HTTP Error 404: Not Found
vision_push_failed frame_id=mock-video-7217 error=HTTP Error 404: Not Found
vision_push_failed frame_id=mock-video-7218 error=HTTP Error 404: Not Found
vision_push_failed frame_id=mock-video-7219 error=HTTP Error 404: Not Found
vision_push_failed frame_id=mock-video-7220 error=HTTP Error 404: Not Found
vision_push_failed frame_id=mock-video-7221 error=HTTP Error 404: Not Found
vision_push_failed frame_id=mock-video-7222 error=HTTP Error 404: Not Found
vision_push_failed frame_id=mock-video-7223 error=HTTP Error 404: Not Found
vision_push_failed frame_id=mock-video-7224 error=HTTP Error 404: Not Found
vision_push_failed frame_id=mock-video-7225 error=HTTP Error 404: Not Found
vision_push_failed frame_id=mock-video-7226 error=HTTP Error 404: Not Found
vision_push_failed frame_id=mock-video-7227 error=HTTP Error 404: Not Found
vision_push_failed frame_id=mock-video-7228 error=HTTP Error 404: Not Found
vision_push_failed frame_id=mock-video-7229 error=HTTP Error 404: Not Found
vision_push_failed frame_id=mock-video-7230 error=HTTP Error 404: Not Found
vision_push_failed frame_id=mock-video-7231 error=HTTP Error 404: Not Found
vision_push_failed frame_id=mock-video-7232 error=HTTP Error 404: Not Found
vision_push_failed frame_id=mock-video-7233 error=HTTP Error 404: Not Found
vision_push_failed frame_id=mock-video-7234 error=HTTP Error 404: Not Found
vision_push_failed frame_id=mock-video-7235 error=HTTP Error 404: Not Found
vision_push_failed frame_id=mock-video-7236 error=HTTP Error 404: Not Found
vision_push_failed frame_id=mock-video-7237 error=HTTP Error 404: Not Found
vision_push_failed frame_id=mock-video-7238 error=HTTP Error 404: Not Found
vision_push_failed frame_id=mock-video-7239 error=HTTP Error 404: Not Found
vision_push_failed frame_id=mock-video-7240 error=HTTP Error 404: Not Found
vision_push_failed frame_id=mock-video-7241 error=HTTP Error 404: Not Found
vision_push_failed frame_id=mock-video-7242 error=HTTP Error 404: Not Found
vision_push_failed frame_id=mock-video-7243 error=HTTP Error 404: Not Found
vision_push_failed frame_id=mock-video-7244 error=HTTP Error 404: Not Found
vision_push_failed frame_id=mock-video-7245 error=HTTP Error 404: Not Found
vision_push_failed frame_id=mock-video-7246 error=HTTP Error 404: Not Found
vision_push_failed frame_id=mock-video-7247 error=HTTP Error 404: Not Found
vision_push_failed frame_id=mock-video-7248 error=HTTP Error 404: Not Found
vision_push_failed frame_id=mock-video-7249 error=HTTP Error 404: Not Found
vision_push_failed frame_id=mock-video-7250 error=HTTP Error 404: Not Found
vision_push_failed frame_id=mock-video-7251 error=HTTP Error 404: Not Found
vision_push_failed frame_id=mock-video-7252 error=HTTP Error 404: Not Found
vision_push_failed frame_id=mock-video-7253 error=HTTP Error 404: Not Found
vision_push_failed frame_id=mock-video-7254 error=HTTP Error 404: Not Found
vision_push_failed frame_id=mock-video-7255 error=HTTP Error 404: Not Found
vision_push_failed frame_id=mock-video-7256 error=HTTP Error 404: Not Found
vision_push_failed frame_id=mock-video-7257 error=HTTP Error 404: Not Found
vision_push_failed frame_id=mock-video-7258 error=HTTP Error 404: Not Found
vision_push_failed frame_id=mock-video-7259 error=HTTP Error 404: Not Found
vision_push_failed frame_id=mock-video-7260 error=HTTP Error 404: Not Found
vision_push_failed frame_id=mock-video-7261 error=HTTP Error 404: Not Found
vision_push_failed frame_id=mock-video-7262 error=HTTP Error 404: Not Found
vision_push_failed frame_id=mock-video-7263 error=HTTP Error 404: Not Found
vision_push_failed frame_id=mock-video-7264 error=HTTP Error 404: Not Found
vision_push_failed frame_id=mock-video-7265 error=HTTP Error 404: Not Found
vision_push_failed frame_id=mock-video-7266 error=HTTP Error 404: Not Found
vision_push_failed frame_id=mock-video-7267 error=HTTP Error 404: Not Found
vision_push_failed frame_id=mock-video-7268 error=HTTP Error 404: Not Found
vision_push_failed frame_id=mock-video-7269 error=HTTP Error 404: Not Found
vision_push_failed frame_id=mock-video-7270 error=HTTP Error 404: Not Found
vision_push_failed frame_id=mock-video-7271 error=HTTP Error 404: Not Found
vision_push_failed frame_id=mock-video-7272 error=HTTP Error 404: Not Found
vision_push_failed frame_id=mock-video-7273 error=HTTP Error 404: Not Found
vision_push_failed frame_id=mock-video-7274 error=HTTP Error 404: Not Found
vision_push_failed frame_id=mock-video-7275 error=HTTP Error 404: Not Found
vision_push_failed frame_id=mock-video-7276 error=HTTP Error 404: Not Found
vision_push_failed frame_id=mock-video-7277 error=HTTP Error 404: Not Found
vision_push_failed frame_id=mock-video-7278 error=HTTP Error 404: Not Found
vision_push_failed frame_id=mock-video-7279 error=HTTP Error 404: Not Found
vision_push_failed frame_id=mock-video-7280 error=HTTP Error 404: Not Found
vision_push_failed frame_id=mock-video-7281 error=HTTP Error 404: Not Found
vision_push_failed frame_id=mock-video-7282 error=HTTP Error 404: Not Found
vision_push_failed frame_id=mock-video-7283 error=HTTP Error 404: Not Found
vision_push_failed frame_id=mock-video-7284 error=HTTP Error 404: Not Found
vision_push_failed frame_id=mock-video-7285 error=HTTP Error 404: Not Found
vision_push_failed frame_id=mock-video-7286 error=HTTP Error 404: Not Found
vision_push_failed frame_id=mock-video-7287 error=HTTP Error 404: Not Found
vision_push_failed frame_id=mock-video-7288 error=HTTP Error 404: Not Found
vision_push_failed frame_id=mock-video-7289 error=HTTP Error 404: Not Found
vision_push_failed frame_id=mock-video-7290 error=HTTP Error 404: Not Found
vision_push_failed frame_id=mock-video-7291 error=HTTP Error 404: Not Found
vision_push_failed frame_id=mock-video-7292 error=HTTP Error 404: Not Found
vision_push_failed frame_id=mock-video-7293 error=HTTP Error 404: Not Found
vision_push_failed frame_id=mock-video-7294 error=HTTP Error 404: Not Found
vision_push_failed frame_id=mock-video-7295 error=HTTP Error 404: Not Found
vision_push_failed frame_id=mock-video-7296 error=HTTP Error 404: Not Found
vision_push_failed frame_id=mock-video-7297 error=HTTP Error 404: Not Found
vision_push_failed frame_id=mock-video-7298 error=HTTP Error 404: Not Found
vision_push_failed frame_id=mock-video-7299 error=HTTP Error 404: Not Found
vision_push_failed frame_id=mock-video-7300 error=HTTP Error 404: Not Found
vision_push_failed frame_id=mock-video-7301 error=HTTP Error 404: Not Found
vision_push_failed frame_id=mock-video-7302 error=HTTP Error 404: Not Found
vision_push_failed frame_id=mock-video-7303 error=HTTP Error 404: Not Found
vision_push_failed frame_id=mock-video-7304 error=HTTP Error 404: Not Found
vision_push_failed frame_id=mock-video-7305 error=HTTP Error 404: Not Found
vision_push_failed frame_id=mock-video-7306 error=HTTP Error 404: Not Found
vision_push_failed frame_id=mock-video-7307 error=HTTP Error 404: Not Found
vision_push_failed frame_id=mock-video-7308 error=HTTP Error 404: Not Found
vision_push_failed frame_id=mock-video-7309 error=HTTP Error 404: Not Found
vision_push_failed frame_id=mock-video-7310 error=HTTP Error 404: Not Found
vision_push_failed frame_id=mock-video-7311 error=HTTP Error 404: Not Found
vision_push_failed frame_id=mock-video-7312 error=HTTP Error 404: Not Found
vision_push_failed frame_id=mock-video-7313 error=HTTP Error 404: Not Found
vision_push_failed frame_id=mock-video-7314 error=HTTP Error 404: Not Found
vision_push_failed frame_id=mock-video-7315 error=HTTP Error 404: Not Found
vision_push_failed frame_id=mock-video-7316 error=HTTP Error 404: Not Found
vision_push_failed frame_id=mock-video-7317 error=HTTP Error 404: Not Found
vision_push_failed frame_id=mock-video-7318 error=HTTP Error 404: Not Found
vision_push_failed frame_id=mock-video-7319 error=HTTP Error 404: Not Found
vision_push_failed frame_id=mock-video-7320 error=HTTP Error 404: Not Found
vision_push_failed frame_id=mock-video-7321 error=HTTP Error 404: Not Found
vision_push_failed frame_id=mock-video-7322 error=HTTP Error 404: Not Found
vision_push_failed frame_id=mock-video-7323 error=HTTP Error 404: Not Found
vision_push_failed frame_id=mock-video-7324 error=HTTP Error 404: Not Found
vision_push_failed frame_id=mock-video-7325 error=HTTP Error 404: Not Found
vision_push_failed frame_id=mock-video-7326 error=HTTP Error 404: Not Found
vision_push_failed frame_id=mock-video-7327 error=HTTP Error 404: Not Found
vision_push_failed frame_id=mock-video-7328 error=HTTP Error 404: Not Found
vision_push_failed frame_id=mock-video-7329 error=HTTP Error 404: Not Found
vision_push_failed frame_id=mock-video-7330 error=HTTP Error 404: Not Found
vision_push_failed frame_id=mock-video-7331 error=HTTP Error 404: Not Found
vision_push_failed frame_id=mock-video-7332 error=HTTP Error 404: Not Found
vision_push_failed frame_id=mock-video-7333 error=HTTP Error 404: Not Found
vision_push_failed frame_id=mock-video-7334 error=HTTP Error 404: Not Found
vision_push_failed frame_id=mock-video-7335 error=HTTP Error 404: Not Found
vision_push_failed frame_id=mock-video-7336 error=HTTP Error 404: Not Found
vision_push_failed frame_id=mock-video-7337 error=HTTP Error 404: Not Found
vision_push_failed frame_id=mock-video-7338 error=HTTP Error 404: Not Found
vision_push_failed frame_id=mock-video-7339 error=HTTP Error 404: Not Found
vision_push_failed frame_id=mock-video-7340 error=HTTP Error 404: Not Found
vision_push_failed frame_id=mock-video-7341 error=HTTP Error 404: Not Found
vision_push_failed frame_id=mock-video-7342 error=HTTP Error 404: Not Found
vision_push_failed frame_id=mock-video-7343 error=HTTP Error 404: Not Found
vision_push_failed frame_id=mock-video-7344 error=HTTP Error 404: Not Found
vision_push_failed frame_id=mock-video-7345 error=HTTP Error 404: Not Found
vision_push_failed frame_id=mock-video-7346 error=HTTP Error 404: Not Found
vision_push_failed frame_id=mock-video-7347 error=HTTP Error 404: Not Found
vision_push_failed frame_id=mock-video-7348 error=HTTP Error 404: Not Found
vision_push_failed frame_id=mock-video-7349 error=HTTP Error 404: Not Found
vision_push_failed frame_id=mock-video-7350 error=HTTP Error 404: Not Found
vision_push_failed frame_id=mock-video-7351 error=HTTP Error 404: Not Found
vision_push_failed frame_id=mock-video-7352 error=HTTP Error 404: Not Found
vision_push_failed frame_id=mock-video-7353 error=HTTP Error 404: Not Found
vision_push_failed frame_id=mock-video-7354 error=HTTP Error 404: Not Found
vision_push_failed frame_id=mock-video-7355 error=HTTP Error 404: Not Found
vision_push_failed frame_id=mock-video-7356 error=HTTP Error 404: Not Found
vision_push_failed frame_id=mock-video-7357 error=HTTP Error 404: Not Found
vision_push_failed frame_id=mock-video-7358 error=HTTP Error 404: Not Found
vision_push_failed frame_id=mock-video-7359 error=HTTP Error 404: Not Found
vision_push_failed frame_id=mock-video-7360 error=HTTP Error 404: Not Found
vision_push_failed frame_id=mock-video-7361 error=HTTP Error 404: Not Found
vision_push_failed frame_id=mock-video-7362 error=HTTP Error 404: Not Found
vision_push_failed frame_id=mock-video-7363 error=HTTP Error 404: Not Found
vision_push_failed frame_id=mock-video-7364 error=HTTP Error 404: Not Found
vision_push_failed frame_id=mock-video-7365 error=HTTP Error 404: Not Found
vision_push_failed frame_id=mock-video-7366 error=HTTP Error 404: Not Found
vision_push_failed frame_id=mock-video-7367 error=HTTP Error 404: Not Found
vision_push_failed frame_id=mock-video-7368 error=HTTP Error 404: Not Found
vision_push_failed frame_id=mock-video-7369 error=HTTP Error 404: Not Found
vision_push_failed frame_id=mock-video-7370 error=HTTP Error 404: Not Found
vision_push_failed frame_id=mock-video-7371 error=HTTP Error 404: Not Found
vision_push_failed frame_id=mock-video-7372 error=HTTP Error 404: Not Found
vision_push_failed frame_id=mock-video-7373 error=HTTP Error 404: Not Found
vision_push_failed frame_id=mock-video-7374 error=HTTP Error 404: Not Found
vision_push_failed frame_id=mock-video-7375 error=HTTP Error 404: Not Found
vision_push_failed frame_id=mock-video-7376 error=HTTP Error 404: Not Found
vision_push_failed frame_id=mock-video-7377 error=HTTP Error 404: Not Found
vision_push_failed frame_id=mock-video-7378 error=HTTP Error 404: Not Found
vision_push_failed frame_id=mock-video-7379 error=HTTP Error 404: Not Found
vision_push_failed frame_id=mock-video-7380 error=HTTP Error 404: Not Found
vision_push_failed frame_id=mock-video-7381 error=HTTP Error 404: Not Found
vision_push_failed frame_id=mock-video-7382 error=HTTP Error 404: Not Found
vision_push_failed frame_id=mock-video-7383 error=HTTP Error 404: Not Found
vision_push_failed frame_id=mock-video-7384 error=HTTP Error 404: Not Found
vision_push_failed frame_id=mock-video-7385 error=HTTP Error 404: Not Found
vision_push_failed frame_id=mock-video-7386 error=HTTP Error 404: Not Found
vision_push_failed frame_id=mock-video-7387 error=HTTP Error 404: Not Found
vision_push_failed frame_id=mock-video-7388 error=HTTP Error 404: Not Found
vision_push_failed frame_id=mock-video-7389 error=HTTP Error 404: Not Found
vision_push_failed frame_id=mock-video-7390 error=HTTP Error 404: Not Found
vision_push_failed frame_id=mock-video-7391 error=HTTP Error 404: Not Found
vision_push_failed frame_id=mock-video-7392 error=HTTP Error 404: Not Found
vision_push_failed frame_id=mock-video-7393 error=HTTP Error 404: Not Found
vision_push_failed frame_id=mock-video-7394 error=HTTP Error 404: Not Found
vision_push_failed frame_id=mock-video-7395 error=HTTP Error 404: Not Found
vision_push_failed frame_id=mock-video-7396 error=HTTP Error 404: Not Found
vision_push_failed frame_id=mock-video-7397 error=HTTP Error 404: Not Found
vision_push_failed frame_id=mock-video-7398 error=HTTP Error 404: Not Found
vision_push_failed frame_id=mock-video-7399 error=HTTP Error 404: Not Found
vision_push_failed frame_id=mock-video-7400 error=HTTP Error 404: Not Found
vision_push_failed frame_id=mock-video-7401 error=HTTP Error 404: Not Found
vision_push_failed frame_id=mock-video-7402 error=HTTP Error 404: Not Found
vision_push_failed frame_id=mock-video-7403 error=HTTP Error 404: Not Found
vision_push_failed frame_id=mock-video-7404 error=HTTP Error 404: Not Found
vision_push_failed frame_id=mock-video-7405 error=HTTP Error 404: Not Found
vision_push_failed frame_id=mock-video-7406 error=HTTP Error 404: Not Found
vision_push_failed frame_id=mock-video-7407 error=HTTP Error 404: Not Found
vision_push_failed frame_id=mock-video-7408 error=HTTP Error 404: Not Found
vision_push_failed frame_id=mock-video-7409 error=HTTP Error 404: Not Found
vision_push_failed frame_id=mock-video-7410 error=HTTP Error 404: Not Found
vision_push_failed frame_id=mock-video-7411 error=HTTP Error 404: Not Found
vision_push_failed frame_id=mock-video-7412 error=HTTP Error 404: Not Found
vision_push_failed frame_id=mock-video-7413 error=HTTP Error 404: Not Found
vision_push_failed frame_id=mock-video-7414 error=HTTP Error 404: Not Found
vision_push_failed frame_id=mock-video-7415 error=HTTP Error 404: Not Found
vision_push_failed frame_id=mock-video-7416 error=HTTP Error 404: Not Found
vision_push_failed frame_id=mock-video-7417 error=HTTP Error 404: Not Found
vision_push_failed frame_id=mock-video-7418 error=HTTP Error 404: Not Found
vision_push_failed frame_id=mock-video-7419 error=HTTP Error 404: Not Found
vision_push_failed frame_id=mock-video-7420 error=HTTP Error 404: Not Found
vision_push_failed frame_id=mock-video-7421 error=HTTP Error 404: Not Found
vision_push_failed frame_id=mock-video-7422 error=HTTP Error 404: Not Found
vision_push_failed frame_id=mock-video-7423 error=HTTP Error 404: Not Found
vision_push_failed frame_id=mock-video-7424 error=HTTP Error 404: Not Found
vision_push_failed frame_id=mock-video-7425 error=HTTP Error 404: Not Found
vision_push_failed frame_id=mock-video-7426 error=HTTP Error 404: Not Found
vision_push_failed frame_id=mock-video-7427 error=HTTP Error 404: Not Found
vision_push_failed frame_id=mock-video-7428 error=HTTP Error 404: Not Found
vision_push_failed frame_id=mock-video-7429 error=HTTP Error 404: Not Found
vision_push_failed frame_id=mock-video-7430 error=HTTP Error 404: Not Found
vision_push_failed frame_id=mock-video-7431 error=HTTP Error 404: Not Found
vision_push_failed frame_id=mock-video-7432 error=HTTP Error 404: Not Found
vision_push_failed frame_id=mock-video-7433 error=HTTP Error 404: Not Found
vision_push_failed frame_id=mock-video-7434 error=HTTP Error 404: Not Found
vision_push_failed frame_id=mock-video-7435 error=HTTP Error 404: Not Found
vision_push_failed frame_id=mock-video-7436 error=HTTP Error 404: Not Found
vision_push_failed frame_id=mock-video-7437 error=HTTP Error 404: Not Found
vision_push_failed frame_id=mock-video-7438 error=HTTP Error 404: Not Found
vision_push_failed frame_id=mock-video-7439 error=HTTP Error 404: Not Found
vision_push_failed frame_id=mock-video-7440 error=HTTP Error 404: Not Found
vision_push_failed frame_id=mock-video-7441 error=HTTP Error 404: Not Found
vision_push_failed frame_id=mock-video-7442 error=HTTP Error 404: Not Found
vision_push_failed frame_id=mock-video-7443 error=HTTP Error 404: Not Found
vision_push_failed frame_id=mock-video-7444 error=HTTP Error 404: Not Found
vision_push_failed frame_id=mock-video-7445 error=HTTP Error 404: Not Found
vision_push_failed frame_id=mock-video-7446 error=HTTP Error 404: Not Found
vision_push_failed frame_id=mock-video-7447 error=HTTP Error 404: Not Found
vision_push_failed frame_id=mock-video-7448 error=HTTP Error 404: Not Found
vision_push_failed frame_id=mock-video-7449 error=HTTP Error 404: Not Found
vision_push_failed frame_id=mock-video-7450 error=HTTP Error 404: Not Found
vision_push_failed frame_id=mock-video-7451 error=HTTP Error 404: Not Found
vision_push_failed frame_id=mock-video-7452 error=HTTP Error 404: Not Found
vision_push_failed frame_id=mock-video-7453 error=HTTP Error 404: Not Found
vision_push_failed frame_id=mock-video-7454 error=HTTP Error 404: Not Found
vision_push_failed frame_id=mock-video-7455 error=HTTP Error 404: Not Found
vision_push_failed frame_id=mock-video-7456 error=HTTP Error 404: Not Found
vision_push_failed frame_id=mock-video-7457 error=HTTP Error 404: Not Found
vision_push_failed frame_id=mock-video-7458 error=HTTP Error 404: Not Found
vision_push_failed frame_id=mock-video-7459 error=HTTP Error 404: Not Found
vision_push_failed frame_id=mock-video-7460 error=HTTP Error 404: Not Found
vision_push_failed frame_id=mock-video-7461 error=HTTP Error 404: Not Found
vision_push_failed frame_id=mock-video-7462 error=HTTP Error 404: Not Found
vision_push_failed frame_id=mock-video-7463 error=HTTP Error 404: Not Found
vision_push_failed frame_id=mock-video-7464 error=HTTP Error 404: Not Found
vision_push_failed frame_id=mock-video-7465 error=HTTP Error 404: Not Found
vision_push_failed frame_id=mock-video-7466 error=HTTP Error 404: Not Found
vision_push_failed frame_id=mock-video-7467 error=HTTP Error 404: Not Found
vision_push_failed frame_id=mock-video-7468 error=HTTP Error 404: Not Found
vision_push_failed frame_id=mock-video-7469 error=HTTP Error 404: Not Found
vision_push_failed frame_id=mock-video-7470 error=HTTP Error 404: Not Found
vision_push_failed frame_id=mock-video-7471 error=HTTP Error 404: Not Found
vision_push_failed frame_id=mock-video-7472 error=HTTP Error 404: Not Found
vision_push_failed frame_id=mock-video-7473 error=HTTP Error 404: Not Found
vision_push_failed frame_id=mock-video-7474 error=HTTP Error 404: Not Found
vision_push_failed frame_id=mock-video-7475 error=HTTP Error 404: Not Found
vision_push_failed frame_id=mock-video-7476 error=HTTP Error 404: Not Found
vision_push_failed frame_id=mock-video-7477 error=HTTP Error 404: Not Found
vision_push_failed frame_id=mock-video-7478 error=HTTP Error 404: Not Found
vision_push_failed frame_id=mock-video-7479 error=HTTP Error 404: Not Found
vision_push_failed frame_id=mock-video-7480 error=HTTP Error 404: Not Found
vision_push_failed frame_id=mock-video-7481 error=<urlopen error timed out>
vision_push_failed frame_id=mock-video-7482 error=HTTP Error 404: Not Found
vision_push_failed frame_id=mock-video-7483 error=HTTP Error 404: Not Found
vision_push_failed frame_id=mock-video-7484 error=HTTP Error 404: Not Found
vision_push_failed frame_id=mock-video-7485 error=HTTP Error 404: Not Found
vision_push_failed frame_id=mock-video-7486 error=HTTP Error 404: Not Found
vision_push_failed frame_id=mock-video-7487 error=HTTP Error 404: Not Found
vision_push_failed frame_id=mock-video-7488 error=HTTP Error 404: Not Found
vision_push_failed frame_id=mock-video-7489 error=HTTP Error 404: Not Found
vision_push_failed frame_id=mock-video-7490 error=HTTP Error 404: Not Found
vision_push_failed frame_id=mock-video-7491 error=HTTP Error 404: Not Found
vision_push_failed frame_id=mock-video-7492 error=HTTP Error 404: Not Found
vision_push_failed frame_id=mock-video-7493 error=HTTP Error 404: Not Found
vision_push_failed frame_id=mock-video-7494 error=HTTP Error 404: Not Found
vision_push_failed frame_id=mock-video-7495 error=HTTP Error 404: Not Found
vision_push_failed frame_id=mock-video-7496 error=HTTP Error 404: Not Found
vision_push_failed frame_id=mock-video-7497 error=HTTP Error 404: Not Found
vision_push_failed frame_id=mock-video-7498 error=HTTP Error 404: Not Found
vision_push_failed frame_id=mock-video-7499 error=HTTP Error 404: Not Found
vision_push_failed frame_id=mock-video-7500 error=HTTP Error 404: Not Found
vision_push_failed frame_id=mock-video-7501 error=HTTP Error 404: Not Found
vision_push_failed frame_id=mock-video-7502 error=HTTP Error 404: Not Found
vision_push_failed frame_id=mock-video-7503 error=HTTP Error 404: Not Found
vision_push_failed frame_id=mock-video-7504 error=HTTP Error 404: Not Found
vision_push_failed frame_id=mock-video-7505 error=HTTP Error 404: Not Found
vision_push_failed frame_id=mock-video-7506 error=HTTP Error 404: Not Found
vision_push_failed frame_id=mock-video-7507 error=HTTP Error 404: Not Found
vision_push_failed frame_id=mock-video-7508 error=HTTP Error 404: Not Found
vision_push_failed frame_id=mock-video-7509 error=HTTP Error 404: Not Found
vision_push_failed frame_id=mock-video-7510 error=HTTP Error 404: Not Found
vision_push_failed frame_id=mock-video-7511 error=HTTP Error 404: Not Found
vision_push_failed frame_id=mock-video-7512 error=HTTP Error 404: Not Found
vision_push_failed frame_id=mock-video-7513 error=HTTP Error 404: Not Found
vision_push_failed frame_id=mock-video-7514 error=HTTP Error 404: Not Found
vision_push_failed frame_id=mock-video-7515 error=HTTP Error 404: Not Found
vision_push_failed frame_id=mock-video-7516 error=HTTP Error 404: Not Found
vision_push_failed frame_id=mock-video-7517 error=HTTP Error 404: Not Found
vision_push_failed frame_id=mock-video-7518 error=HTTP Error 404: Not Found
vision_push_failed frame_id=mock-video-7519 error=HTTP Error 404: Not Found
vision_push_failed frame_id=mock-video-7520 error=HTTP Error 404: Not Found
vision_push_failed frame_id=mock-video-7521 error=HTTP Error 404: Not Found
vision_push_failed frame_id=mock-video-7522 error=HTTP Error 404: Not Found
vision_push_failed frame_id=mock-video-7523 error=HTTP Error 404: Not Found
vision_push_failed frame_id=mock-video-7524 error=<urlopen error timed out>
vision_push_failed frame_id=mock-video-7525 error=HTTP Error 404: Not Found
vision_push_failed frame_id=mock-video-7526 error=HTTP Error 404: Not Found
vision_push_failed frame_id=mock-video-7527 error=HTTP Error 404: Not Found
vision_push_failed frame_id=mock-video-7528 error=HTTP Error 404: Not Found
vision_push_failed frame_id=mock-video-7529 error=HTTP Error 404: Not Found
vision_push_failed frame_id=mock-video-7530 error=HTTP Error 404: Not Found
vision_push_failed frame_id=mock-video-7531 error=HTTP Error 404: Not Found
vision_push_failed frame_id=mock-video-7532 error=HTTP Error 404: Not Found
vision_push_failed frame_id=mock-video-7533 error=HTTP Error 404: Not Found
vision_push_failed frame_id=mock-video-7534 error=HTTP Error 404: Not Found
vision_push_failed frame_id=mock-video-7535 error=HTTP Error 404: Not Found
vision_push_failed frame_id=mock-video-7536 error=HTTP Error 404: Not Found
vision_push_failed frame_id=mock-video-7537 error=HTTP Error 404: Not Found
vision_push_failed frame_id=mock-video-7538 error=HTTP Error 404: Not Found
vision_push_failed frame_id=mock-video-7539 error=HTTP Error 404: Not Found
vision_push_failed frame_id=mock-video-7540 error=HTTP Error 404: Not Found
vision_push_failed frame_id=mock-video-7541 error=HTTP Error 404: Not Found
vision_push_failed frame_id=mock-video-7542 error=HTTP Error 404: Not Found
vision_push_failed frame_id=mock-video-7543 error=HTTP Error 404: Not Found
vision_push_failed frame_id=mock-video-7544 error=HTTP Error 404: Not Found
vision_push_failed frame_id=mock-video-7545 error=HTTP Error 404: Not Found
vision_push_failed frame_id=mock-video-7546 error=HTTP Error 404: Not Found
vision_push_failed frame_id=mock-video-7547 error=HTTP Error 404: Not Found
vision_push_failed frame_id=mock-video-7548 error=HTTP Error 404: Not Found
vision_push_failed frame_id=mock-video-7549 error=HTTP Error 404: Not Found
vision_push_failed frame_id=mock-video-7550 error=HTTP Error 404: Not Found
vision_push_failed frame_id=mock-video-7551 error=HTTP Error 404: Not Found
vision_push_failed frame_id=mock-video-7552 error=HTTP Error 404: Not Found
vision_push_failed frame_id=mock-video-7553 error=HTTP Error 404: Not Found
vision_push_failed frame_id=mock-video-7554 error=HTTP Error 404: Not Found
vision_push_failed frame_id=mock-video-7555 error=HTTP Error 404: Not Found
vision_push_failed frame_id=mock-video-7556 error=HTTP Error 404: Not Found
vision_push_failed frame_id=mock-video-7557 error=HTTP Error 404: Not Found
vision_push_failed frame_id=mock-video-7558 error=HTTP Error 404: Not Found
vision_push_failed frame_id=mock-video-7559 error=HTTP Error 404: Not Found
vision_push_failed frame_id=mock-video-7560 error=HTTP Error 404: Not Found
vision_push_failed frame_id=mock-video-7561 error=HTTP Error 404: Not Found
vision_push_failed frame_id=mock-video-7562 error=HTTP Error 404: Not Found
vision_push_failed frame_id=mock-video-7563 error=HTTP Error 404: Not Found
vision_push_failed frame_id=mock-video-7564 error=HTTP Error 404: Not Found
vision_push_failed frame_id=mock-video-7565 error=HTTP Error 404: Not Found
vision_push_failed frame_id=mock-video-7566 error=HTTP Error 404: Not Found
vision_push_failed frame_id=mock-video-7567 error=HTTP Error 404: Not Found
vision_push_failed frame_id=mock-video-7568 error=HTTP Error 404: Not Found
vision_push_failed frame_id=mock-video-7569 error=HTTP Error 404: Not Found
vision_push_failed frame_id=mock-video-7570 error=HTTP Error 404: Not Found
vision_push_failed frame_id=mock-video-7571 error=HTTP Error 404: Not Found
vision_push_failed frame_id=mock-video-7572 error=HTTP Error 404: Not Found
vision_push_failed frame_id=mock-video-7573 error=HTTP Error 404: Not Found
vision_push_failed frame_id=mock-video-7574 error=HTTP Error 404: Not Found
vision_push_failed frame_id=mock-video-7575 error=HTTP Error 404: Not Found
vision_push_failed frame_id=mock-video-7576 error=HTTP Error 404: Not Found
vision_push_failed frame_id=mock-video-7577 error=HTTP Error 404: Not Found
vision_push_failed frame_id=mock-video-7578 error=HTTP Error 404: Not Found
vision_push_failed frame_id=mock-video-7579 error=HTTP Error 404: Not Found
vision_push_failed frame_id=mock-video-7580 error=HTTP Error 404: Not Found
vision_push_failed frame_id=mock-video-7581 error=HTTP Error 404: Not Found
vision_push_failed frame_id=mock-video-7582 error=HTTP Error 404: Not Found
vision_push_failed frame_id=mock-video-7583 error=HTTP Error 404: Not Found
vision_push_failed frame_id=mock-video-7584 error=HTTP Error 404: Not Found
vision_push_failed frame_id=mock-video-7585 error=HTTP Error 404: Not Found
vision_push_failed frame_id=mock-video-7586 error=HTTP Error 404: Not Found
vision_push_failed frame_id=mock-video-7587 error=HTTP Error 404: Not Found
vision_push_failed frame_id=mock-video-7588 error=HTTP Error 404: Not Found
vision_push_failed frame_id=mock-video-7589 error=HTTP Error 404: Not Found
vision_push_failed frame_id=mock-video-7590 error=HTTP Error 404: Not Found
vision_push_failed frame_id=mock-video-7591 error=HTTP Error 404: Not Found
vision_push_failed frame_id=mock-video-7592 error=HTTP Error 404: Not Found
vision_push_failed frame_id=mock-video-7593 error=HTTP Error 404: Not Found
vision_push_failed frame_id=mock-video-7594 error=HTTP Error 404: Not Found
vision_push_failed frame_id=mock-video-7595 error=HTTP Error 404: Not Found
vision_push_failed frame_id=mock-video-7596 error=HTTP Error 404: Not Found
vision_push_failed frame_id=mock-video-7597 error=HTTP Error 404: Not Found
vision_push_failed frame_id=mock-video-7598 error=HTTP Error 404: Not Found
vision_push_failed frame_id=mock-video-7599 error=HTTP Error 404: Not Found
vision_push_failed frame_id=mock-video-7600 error=HTTP Error 404: Not Found
vision_push_failed frame_id=mock-video-7601 error=HTTP Error 404: Not Found
vision_push_failed frame_id=mock-video-7602 error=HTTP Error 404: Not Found
vision_push_failed frame_id=mock-video-7603 error=HTTP Error 404: Not Found
vision_push_failed frame_id=mock-video-7604 error=HTTP Error 404: Not Found
vision_push_failed frame_id=mock-video-7605 error=HTTP Error 404: Not Found
vision_push_failed frame_id=mock-video-7606 error=HTTP Error 404: Not Found
vision_push_failed frame_id=mock-video-7607 error=HTTP Error 404: Not Found
vision_push_failed frame_id=mock-video-7608 error=HTTP Error 404: Not Found
vision_push_failed frame_id=mock-video-7609 error=HTTP Error 404: Not Found
vision_push_failed frame_id=mock-video-7610 error=HTTP Error 404: Not Found
vision_push_failed frame_id=mock-video-7611 error=HTTP Error 404: Not Found
vision_push_failed frame_id=mock-video-7612 error=HTTP Error 404: Not Found
vision_push_failed frame_id=mock-video-7613 error=HTTP Error 404: Not Found
vision_push_failed frame_id=mock-video-7614 error=HTTP Error 404: Not Found
vision_push_failed frame_id=mock-video-7615 error=HTTP Error 404: Not Found
vision_push_failed frame_id=mock-video-7616 error=HTTP Error 404: Not Found
vision_push_failed frame_id=mock-video-7617 error=HTTP Error 404: Not Found
vision_push_failed frame_id=mock-video-7618 error=HTTP Error 404: Not Found
vision_push_failed frame_id=mock-video-7619 error=HTTP Error 404: Not Found
vision_push_failed frame_id=mock-video-7620 error=HTTP Error 404: Not Found
vision_push_failed frame_id=mock-video-7621 error=HTTP Error 404: Not Found
vision_push_failed frame_id=mock-video-7622 error=HTTP Error 404: Not Found
vision_push_failed frame_id=mock-video-7623 error=HTTP Error 404: Not Found
vision_push_failed frame_id=mock-video-7624 error=HTTP Error 404: Not Found
vision_push_failed frame_id=mock-video-7625 error=HTTP Error 404: Not Found
vision_push_failed frame_id=mock-video-7626 error=HTTP Error 404: Not Found
vision_push_failed frame_id=mock-video-7627 error=HTTP Error 404: Not Found
vision_push_failed frame_id=mock-video-7628 error=HTTP Error 404: Not Found
vision_push_failed frame_id=mock-video-7629 error=HTTP Error 404: Not Found
vision_push_failed frame_id=mock-video-7630 error=HTTP Error 404: Not Found
vision_push_failed frame_id=mock-video-7631 error=HTTP Error 404: Not Found
vision_push_failed frame_id=mock-video-7632 error=HTTP Error 404: Not Found
vision_push_failed frame_id=mock-video-7633 error=HTTP Error 404: Not Found
vision_push_failed frame_id=mock-video-7634 error=HTTP Error 404: Not Found
vision_push_failed frame_id=mock-video-7635 error=HTTP Error 404: Not Found
vision_push_failed frame_id=mock-video-7636 error=HTTP Error 404: Not Found
vision_push_failed frame_id=mock-video-7637 error=HTTP Error 404: Not Found
vision_push_failed frame_id=mock-video-7638 error=HTTP Error 404: Not Found
vision_push_failed frame_id=mock-video-7639 error=HTTP Error 404: Not Found
vision_push_failed frame_id=mock-video-7640 error=HTTP Error 404: Not Found
vision_push_failed frame_id=mock-video-7641 error=HTTP Error 404: Not Found
vision_push_failed frame_id=mock-video-7642 error=HTTP Error 404: Not Found
vision_push_failed frame_id=mock-video-7643 error=HTTP Error 404: Not Found
vision_push_failed frame_id=mock-video-7644 error=HTTP Error 404: Not Found
vision_push_failed frame_id=mock-video-7645 error=HTTP Error 404: Not Found
vision_push_failed frame_id=mock-video-7646 error=<urlopen error timed out>
vision_push_failed frame_id=mock-video-7647 error=HTTP Error 404: Not Found
vision_push_failed frame_id=mock-video-7648 error=HTTP Error 404: Not Found
vision_push_failed frame_id=mock-video-7649 error=HTTP Error 404: Not Found
vision_push_failed frame_id=mock-video-7650 error=HTTP Error 404: Not Found
vision_push_failed frame_id=mock-video-7651 error=HTTP Error 404: Not Found
vision_push_failed frame_id=mock-video-7652 error=HTTP Error 404: Not Found
vision_push_failed frame_id=mock-video-7653 error=HTTP Error 404: Not Found
vision_push_failed frame_id=mock-video-7654 error=HTTP Error 404: Not Found
vision_push_failed frame_id=mock-video-7655 error=HTTP Error 404: Not Found
vision_push_failed frame_id=mock-video-7656 error=HTTP Error 404: Not Found
vision_push_failed frame_id=mock-video-7657 error=HTTP Error 404: Not Found
vision_push_failed frame_id=mock-video-7658 error=HTTP Error 404: Not Found
vision_push_failed frame_id=mock-video-7659 error=HTTP Error 404: Not Found
vision_push_failed frame_id=mock-video-7660 error=HTTP Error 404: Not Found
vision_push_failed frame_id=mock-video-7661 error=HTTP Error 404: Not Found
vision_push_failed frame_id=mock-video-7662 error=HTTP Error 404: Not Found
vision_push_failed frame_id=mock-video-7663 error=HTTP Error 404: Not Found
vision_push_failed frame_id=mock-video-7664 error=HTTP Error 404: Not Found
vision_push_failed frame_id=mock-video-7665 error=HTTP Error 404: Not Found
vision_push_failed frame_id=mock-video-7666 error=HTTP Error 404: Not Found
vision_push_failed frame_id=mock-video-7667 error=HTTP Error 404: Not Found
vision_push_failed frame_id=mock-video-7668 error=HTTP Error 404: Not Found
vision_push_failed frame_id=mock-video-7669 error=HTTP Error 404: Not Found
vision_push_failed frame_id=mock-video-7670 error=HTTP Error 404: Not Found
vision_push_failed frame_id=mock-video-7671 error=HTTP Error 404: Not Found
vision_push_failed frame_id=mock-video-7672 error=HTTP Error 404: Not Found
vision_push_failed frame_id=mock-video-7673 error=HTTP Error 404: Not Found
vision_push_failed frame_id=mock-video-7674 error=HTTP Error 404: Not Found
vision_push_failed frame_id=mock-video-7675 error=HTTP Error 404: Not Found
vision_push_failed frame_id=mock-video-7676 error=HTTP Error 404: Not Found
vision_push_failed frame_id=mock-video-7677 error=HTTP Error 404: Not Found
vision_push_failed frame_id=mock-video-7678 error=HTTP Error 404: Not Found
vision_push_failed frame_id=mock-video-7679 error=HTTP Error 404: Not Found
vision_push_failed frame_id=mock-video-7680 error=HTTP Error 404: Not Found
vision_push_failed frame_id=mock-video-7681 error=HTTP Error 404: Not Found
vision_push_failed frame_id=mock-video-7682 error=HTTP Error 404: Not Found
vision_push_failed frame_id=mock-video-7683 error=HTTP Error 404: Not Found
vision_push_failed frame_id=mock-video-7684 error=HTTP Error 404: Not Found
vision_push_failed frame_id=mock-video-7685 error=HTTP Error 404: Not Found
vision_push_failed frame_id=mock-video-7686 error=HTTP Error 404: Not Found
vision_push_failed frame_id=mock-video-7687 error=HTTP Error 404: Not Found
vision_push_failed frame_id=mock-video-7688 error=HTTP Error 404: Not Found
vision_push_failed frame_id=mock-video-7689 error=HTTP Error 404: Not Found
vision_push_failed frame_id=mock-video-7690 error=HTTP Error 404: Not Found
vision_push_failed frame_id=mock-video-7691 error=HTTP Error 404: Not Found
vision_push_failed frame_id=mock-video-7692 error=HTTP Error 404: Not Found
vision_push_failed frame_id=mock-video-7693 error=HTTP Error 404: Not Found
vision_push_failed frame_id=mock-video-7694 error=HTTP Error 404: Not Found
vision_push_failed frame_id=mock-video-7695 error=HTTP Error 404: Not Found
vision_push_failed frame_id=mock-video-7696 error=HTTP Error 404: Not Found
vision_push_failed frame_id=mock-video-7697 error=HTTP Error 404: Not Found
vision_push_failed frame_id=mock-video-7698 error=HTTP Error 404: Not Found
vision_push_failed frame_id=mock-video-7699 error=HTTP Error 404: Not Found
vision_push_failed frame_id=mock-video-7700 error=HTTP Error 404: Not Found
vision_push_failed frame_id=mock-video-7701 error=HTTP Error 404: Not Found
vision_push_failed frame_id=mock-video-7702 error=HTTP Error 404: Not Found
vision_push_failed frame_id=mock-video-7703 error=HTTP Error 404: Not Found
vision_push_failed frame_id=mock-video-7704 error=HTTP Error 404: Not Found
vision_push_failed frame_id=mock-video-7705 error=HTTP Error 404: Not Found
vision_push_failed frame_id=mock-video-7706 error=HTTP Error 404: Not Found
vision_push_failed frame_id=mock-video-7707 error=HTTP Error 404: Not Found
vision_push_failed frame_id=mock-video-7708 error=HTTP Error 404: Not Found
vision_push_failed frame_id=mock-video-7709 error=HTTP Error 404: Not Found
vision_push_failed frame_id=mock-video-7710 error=HTTP Error 404: Not Found
vision_push_failed frame_id=mock-video-7711 error=HTTP Error 404: Not Found
vision_push_failed frame_id=mock-video-7712 error=HTTP Error 404: Not Found
vision_push_failed frame_id=mock-video-7713 error=HTTP Error 404: Not Found
vision_push_failed frame_id=mock-video-7714 error=HTTP Error 404: Not Found
vision_push_failed frame_id=mock-video-7715 error=HTTP Error 404: Not Found
vision_push_failed frame_id=mock-video-7716 error=HTTP Error 404: Not Found
vision_push_failed frame_id=mock-video-7717 error=HTTP Error 404: Not Found
vision_push_failed frame_id=mock-video-7718 error=HTTP Error 404: Not Found
vision_push_failed frame_id=mock-video-7719 error=HTTP Error 404: Not Found
vision_push_failed frame_id=mock-video-7720 error=HTTP Error 404: Not Found
vision_push_failed frame_id=mock-video-7721 error=HTTP Error 404: Not Found
vision_push_failed frame_id=mock-video-7722 error=HTTP Error 404: Not Found
vision_push_failed frame_id=mock-video-7723 error=HTTP Error 404: Not Found
vision_push_failed frame_id=mock-video-7724 error=HTTP Error 404: Not Found
vision_push_failed frame_id=mock-video-7725 error=HTTP Error 404: Not Found
vision_push_failed frame_id=mock-video-7726 error=HTTP Error 404: Not Found
vision_push_failed frame_id=mock-video-7727 error=HTTP Error 404: Not Found
vision_push_failed frame_id=mock-video-7728 error=HTTP Error 404: Not Found
vision_push_failed frame_id=mock-video-7729 error=HTTP Error 404: Not Found
vision_push_failed frame_id=mock-video-7730 error=HTTP Error 404: Not Found
vision_push_failed frame_id=mock-video-7731 error=HTTP Error 404: Not Found
vision_push_failed frame_id=mock-video-7732 error=HTTP Error 404: Not Found
vision_push_failed frame_id=mock-video-7733 error=HTTP Error 404: Not Found
vision_push_failed frame_id=mock-video-7734 error=HTTP Error 404: Not Found
vision_push_failed frame_id=mock-video-7735 error=HTTP Error 404: Not Found
vision_push_failed frame_id=mock-video-7736 error=HTTP Error 404: Not Found
vision_push_failed frame_id=mock-video-7737 error=HTTP Error 404: Not Found
vision_push_failed frame_id=mock-video-7738 error=HTTP Error 404: Not Found
vision_push_failed frame_id=mock-video-7739 error=HTTP Error 404: Not Found
vision_push_failed frame_id=mock-video-7740 error=HTTP Error 404: Not Found
vision_push_failed frame_id=mock-video-7741 error=HTTP Error 404: Not Found
vision_push_failed frame_id=mock-video-7742 error=HTTP Error 404: Not Found
vision_push_failed frame_id=mock-video-7743 error=HTTP Error 404: Not Found
vision_push_failed frame_id=mock-video-7744 error=HTTP Error 404: Not Found
vision_push_failed frame_id=mock-video-7745 error=HTTP Error 404: Not Found
vision_push_failed frame_id=mock-video-7746 error=HTTP Error 404: Not Found
vision_push_failed frame_id=mock-video-7747 error=HTTP Error 404: Not Found
vision_push_failed frame_id=mock-video-7748 error=HTTP Error 404: Not Found
vision_push_failed frame_id=mock-video-7749 error=HTTP Error 404: Not Found
vision_push_failed frame_id=mock-video-7750 error=HTTP Error 404: Not Found
vision_push_failed frame_id=mock-video-7751 error=HTTP Error 404: Not Found
vision_push_failed frame_id=mock-video-7752 error=HTTP Error 404: Not Found
vision_push_failed frame_id=mock-video-7753 error=HTTP Error 404: Not Found
vision_push_failed frame_id=mock-video-7754 error=HTTP Error 404: Not Found
vision_push_failed frame_id=mock-video-7755 error=HTTP Error 404: Not Found
vision_push_failed frame_id=mock-video-7756 error=HTTP Error 404: Not Found
vision_push_failed frame_id=mock-video-7757 error=HTTP Error 404: Not Found
vision_push_failed frame_id=mock-video-7758 error=HTTP Error 404: Not Found
vision_push_failed frame_id=mock-video-7759 error=HTTP Error 404: Not Found
vision_push_failed frame_id=mock-video-7760 error=HTTP Error 404: Not Found
vision_push_failed frame_id=mock-video-7761 error=HTTP Error 404: Not Found
vision_push_failed frame_id=mock-video-7762 error=HTTP Error 404: Not Found
vision_push_failed frame_id=mock-video-7763 error=HTTP Error 404: Not Found
vision_push_failed frame_id=mock-video-7764 error=HTTP Error 404: Not Found
vision_push_failed frame_id=mock-video-7765 error=HTTP Error 404: Not Found
vision_push_failed frame_id=mock-video-7766 error=HTTP Error 404: Not Found
vision_push_failed frame_id=mock-video-7767 error=HTTP Error 404: Not Found
vision_push_failed frame_id=mock-video-7768 error=HTTP Error 404: Not Found
vision_push_failed frame_id=mock-video-7769 error=HTTP Error 404: Not Found
vision_push_failed frame_id=mock-video-7770 error=HTTP Error 404: Not Found
vision_push_failed frame_id=mock-video-7771 error=HTTP Error 404: Not Found
vision_push_failed frame_id=mock-video-7772 error=HTTP Error 404: Not Found
vision_push_failed frame_id=mock-video-7773 error=HTTP Error 404: Not Found
vision_push_failed frame_id=mock-video-7774 error=HTTP Error 404: Not Found
vision_push_failed frame_id=mock-video-7775 error=HTTP Error 404: Not Found
vision_push_failed frame_id=mock-video-7776 error=HTTP Error 404: Not Found
vision_push_failed frame_id=mock-video-7777 error=HTTP Error 404: Not Found
vision_push_failed frame_id=mock-video-7778 error=HTTP Error 404: Not Found
vision_push_failed frame_id=mock-video-7779 error=HTTP Error 404: Not Found
vision_push_failed frame_id=mock-video-7780 error=HTTP Error 404: Not Found
vision_push_failed frame_id=mock-video-7781 error=HTTP Error 404: Not Found
vision_push_failed frame_id=mock-video-7782 error=HTTP Error 404: Not Found
vision_push_failed frame_id=mock-video-7783 error=HTTP Error 404: Not Found
vision_push_failed frame_id=mock-video-7784 error=HTTP Error 404: Not Found
vision_push_failed frame_id=mock-video-7785 error=HTTP Error 404: Not Found
vision_push_failed frame_id=mock-video-7786 error=HTTP Error 404: Not Found
vision_push_failed frame_id=mock-video-7787 error=HTTP Error 404: Not Found
vision_push_failed frame_id=mock-video-7788 error=HTTP Error 404: Not Found
vision_push_failed frame_id=mock-video-7789 error=HTTP Error 404: Not Found
vision_push_failed frame_id=mock-video-7790 error=HTTP Error 404: Not Found
vision_push_failed frame_id=mock-video-7791 error=HTTP Error 404: Not Found
vision_push_failed frame_id=mock-video-7792 error=HTTP Error 404: Not Found
vision_push_failed frame_id=mock-video-7793 error=HTTP Error 404: Not Found
vision_push_failed frame_id=mock-video-7794 error=HTTP Error 404: Not Found
vision_push_failed frame_id=mock-video-7795 error=HTTP Error 404: Not Found
vision_push_failed frame_id=mock-video-7796 error=HTTP Error 404: Not Found
vision_push_failed frame_id=mock-video-7797 error=HTTP Error 404: Not Found
vision_push_failed frame_id=mock-video-7798 error=HTTP Error 404: Not Found
vision_push_failed frame_id=mock-video-7799 error=HTTP Error 404: Not Found
vision_push_failed frame_id=mock-video-7800 error=HTTP Error 404: Not Found
vision_push_failed frame_id=mock-video-7801 error=HTTP Error 404: Not Found
vision_push_failed frame_id=mock-video-7802 error=HTTP Error 404: Not Found
vision_push_failed frame_id=mock-video-7803 error=HTTP Error 404: Not Found
vision_push_failed frame_id=mock-video-7804 error=HTTP Error 404: Not Found
vision_push_failed frame_id=mock-video-7805 error=HTTP Error 404: Not Found
vision_push_failed frame_id=mock-video-7806 error=HTTP Error 404: Not Found
vision_push_failed frame_id=mock-video-7807 error=HTTP Error 404: Not Found
vision_push_failed frame_id=mock-video-7808 error=HTTP Error 404: Not Found
vision_push_failed frame_id=mock-video-7809 error=HTTP Error 404: Not Found
vision_push_failed frame_id=mock-video-7810 error=HTTP Error 404: Not Found
vision_push_failed frame_id=mock-video-7811 error=HTTP Error 404: Not Found
vision_push_failed frame_id=mock-video-7812 error=HTTP Error 404: Not Found
vision_push_failed frame_id=mock-video-7813 error=HTTP Error 404: Not Found
vision_push_failed frame_id=mock-video-7814 error=HTTP Error 404: Not Found
vision_push_failed frame_id=mock-video-7815 error=HTTP Error 404: Not Found
vision_push_failed frame_id=mock-video-7816 error=HTTP Error 404: Not Found
vision_push_failed frame_id=mock-video-7817 error=HTTP Error 404: Not Found
vision_push_failed frame_id=mock-video-7818 error=HTTP Error 404: Not Found
vision_push_failed frame_id=mock-video-7819 error=HTTP Error 404: Not Found
vision_push_failed frame_id=mock-video-7820 error=HTTP Error 404: Not Found
vision_push_failed frame_id=mock-video-7821 error=HTTP Error 404: Not Found
vision_push_failed frame_id=mock-video-7822 error=HTTP Error 404: Not Found
vision_push_failed frame_id=mock-video-7823 error=HTTP Error 404: Not Found
vision_push_failed frame_id=mock-video-7824 error=HTTP Error 404: Not Found
vision_push_failed frame_id=mock-video-7825 error=HTTP Error 404: Not Found
vision_push_failed frame_id=mock-video-7826 error=HTTP Error 404: Not Found
vision_push_failed frame_id=mock-video-7827 error=HTTP Error 404: Not Found
vision_push_failed frame_id=mock-video-7828 error=HTTP Error 404: Not Found
vision_push_failed frame_id=mock-video-7829 error=HTTP Error 404: Not Found
vision_push_failed frame_id=mock-video-7830 error=HTTP Error 404: Not Found
vision_push_failed frame_id=mock-video-7831 error=HTTP Error 404: Not Found
vision_push_failed frame_id=mock-video-7832 error=HTTP Error 404: Not Found
vision_push_failed frame_id=mock-video-7833 error=HTTP Error 404: Not Found
vision_push_failed frame_id=mock-video-7834 error=HTTP Error 404: Not Found
vision_push_failed frame_id=mock-video-7835 error=HTTP Error 404: Not Found
vision_push_failed frame_id=mock-video-7836 error=HTTP Error 404: Not Found
vision_push_failed frame_id=mock-video-7837 error=HTTP Error 404: Not Found
vision_push_failed frame_id=mock-video-7838 error=HTTP Error 404: Not Found
vision_push_failed frame_id=mock-video-7839 error=HTTP Error 404: Not Found
vision_push_failed frame_id=mock-video-7840 error=HTTP Error 404: Not Found
vision_push_failed frame_id=mock-video-7841 error=HTTP Error 404: Not Found
vision_push_failed frame_id=mock-video-7842 error=HTTP Error 404: Not Found
vision_push_failed frame_id=mock-video-7843 error=HTTP Error 404: Not Found
vision_push_failed frame_id=mock-video-7844 error=HTTP Error 404: Not Found
vision_push_failed frame_id=mock-video-7845 error=HTTP Error 404: Not Found
vision_push_failed frame_id=mock-video-7846 error=HTTP Error 404: Not Found
vision_push_failed frame_id=mock-video-7847 error=HTTP Error 404: Not Found
vision_push_failed frame_id=mock-video-7848 error=HTTP Error 404: Not Found
vision_push_failed frame_id=mock-video-7849 error=HTTP Error 404: Not Found
vision_push_failed frame_id=mock-video-7850 error=HTTP Error 404: Not Found
vision_push_failed frame_id=mock-video-7851 error=HTTP Error 404: Not Found
vision_push_failed frame_id=mock-video-7852 error=HTTP Error 404: Not Found
vision_push_failed frame_id=mock-video-7853 error=<urlopen error _ssl.c:1011: The handshake operation timed out>
vision_push_failed frame_id=mock-video-7854 error=HTTP Error 404: Not Found
vision_push_failed frame_id=mock-video-7855 error=HTTP Error 404: Not Found
vision_push_failed frame_id=mock-video-7856 error=HTTP Error 404: Not Found
vision_push_failed frame_id=mock-video-7857 error=HTTP Error 404: Not Found
vision_push_failed frame_id=mock-video-7858 error=HTTP Error 404: Not Found
vision_push_failed frame_id=mock-video-7859 error=HTTP Error 404: Not Found
vision_push_failed frame_id=mock-video-7860 error=HTTP Error 404: Not Found
vision_push_failed frame_id=mock-video-7861 error=HTTP Error 404: Not Found
vision_push_failed frame_id=mock-video-7862 error=HTTP Error 404: Not Found
vision_push_failed frame_id=mock-video-7863 error=HTTP Error 404: Not Found
vision_push_failed frame_id=mock-video-7864 error=HTTP Error 404: Not Found
vision_push_failed frame_id=mock-video-7865 error=HTTP Error 404: Not Found
vision_push_failed frame_id=mock-video-7866 error=HTTP Error 404: Not Found
vision_push_failed frame_id=mock-video-7867 error=HTTP Error 404: Not Found
vision_push_failed frame_id=mock-video-7868 error=HTTP Error 404: Not Found
vision_push_failed frame_id=mock-video-7869 error=HTTP Error 404: Not Found
vision_push_failed frame_id=mock-video-7870 error=HTTP Error 404: Not Found
vision_push_failed frame_id=mock-video-7871 error=HTTP Error 404: Not Found
vision_push_failed frame_id=mock-video-7872 error=HTTP Error 404: Not Found
vision_push_failed frame_id=mock-video-7873 error=HTTP Error 404: Not Found
vision_push_failed frame_id=mock-video-7874 error=HTTP Error 404: Not Found
vision_push_failed frame_id=mock-video-7875 error=HTTP Error 404: Not Found
vision_push_failed frame_id=mock-video-7876 error=HTTP Error 404: Not Found
vision_push_failed frame_id=mock-video-7877 error=HTTP Error 404: Not Found
vision_push_failed frame_id=mock-video-7878 error=HTTP Error 404: Not Found
vision_push_failed frame_id=mock-video-7879 error=HTTP Error 404: Not Found
vision_push_failed frame_id=mock-video-7880 error=HTTP Error 404: Not Found
vision_push_failed frame_id=mock-video-7881 error=HTTP Error 404: Not Found
vision_push_failed frame_id=mock-video-7882 error=HTTP Error 404: Not Found
vision_push_failed frame_id=mock-video-7883 error=HTTP Error 404: Not Found
vision_push_failed frame_id=mock-video-7884 error=HTTP Error 404: Not Found
vision_push_failed frame_id=mock-video-7885 error=HTTP Error 404: Not Found
vision_push_failed frame_id=mock-video-7886 error=HTTP Error 404: Not Found
vision_push_failed frame_id=mock-video-7887 error=HTTP Error 404: Not Found
vision_push_failed frame_id=mock-video-7888 error=HTTP Error 404: Not Found
vision_push_failed frame_id=mock-video-7889 error=HTTP Error 404: Not Found
vision_push_failed frame_id=mock-video-7890 error=HTTP Error 404: Not Found
vision_push_failed frame_id=mock-video-7891 error=HTTP Error 404: Not Found
vision_push_failed frame_id=mock-video-7892 error=HTTP Error 404: Not Found
vision_push_failed frame_id=mock-video-7893 error=HTTP Error 404: Not Found
vision_push_failed frame_id=mock-video-7894 error=HTTP Error 404: Not Found
vision_push_failed frame_id=mock-video-7895 error=HTTP Error 404: Not Found
vision_push_failed frame_id=mock-video-7896 error=HTTP Error 404: Not Found
vision_push_failed frame_id=mock-video-7897 error=HTTP Error 404: Not Found
vision_push_failed frame_id=mock-video-7898 error=HTTP Error 404: Not Found
vision_push_failed frame_id=mock-video-7899 error=HTTP Error 404: Not Found
vision_push_failed frame_id=mock-video-7900 error=HTTP Error 404: Not Found
vision_push_failed frame_id=mock-video-7901 error=HTTP Error 404: Not Found
vision_push_failed frame_id=mock-video-7902 error=HTTP Error 404: Not Found
vision_push_failed frame_id=mock-video-7903 error=HTTP Error 404: Not Found
vision_push_failed frame_id=mock-video-7904 error=HTTP Error 404: Not Found
vision_push_failed frame_id=mock-video-7905 error=HTTP Error 404: Not Found
vision_push_failed frame_id=mock-video-7906 error=HTTP Error 404: Not Found
vision_push_failed frame_id=mock-video-7907 error=HTTP Error 404: Not Found
vision_push_failed frame_id=mock-video-7908 error=HTTP Error 404: Not Found
vision_push_failed frame_id=mock-video-7909 error=HTTP Error 404: Not Found
vision_push_failed frame_id=mock-video-7910 error=HTTP Error 404: Not Found
vision_push_failed frame_id=mock-video-7911 error=HTTP Error 404: Not Found
vision_push_failed frame_id=mock-video-7912 error=HTTP Error 404: Not Found
vision_push_failed frame_id=mock-video-7913 error=HTTP Error 404: Not Found
vision_push_failed frame_id=mock-video-7914 error=HTTP Error 404: Not Found
vision_push_failed frame_id=mock-video-7915 error=HTTP Error 404: Not Found
vision_push_failed frame_id=mock-video-7916 error=HTTP Error 404: Not Found
vision_push_failed frame_id=mock-video-7917 error=HTTP Error 404: Not Found
vision_push_failed frame_id=mock-video-7918 error=HTTP Error 404: Not Found
vision_push_failed frame_id=mock-video-7919 error=HTTP Error 404: Not Found
vision_push_failed frame_id=mock-video-7920 error=HTTP Error 404: Not Found
vision_push_failed frame_id=mock-video-7921 error=HTTP Error 404: Not Found
vision_push_failed frame_id=mock-video-7922 error=HTTP Error 404: Not Found
vision_push_failed frame_id=mock-video-7923 error=HTTP Error 404: Not Found
vision_push_failed frame_id=mock-video-7924 error=HTTP Error 404: Not Found
vision_push_failed frame_id=mock-video-7925 error=HTTP Error 404: Not Found
vision_push_failed frame_id=mock-video-7926 error=HTTP Error 404: Not Found
vision_push_failed frame_id=mock-video-7927 error=HTTP Error 404: Not Found
vision_push_failed frame_id=mock-video-7928 error=HTTP Error 404: Not Found
vision_push_failed frame_id=mock-video-7929 error=HTTP Error 404: Not Found
vision_push_failed frame_id=mock-video-7930 error=HTTP Error 404: Not Found
vision_push_failed frame_id=mock-video-7931 error=HTTP Error 404: Not Found
vision_push_failed frame_id=mock-video-7932 error=HTTP Error 404: Not Found
vision_push_failed frame_id=mock-video-7933 error=HTTP Error 404: Not Found
vision_push_failed frame_id=mock-video-7934 error=HTTP Error 404: Not Found
vision_push_failed frame_id=mock-video-7935 error=HTTP Error 404: Not Found
vision_push_failed frame_id=mock-video-7936 error=HTTP Error 404: Not Found
vision_push_failed frame_id=mock-video-7937 error=HTTP Error 404: Not Found
vision_push_failed frame_id=mock-video-7938 error=HTTP Error 404: Not Found
vision_push_failed frame_id=mock-video-7939 error=HTTP Error 404: Not Found
vision_push_failed frame_id=mock-video-7940 error=HTTP Error 404: Not Found
vision_push_failed frame_id=mock-video-7941 error=HTTP Error 404: Not Found
vision_push_failed frame_id=mock-video-7942 error=HTTP Error 404: Not Found
vision_push_failed frame_id=mock-video-7943 error=HTTP Error 404: Not Found
vision_push_failed frame_id=mock-video-7944 error=HTTP Error 404: Not Found
vision_push_failed frame_id=mock-video-7945 error=HTTP Error 404: Not Found
vision_push_failed frame_id=mock-video-7946 error=HTTP Error 404: Not Found
vision_push_failed frame_id=mock-video-7947 error=HTTP Error 404: Not Found
vision_push_failed frame_id=mock-video-7948 error=HTTP Error 404: Not Found
vision_push_failed frame_id=mock-video-7949 error=HTTP Error 404: Not Found
vision_push_failed frame_id=mock-video-7950 error=HTTP Error 404: Not Found
vision_push_failed frame_id=mock-video-7951 error=HTTP Error 404: Not Found
vision_push_failed frame_id=mock-video-7952 error=HTTP Error 404: Not Found
vision_push_failed frame_id=mock-video-7953 error=HTTP Error 404: Not Found
vision_push_failed frame_id=mock-video-7954 error=HTTP Error 404: Not Found
vision_push_failed frame_id=mock-video-7955 error=HTTP Error 404: Not Found
vision_push_failed frame_id=mock-video-7956 error=HTTP Error 404: Not Found
vision_push_failed frame_id=mock-video-7957 error=HTTP Error 404: Not Found
vision_push_failed frame_id=mock-video-7958 error=HTTP Error 404: Not Found
vision_push_failed frame_id=mock-video-7959 error=HTTP Error 404: Not Found
vision_push_failed frame_id=mock-video-7960 error=HTTP Error 404: Not Found
vision_push_failed frame_id=mock-video-7961 error=HTTP Error 404: Not Found
vision_push_failed frame_id=mock-video-7962 error=HTTP Error 404: Not Found
vision_push_failed frame_id=mock-video-7963 error=HTTP Error 404: Not Found
vision_push_failed frame_id=mock-video-7964 error=HTTP Error 404: Not Found
vision_push_failed frame_id=mock-video-7965 error=HTTP Error 404: Not Found
vision_push_failed frame_id=mock-video-7966 error=HTTP Error 404: Not Found
vision_push_failed frame_id=mock-video-7967 error=HTTP Error 404: Not Found
vision_push_failed frame_id=mock-video-7968 error=HTTP Error 404: Not Found
vision_push_failed frame_id=mock-video-7969 error=HTTP Error 404: Not Found
vision_push_failed frame_id=mock-video-7970 error=HTTP Error 404: Not Found
vision_push_failed frame_id=mock-video-7971 error=HTTP Error 404: Not Found
vision_push_failed frame_id=mock-video-7972 error=HTTP Error 404: Not Found
vision_push_failed frame_id=mock-video-7973 error=HTTP Error 404: Not Found
vision_push_failed frame_id=mock-video-7974 error=HTTP Error 404: Not Found
vision_push_failed frame_id=mock-video-7975 error=HTTP Error 404: Not Found
vision_push_failed frame_id=mock-video-7976 error=HTTP Error 404: Not Found
vision_push_failed frame_id=mock-video-7977 error=HTTP Error 404: Not Found
vision_push_failed frame_id=mock-video-7978 error=HTTP Error 404: Not Found
vision_push_failed frame_id=mock-video-7979 error=HTTP Error 404: Not Found
vision_push_failed frame_id=mock-video-7980 error=HTTP Error 404: Not Found
vision_push_failed frame_id=mock-video-7981 error=HTTP Error 404: Not Found
vision_push_failed frame_id=mock-video-7982 error=HTTP Error 404: Not Found
vision_push_failed frame_id=mock-video-7983 error=HTTP Error 404: Not Found
vision_push_failed frame_id=mock-video-7984 error=HTTP Error 404: Not Found
vision_push_failed frame_id=mock-video-7985 error=HTTP Error 404: Not Found
vision_push_failed frame_id=mock-video-7986 error=HTTP Error 404: Not Found
vision_push_failed frame_id=mock-video-7987 error=HTTP Error 404: Not Found
vision_push_failed frame_id=mock-video-7988 error=HTTP Error 404: Not Found
vision_push_failed frame_id=mock-video-7989 error=HTTP Error 404: Not Found
vision_push_failed frame_id=mock-video-7990 error=HTTP Error 404: Not Found
vision_push_failed frame_id=mock-video-7991 error=HTTP Error 404: Not Found
vision_push_failed frame_id=mock-video-7992 error=<urlopen error timed out>
vision_push_failed frame_id=mock-video-7993 error=HTTP Error 404: Not Found
vision_push_failed frame_id=mock-video-7994 error=HTTP Error 404: Not Found
vision_push_failed frame_id=mock-video-7995 error=HTTP Error 404: Not Found
vision_push_failed frame_id=mock-video-7996 error=HTTP Error 404: Not Found
vision_push_failed frame_id=mock-video-7997 error=HTTP Error 404: Not Found
vision_push_failed frame_id=mock-video-7998 error=HTTP Error 404: Not Found
vision_push_failed frame_id=mock-video-7999 error=HTTP Error 404: Not Found
vision_push_failed frame_id=mock-video-8000 error=HTTP Error 404: Not Found
vision_push_failed frame_id=mock-video-8001 error=HTTP Error 404: Not Found
vision_push_failed frame_id=mock-video-8002 error=HTTP Error 404: Not Found
vision_push_failed frame_id=mock-video-8003 error=HTTP Error 404: Not Found
vision_push_failed frame_id=mock-video-8004 error=HTTP Error 404: Not Found
vision_push_failed frame_id=mock-video-8005 error=HTTP Error 404: Not Found
vision_push_failed frame_id=mock-video-8006 error=HTTP Error 404: Not Found
vision_push_failed frame_id=mock-video-8007 error=HTTP Error 404: Not Found
vision_push_failed frame_id=mock-video-8008 error=HTTP Error 404: Not Found
vision_push_failed frame_id=mock-video-8009 error=HTTP Error 404: Not Found
vision_push_failed frame_id=mock-video-8010 error=HTTP Error 404: Not Found
vision_push_failed frame_id=mock-video-8011 error=HTTP Error 404: Not Found
vision_push_failed frame_id=mock-video-8012 error=HTTP Error 404: Not Found
vision_push_failed frame_id=mock-video-8013 error=HTTP Error 404: Not Found
vision_push_failed frame_id=mock-video-8014 error=HTTP Error 404: Not Found
vision_push_failed frame_id=mock-video-8015 error=HTTP Error 404: Not Found
vision_push_failed frame_id=mock-video-8016 error=HTTP Error 404: Not Found
vision_push_failed frame_id=mock-video-8017 error=HTTP Error 404: Not Found
vision_push_failed frame_id=mock-video-8018 error=HTTP Error 404: Not Found
vision_push_failed frame_id=mock-video-8019 error=HTTP Error 404: Not Found
vision_push_failed frame_id=mock-video-8020 error=HTTP Error 404: Not Found
vision_push_failed frame_id=mock-video-8021 error=HTTP Error 404: Not Found
vision_push_failed frame_id=mock-video-8022 error=HTTP Error 404: Not Found
vision_push_failed frame_id=mock-video-8023 error=HTTP Error 404: Not Found
vision_push_failed frame_id=mock-video-8024 error=HTTP Error 404: Not Found
vision_push_failed frame_id=mock-video-8025 error=HTTP Error 404: Not Found
vision_push_failed frame_id=mock-video-8026 error=HTTP Error 404: Not Found
vision_push_failed frame_id=mock-video-8027 error=HTTP Error 404: Not Found
vision_push_failed frame_id=mock-video-8028 error=HTTP Error 404: Not Found
vision_push_failed frame_id=mock-video-8029 error=HTTP Error 404: Not Found
vision_push_failed frame_id=mock-video-8030 error=HTTP Error 404: Not Found
vision_push_failed frame_id=mock-video-8031 error=HTTP Error 404: Not Found
vision_push_failed frame_id=mock-video-8032 error=HTTP Error 404: Not Found
vision_push_failed frame_id=mock-video-8033 error=HTTP Error 404: Not Found
vision_push_failed frame_id=mock-video-8034 error=HTTP Error 404: Not Found
vision_push_failed frame_id=mock-video-8035 error=HTTP Error 404: Not Found
vision_push_failed frame_id=mock-video-8036 error=HTTP Error 404: Not Found
vision_push_failed frame_id=mock-video-8037 error=HTTP Error 404: Not Found
vision_push_failed frame_id=mock-video-8038 error=HTTP Error 404: Not Found
vision_push_failed frame_id=mock-video-8039 error=HTTP Error 404: Not Found
vision_push_failed frame_id=mock-video-8040 error=HTTP Error 404: Not Found
vision_push_failed frame_id=mock-video-8041 error=HTTP Error 404: Not Found
vision_push_failed frame_id=mock-video-8042 error=HTTP Error 404: Not Found
vision_push_failed frame_id=mock-video-8043 error=HTTP Error 404: Not Found
vision_push_failed frame_id=mock-video-8044 error=HTTP Error 404: Not Found
vision_push_failed frame_id=mock-video-8045 error=HTTP Error 404: Not Found
vision_push_failed frame_id=mock-video-8046 error=HTTP Error 404: Not Found
vision_push_failed frame_id=mock-video-8047 error=HTTP Error 404: Not Found
vision_push_failed frame_id=mock-video-8048 error=HTTP Error 404: Not Found
vision_push_failed frame_id=mock-video-8049 error=HTTP Error 404: Not Found
vision_push_failed frame_id=mock-video-8050 error=HTTP Error 404: Not Found
vision_push_failed frame_id=mock-video-8051 error=HTTP Error 404: Not Found
vision_push_failed frame_id=mock-video-8052 error=HTTP Error 404: Not Found
vision_push_failed frame_id=mock-video-8053 error=HTTP Error 404: Not Found
vision_push_failed frame_id=mock-video-8054 error=HTTP Error 404: Not Found
vision_push_failed frame_id=mock-video-8055 error=HTTP Error 404: Not Found
vision_push_failed frame_id=mock-video-8056 error=HTTP Error 404: Not Found
vision_push_failed frame_id=mock-video-8057 error=HTTP Error 404: Not Found
vision_push_failed frame_id=mock-video-8058 error=HTTP Error 404: Not Found
vision_push_failed frame_id=mock-video-8059 error=HTTP Error 404: Not Found
vision_push_failed frame_id=mock-video-8060 error=HTTP Error 404: Not Found
vision_push_failed frame_id=mock-video-8061 error=HTTP Error 404: Not Found
vision_push_failed frame_id=mock-video-8062 error=HTTP Error 404: Not Found
vision_push_failed frame_id=mock-video-8063 error=HTTP Error 404: Not Found
vision_push_failed frame_id=mock-video-8064 error=HTTP Error 404: Not Found
vision_push_failed frame_id=mock-video-8065 error=HTTP Error 404: Not Found
vision_push_failed frame_id=mock-video-8066 error=HTTP Error 404: Not Found
vision_push_failed frame_id=mock-video-8067 error=HTTP Error 404: Not Found
vision_push_failed frame_id=mock-video-8068 error=HTTP Error 404: Not Found
vision_push_failed frame_id=mock-video-8069 error=HTTP Error 404: Not Found
vision_push_failed frame_id=mock-video-8070 error=HTTP Error 404: Not Found
vision_push_failed frame_id=mock-video-8071 error=HTTP Error 404: Not Found
vision_push_failed frame_id=mock-video-8072 error=HTTP Error 404: Not Found
vision_push_failed frame_id=mock-video-8073 error=HTTP Error 404: Not Found
vision_push_failed frame_id=mock-video-8074 error=HTTP Error 404: Not Found
vision_push_failed frame_id=mock-video-8075 error=HTTP Error 404: Not Found
vision_push_failed frame_id=mock-video-8076 error=HTTP Error 404: Not Found
vision_push_failed frame_id=mock-video-8077 error=HTTP Error 404: Not Found
vision_push_failed frame_id=mock-video-8078 error=HTTP Error 404: Not Found
vision_push_failed frame_id=mock-video-8079 error=HTTP Error 404: Not Found
vision_push_failed frame_id=mock-video-8080 error=HTTP Error 404: Not Found
vision_push_failed frame_id=mock-video-8081 error=HTTP Error 404: Not Found
vision_push_failed frame_id=mock-video-8082 error=HTTP Error 404: Not Found
vision_push_failed frame_id=mock-video-8083 error=HTTP Error 404: Not Found
vision_push_failed frame_id=mock-video-8084 error=HTTP Error 404: Not Found
vision_push_failed frame_id=mock-video-8085 error=HTTP Error 404: Not Found
vision_push_failed frame_id=mock-video-8086 error=HTTP Error 404: Not Found
vision_push_failed frame_id=mock-video-8087 error=HTTP Error 404: Not Found
vision_push_failed frame_id=mock-video-8088 error=HTTP Error 404: Not Found
vision_push_failed frame_id=mock-video-8089 error=HTTP Error 404: Not Found
vision_push_failed frame_id=mock-video-8090 error=HTTP Error 404: Not Found
vision_push_failed frame_id=mock-video-8091 error=HTTP Error 404: Not Found
vision_push_failed frame_id=mock-video-8092 error=HTTP Error 404: Not Found
vision_push_failed frame_id=mock-video-8093 error=HTTP Error 404: Not Found
vision_push_failed frame_id=mock-video-8094 error=HTTP Error 404: Not Found
vision_push_failed frame_id=mock-video-8095 error=HTTP Error 404: Not Found
vision_push_failed frame_id=mock-video-8096 error=HTTP Error 404: Not Found
vision_push_failed frame_id=mock-video-8097 error=HTTP Error 404: Not Found
vision_push_failed frame_id=mock-video-8098 error=HTTP Error 404: Not Found
vision_push_failed frame_id=mock-video-8099 error=HTTP Error 404: Not Found
vision_push_failed frame_id=mock-video-8100 error=HTTP Error 404: Not Found
vision_push_failed frame_id=mock-video-8101 error=HTTP Error 404: Not Found
vision_push_failed frame_id=mock-video-8102 error=HTTP Error 404: Not Found
vision_push_failed frame_id=mock-video-8103 error=HTTP Error 404: Not Found
vision_push_failed frame_id=mock-video-8104 error=HTTP Error 404: Not Found
vision_push_failed frame_id=mock-video-8105 error=HTTP Error 404: Not Found
vision_push_failed frame_id=mock-video-8106 error=HTTP Error 404: Not Found
vision_push_failed frame_id=mock-video-8107 error=HTTP Error 404: Not Found
vision_push_failed frame_id=mock-video-8108 error=HTTP Error 404: Not Found
vision_push_failed frame_id=mock-video-8109 error=HTTP Error 404: Not Found
vision_push_failed frame_id=mock-video-8110 error=HTTP Error 404: Not Found
vision_push_failed frame_id=mock-video-8111 error=HTTP Error 404: Not Found
vision_push_failed frame_id=mock-video-8112 error=HTTP Error 404: Not Found
vision_push_failed frame_id=mock-video-8113 error=HTTP Error 404: Not Found
vision_push_failed frame_id=mock-video-8114 error=HTTP Error 404: Not Found
vision_push_failed frame_id=mock-video-8115 error=HTTP Error 404: Not Found
vision_push_failed frame_id=mock-video-8116 error=HTTP Error 404: Not Found
vision_push_failed frame_id=mock-video-8117 error=HTTP Error 404: Not Found
vision_push_failed frame_id=mock-video-8118 error=HTTP Error 404: Not Found
vision_push_failed frame_id=mock-video-8119 error=HTTP Error 404: Not Found
vision_push_failed frame_id=mock-video-8120 error=HTTP Error 404: Not Found
vision_push_failed frame_id=mock-video-8121 error=HTTP Error 404: Not Found
vision_push_failed frame_id=mock-video-8122 error=HTTP Error 404: Not Found
vision_push_failed frame_id=mock-video-8123 error=HTTP Error 404: Not Found
vision_push_failed frame_id=mock-video-8124 error=HTTP Error 404: Not Found
vision_push_failed frame_id=mock-video-8125 error=HTTP Error 404: Not Found
vision_push_failed frame_id=mock-video-8126 error=HTTP Error 404: Not Found
vision_push_failed frame_id=mock-video-8127 error=HTTP Error 404: Not Found
vision_push_failed frame_id=mock-video-8128 error=HTTP Error 404: Not Found
vision_push_failed frame_id=mock-video-8129 error=HTTP Error 404: Not Found
vision_push_failed frame_id=mock-video-8130 error=HTTP Error 404: Not Found
vision_push_failed frame_id=mock-video-8131 error=HTTP Error 404: Not Found
vision_push_failed frame_id=mock-video-8132 error=HTTP Error 404: Not Found
vision_push_failed frame_id=mock-video-8133 error=HTTP Error 404: Not Found
vision_push_failed frame_id=mock-video-8134 error=HTTP Error 404: Not Found
vision_push_failed frame_id=mock-video-8135 error=HTTP Error 404: Not Found
vision_push_failed frame_id=mock-video-8136 error=HTTP Error 404: Not Found
vision_push_failed frame_id=mock-video-8137 error=HTTP Error 404: Not Found
vision_push_failed frame_id=mock-video-8138 error=HTTP Error 404: Not Found
vision_push_failed frame_id=mock-video-8139 error=HTTP Error 404: Not Found
vision_push_failed frame_id=mock-video-8140 error=HTTP Error 404: Not Found
vision_push_failed frame_id=mock-video-8141 error=HTTP Error 404: Not Found
vision_push_failed frame_id=mock-video-8142 error=HTTP Error 404: Not Found
vision_push_failed frame_id=mock-video-8143 error=HTTP Error 404: Not Found
vision_push_failed frame_id=mock-video-8144 error=HTTP Error 404: Not Found
vision_push_failed frame_id=mock-video-8145 error=HTTP Error 404: Not Found
vision_push_failed frame_id=mock-video-8146 error=HTTP Error 404: Not Found
vision_push_failed frame_id=mock-video-8147 error=HTTP Error 404: Not Found
vision_push_failed frame_id=mock-video-8148 error=HTTP Error 404: Not Found
vision_push_failed frame_id=mock-video-8149 error=HTTP Error 404: Not Found
vision_push_failed frame_id=mock-video-8150 error=HTTP Error 404: Not Found
vision_push_failed frame_id=mock-video-8151 error=HTTP Error 404: Not Found
vision_push_failed frame_id=mock-video-8152 error=HTTP Error 404: Not Found
vision_push_failed frame_id=mock-video-8153 error=HTTP Error 404: Not Found
vision_push_failed frame_id=mock-video-8154 error=HTTP Error 404: Not Found
vision_push_failed frame_id=mock-video-8155 error=HTTP Error 404: Not Found
vision_push_failed frame_id=mock-video-8156 error=HTTP Error 404: Not Found
vision_push_failed frame_id=mock-video-8157 error=HTTP Error 404: Not Found
vision_push_failed frame_id=mock-video-8158 error=HTTP Error 404: Not Found
vision_push_failed frame_id=mock-video-8159 error=HTTP Error 404: Not Found
vision_push_failed frame_id=mock-video-8160 error=HTTP Error 404: Not Found
vision_push_failed frame_id=mock-video-8161 error=HTTP Error 404: Not Found
vision_push_failed frame_id=mock-video-8162 error=HTTP Error 404: Not Found
vision_push_failed frame_id=mock-video-8163 error=HTTP Error 404: Not Found
vision_push_failed frame_id=mock-video-8164 error=HTTP Error 404: Not Found
vision_push_failed frame_id=mock-video-8165 error=HTTP Error 404: Not Found
vision_push_failed frame_id=mock-video-8166 error=HTTP Error 404: Not Found
vision_push_failed frame_id=mock-video-8167 error=HTTP Error 404: Not Found
vision_push_failed frame_id=mock-video-8168 error=HTTP Error 404: Not Found
vision_push_failed frame_id=mock-video-8169 error=HTTP Error 404: Not Found
vision_push_failed frame_id=mock-video-8170 error=HTTP Error 404: Not Found
vision_push_failed frame_id=mock-video-8171 error=HTTP Error 404: Not Found
vision_push_failed frame_id=mock-video-8172 error=HTTP Error 404: Not Found
vision_push_failed frame_id=mock-video-8173 error=HTTP Error 404: Not Found
vision_push_failed frame_id=mock-video-8174 error=HTTP Error 404: Not Found
vision_push_failed frame_id=mock-video-8175 error=HTTP Error 404: Not Found
vision_push_failed frame_id=mock-video-8176 error=HTTP Error 404: Not Found
vision_push_failed frame_id=mock-video-8177 error=HTTP Error 404: Not Found
vision_push_failed frame_id=mock-video-8178 error=HTTP Error 404: Not Found
vision_push_failed frame_id=mock-video-8179 error=HTTP Error 404: Not Found
vision_push_failed frame_id=mock-video-8180 error=HTTP Error 404: Not Found
vision_push_failed frame_id=mock-video-8181 error=HTTP Error 404: Not Found
vision_push_failed frame_id=mock-video-8182 error=HTTP Error 404: Not Found
vision_push_failed frame_id=mock-video-8183 error=HTTP Error 404: Not Found
vision_push_failed frame_id=mock-video-8184 error=HTTP Error 404: Not Found
vision_push_failed frame_id=mock-video-8185 error=HTTP Error 404: Not Found
vision_push_failed frame_id=mock-video-8186 error=HTTP Error 404: Not Found
vision_push_failed frame_id=mock-video-8187 error=HTTP Error 404: Not Found
vision_push_failed frame_id=mock-video-8188 error=HTTP Error 404: Not Found
vision_push_failed frame_id=mock-video-8189 error=HTTP Error 404: Not Found
vision_push_failed frame_id=mock-video-8190 error=HTTP Error 404: Not Found
vision_push_failed frame_id=mock-video-8191 error=HTTP Error 404: Not Found
vision_push_failed frame_id=mock-video-8192 error=HTTP Error 404: Not Found
vision_push_failed frame_id=mock-video-8193 error=HTTP Error 404: Not Found
vision_push_failed frame_id=mock-video-8194 error=HTTP Error 404: Not Found
vision_push_failed frame_id=mock-video-8195 error=HTTP Error 404: Not Found
vision_push_failed frame_id=mock-video-8196 error=HTTP Error 404: Not Found
vision_push_failed frame_id=mock-video-8197 error=HTTP Error 404: Not Found
vision_push_failed frame_id=mock-video-8198 error=HTTP Error 404: Not Found
vision_push_failed frame_id=mock-video-8199 error=HTTP Error 404: Not Found
vision_push_failed frame_id=mock-video-8200 error=HTTP Error 404: Not Found
vision_push_failed frame_id=mock-video-8201 error=HTTP Error 404: Not Found
vision_push_failed frame_id=mock-video-8202 error=HTTP Error 404: Not Found
vision_push_failed frame_id=mock-video-8203 error=HTTP Error 404: Not Found
vision_push_failed frame_id=mock-video-8204 error=HTTP Error 404: Not Found
vision_push_failed frame_id=mock-video-8205 error=HTTP Error 404: Not Found
vision_push_failed frame_id=mock-video-8206 error=HTTP Error 404: Not Found
vision_push_failed frame_id=mock-video-8207 error=HTTP Error 404: Not Found
vision_push_failed frame_id=mock-video-8208 error=HTTP Error 404: Not Found
vision_push_failed frame_id=mock-video-8209 error=HTTP Error 404: Not Found
vision_push_failed frame_id=mock-video-8210 error=HTTP Error 404: Not Found
vision_push_failed frame_id=mock-video-8211 error=HTTP Error 404: Not Found
vision_push_failed frame_id=mock-video-8212 error=HTTP Error 404: Not Found
vision_push_failed frame_id=mock-video-8213 error=HTTP Error 404: Not Found
vision_push_failed frame_id=mock-video-8214 error=HTTP Error 404: Not Found
vision_push_failed frame_id=mock-video-8215 error=HTTP Error 404: Not Found
vision_push_failed frame_id=mock-video-8216 error=HTTP Error 404: Not Found
vision_push_failed frame_id=mock-video-8217 error=HTTP Error 404: Not Found
vision_push_failed frame_id=mock-video-8218 error=HTTP Error 404: Not Found
vision_push_failed frame_id=mock-video-8219 error=HTTP Error 404: Not Found
vision_push_failed frame_id=mock-video-8220 error=HTTP Error 404: Not Found
vision_push_failed frame_id=mock-video-8221 error=HTTP Error 404: Not Found
vision_push_failed frame_id=mock-video-8222 error=HTTP Error 404: Not Found
vision_push_failed frame_id=mock-video-8223 error=HTTP Error 404: Not Found
vision_push_failed frame_id=mock-video-8224 error=HTTP Error 404: Not Found
vision_push_failed frame_id=mock-video-8225 error=HTTP Error 404: Not Found
vision_push_failed frame_id=mock-video-8226 error=HTTP Error 404: Not Found
vision_push_failed frame_id=mock-video-8227 error=HTTP Error 404: Not Found
vision_push_failed frame_id=mock-video-8228 error=HTTP Error 404: Not Found
vision_push_failed frame_id=mock-video-8229 error=HTTP Error 404: Not Found
vision_push_failed frame_id=mock-video-8230 error=HTTP Error 404: Not Found
vision_push_failed frame_id=mock-video-8231 error=HTTP Error 404: Not Found
vision_push_failed frame_id=mock-video-8232 error=HTTP Error 404: Not Found
vision_push_failed frame_id=mock-video-8233 error=HTTP Error 404: Not Found
vision_push_failed frame_id=mock-video-8234 error=HTTP Error 404: Not Found
vision_push_failed frame_id=mock-video-8235 error=HTTP Error 404: Not Found
vision_push_failed frame_id=mock-video-8236 error=HTTP Error 404: Not Found
vision_push_failed frame_id=mock-video-8237 error=HTTP Error 404: Not Found
vision_push_failed frame_id=mock-video-8238 error=HTTP Error 404: Not Found
vision_push_failed frame_id=mock-video-8239 error=HTTP Error 404: Not Found
vision_push_failed frame_id=mock-video-8240 error=HTTP Error 404: Not Found
vision_push_failed frame_id=mock-video-8241 error=HTTP Error 404: Not Found
vision_push_failed frame_id=mock-video-8242 error=HTTP Error 404: Not Found
vision_push_failed frame_id=mock-video-8243 error=HTTP Error 404: Not Found
vision_push_failed frame_id=mock-video-8244 error=HTTP Error 404: Not Found
vision_push_failed frame_id=mock-video-8245 error=HTTP Error 404: Not Found
vision_push_failed frame_id=mock-video-8246 error=HTTP Error 404: Not Found
vision_push_failed frame_id=mock-video-8247 error=HTTP Error 404: Not Found
vision_push_failed frame_id=mock-video-8248 error=HTTP Error 404: Not Found
vision_push_failed frame_id=mock-video-8249 error=HTTP Error 404: Not Found
vision_push_failed frame_id=mock-video-8250 error=HTTP Error 404: Not Found
vision_push_failed frame_id=mock-video-8251 error=HTTP Error 404: Not Found
vision_push_failed frame_id=mock-video-8252 error=HTTP Error 404: Not Found
vision_push_failed frame_id=mock-video-8253 error=HTTP Error 404: Not Found
vision_push_failed frame_id=mock-video-8254 error=HTTP Error 404: Not Found
vision_push_failed frame_id=mock-video-8255 error=HTTP Error 404: Not Found
vision_push_failed frame_id=mock-video-8256 error=HTTP Error 404: Not Found
vision_push_failed frame_id=mock-video-8257 error=HTTP Error 404: Not Found
vision_push_failed frame_id=mock-video-8258 error=HTTP Error 404: Not Found
vision_push_failed frame_id=mock-video-8259 error=HTTP Error 404: Not Found
vision_push_failed frame_id=mock-video-8260 error=HTTP Error 404: Not Found
vision_push_failed frame_id=mock-video-8261 error=HTTP Error 404: Not Found
vision_push_failed frame_id=mock-video-8262 error=HTTP Error 404: Not Found
vision_push_failed frame_id=mock-video-8263 error=HTTP Error 404: Not Found
vision_push_failed frame_id=mock-video-8264 error=HTTP Error 404: Not Found
vision_push_failed frame_id=mock-video-8265 error=HTTP Error 404: Not Found
vision_push_failed frame_id=mock-video-8266 error=HTTP Error 404: Not Found
vision_push_failed frame_id=mock-video-8267 error=HTTP Error 404: Not Found
vision_push_failed frame_id=mock-video-8268 error=HTTP Error 404: Not Found
vision_push_failed frame_id=mock-video-8269 error=HTTP Error 404: Not Found
vision_push_failed frame_id=mock-video-8270 error=HTTP Error 404: Not Found
vision_push_failed frame_id=mock-video-8271 error=HTTP Error 404: Not Found
vision_push_failed frame_id=mock-video-8272 error=HTTP Error 404: Not Found
vision_push_failed frame_id=mock-video-8273 error=HTTP Error 404: Not Found
vision_push_failed frame_id=mock-video-8274 error=HTTP Error 404: Not Found
vision_push_failed frame_id=mock-video-8275 error=HTTP Error 404: Not Found
vision_push_failed frame_id=mock-video-8276 error=HTTP Error 404: Not Found
vision_push_failed frame_id=mock-video-8277 error=HTTP Error 404: Not Found
vision_push_failed frame_id=mock-video-8278 error=HTTP Error 404: Not Found
vision_push_failed frame_id=mock-video-8279 error=HTTP Error 404: Not Found
vision_push_failed frame_id=mock-video-8280 error=HTTP Error 404: Not Found
vision_push_failed frame_id=mock-video-8281 error=HTTP Error 404: Not Found
vision_push_failed frame_id=mock-video-8282 error=HTTP Error 404: Not Found
vision_push_failed frame_id=mock-video-8283 error=HTTP Error 404: Not Found
vision_push_failed frame_id=mock-video-8284 error=HTTP Error 404: Not Found
vision_push_failed frame_id=mock-video-8285 error=HTTP Error 404: Not Found
vision_push_failed frame_id=mock-video-8286 error=HTTP Error 404: Not Found
vision_push_failed frame_id=mock-video-8287 error=HTTP Error 404: Not Found
vision_push_failed frame_id=mock-video-8288 error=HTTP Error 404: Not Found
vision_push_failed frame_id=mock-video-8289 error=HTTP Error 404: Not Found
vision_push_failed frame_id=mock-video-8290 error=HTTP Error 404: Not Found
vision_push_failed frame_id=mock-video-8291 error=HTTP Error 404: Not Found
vision_push_failed frame_id=mock-video-8292 error=HTTP Error 404: Not Found
vision_push_failed frame_id=mock-video-8293 error=HTTP Error 404: Not Found
vision_push_failed frame_id=mock-video-8294 error=HTTP Error 404: Not Found
vision_push_failed frame_id=mock-video-8295 error=HTTP Error 404: Not Found
vision_push_failed frame_id=mock-video-8296 error=HTTP Error 404: Not Found
vision_push_failed frame_id=mock-video-8297 error=HTTP Error 404: Not Found
vision_push_failed frame_id=mock-video-8298 error=HTTP Error 404: Not Found
vision_push_failed frame_id=mock-video-8299 error=HTTP Error 404: Not Found
vision_push_failed frame_id=mock-video-8300 error=HTTP Error 404: Not Found
vision_push_failed frame_id=mock-video-8301 error=HTTP Error 404: Not Found
vision_push_failed frame_id=mock-video-8302 error=HTTP Error 404: Not Found
vision_push_failed frame_id=mock-video-8303 error=HTTP Error 404: Not Found
vision_push_failed frame_id=mock-video-8304 error=HTTP Error 404: Not Found
vision_push_failed frame_id=mock-video-8305 error=HTTP Error 404: Not Found
vision_push_failed frame_id=mock-video-8306 error=HTTP Error 404: Not Found
vision_push_failed frame_id=mock-video-8307 error=HTTP Error 404: Not Found
vision_push_failed frame_id=mock-video-8308 error=HTTP Error 404: Not Found
vision_push_failed frame_id=mock-video-8309 error=HTTP Error 404: Not Found
vision_push_failed frame_id=mock-video-8310 error=HTTP Error 404: Not Found
vision_push_failed frame_id=mock-video-8311 error=HTTP Error 404: Not Found
vision_push_failed frame_id=mock-video-8312 error=HTTP Error 404: Not Found
vision_push_failed frame_id=mock-video-8313 error=HTTP Error 404: Not Found
vision_push_failed frame_id=mock-video-8314 error=HTTP Error 404: Not Found
vision_push_failed frame_id=mock-video-8315 error=HTTP Error 404: Not Found
vision_push_failed frame_id=mock-video-8316 error=HTTP Error 404: Not Found
vision_push_failed frame_id=mock-video-8317 error=HTTP Error 404: Not Found
vision_push_failed frame_id=mock-video-8318 error=HTTP Error 404: Not Found
vision_push_failed frame_id=mock-video-8319 error=HTTP Error 404: Not Found
vision_push_failed frame_id=mock-video-8320 error=HTTP Error 404: Not Found
vision_push_failed frame_id=mock-video-8321 error=HTTP Error 404: Not Found
vision_push_failed frame_id=mock-video-8322 error=HTTP Error 404: Not Found
vision_push_failed frame_id=mock-video-8323 error=HTTP Error 404: Not Found
vision_push_failed frame_id=mock-video-8324 error=HTTP Error 404: Not Found
vision_push_failed frame_id=mock-video-8325 error=HTTP Error 404: Not Found
vision_push_failed frame_id=mock-video-8326 error=HTTP Error 404: Not Found
vision_push_failed frame_id=mock-video-8327 error=HTTP Error 404: Not Found
vision_push_failed frame_id=mock-video-8328 error=HTTP Error 404: Not Found
vision_push_failed frame_id=mock-video-8329 error=HTTP Error 404: Not Found
vision_push_failed frame_id=mock-video-8330 error=HTTP Error 404: Not Found
vision_push_failed frame_id=mock-video-8331 error=HTTP Error 404: Not Found
vision_push_failed frame_id=mock-video-8332 error=HTTP Error 404: Not Found
vision_push_failed frame_id=mock-video-8333 error=HTTP Error 404: Not Found
vision_push_failed frame_id=mock-video-8334 error=HTTP Error 404: Not Found
vision_push_failed frame_id=mock-video-8335 error=HTTP Error 404: Not Found
vision_push_failed frame_id=mock-video-8336 error=HTTP Error 404: Not Found
vision_push_failed frame_id=mock-video-8337 error=HTTP Error 404: Not Found
vision_push_failed frame_id=mock-video-8338 error=HTTP Error 404: Not Found
vision_push_failed frame_id=mock-video-8339 error=HTTP Error 404: Not Found
vision_push_failed frame_id=mock-video-8340 error=HTTP Error 404: Not Found
vision_push_failed frame_id=mock-video-8341 error=HTTP Error 404: Not Found
vision_push_failed frame_id=mock-video-8342 error=HTTP Error 404: Not Found
vision_push_failed frame_id=mock-video-8343 error=HTTP Error 404: Not Found
vision_push_failed frame_id=mock-video-8344 error=HTTP Error 404: Not Found
vision_push_failed frame_id=mock-video-8345 error=HTTP Error 404: Not Found
vision_push_failed frame_id=mock-video-8346 error=<urlopen error timed out>
vision_push_failed frame_id=mock-video-8347 error=HTTP Error 404: Not Found
vision_push_failed frame_id=mock-video-8348 error=HTTP Error 404: Not Found
vision_push_failed frame_id=mock-video-8349 error=HTTP Error 404: Not Found
vision_push_failed frame_id=mock-video-8350 error=HTTP Error 404: Not Found
vision_push_failed frame_id=mock-video-8351 error=HTTP Error 404: Not Found
vision_push_failed frame_id=mock-video-8352 error=HTTP Error 404: Not Found
vision_push_failed frame_id=mock-video-8353 error=HTTP Error 404: Not Found
vision_push_failed frame_id=mock-video-8354 error=HTTP Error 404: Not Found
vision_push_failed frame_id=mock-video-8355 error=HTTP Error 404: Not Found
vision_push_failed frame_id=mock-video-8356 error=HTTP Error 404: Not Found
vision_push_failed frame_id=mock-video-8357 error=HTTP Error 404: Not Found
vision_push_failed frame_id=mock-video-8358 error=HTTP Error 404: Not Found
vision_push_failed frame_id=mock-video-8359 error=HTTP Error 404: Not Found
vision_push_failed frame_id=mock-video-8360 error=HTTP Error 404: Not Found
vision_push_failed frame_id=mock-video-8361 error=HTTP Error 404: Not Found
vision_push_failed frame_id=mock-video-8362 error=HTTP Error 404: Not Found
vision_push_failed frame_id=mock-video-8363 error=HTTP Error 404: Not Found
vision_push_failed frame_id=mock-video-8364 error=HTTP Error 404: Not Found
vision_push_failed frame_id=mock-video-8365 error=HTTP Error 404: Not Found
vision_push_failed frame_id=mock-video-8366 error=HTTP Error 404: Not Found
vision_push_failed frame_id=mock-video-8367 error=HTTP Error 404: Not Found
vision_push_failed frame_id=mock-video-8368 error=HTTP Error 404: Not Found
vision_push_failed frame_id=mock-video-8369 error=HTTP Error 404: Not Found
vision_push_failed frame_id=mock-video-8370 error=HTTP Error 404: Not Found
vision_push_failed frame_id=mock-video-8371 error=HTTP Error 404: Not Found
vision_push_failed frame_id=mock-video-8372 error=HTTP Error 404: Not Found
vision_push_failed frame_id=mock-video-8373 error=HTTP Error 404: Not Found
vision_push_failed frame_id=mock-video-8374 error=HTTP Error 404: Not Found
vision_push_failed frame_id=mock-video-8375 error=HTTP Error 404: Not Found
vision_push_failed frame_id=mock-video-8376 error=HTTP Error 404: Not Found
vision_push_failed frame_id=mock-video-8377 error=HTTP Error 404: Not Found
vision_push_failed frame_id=mock-video-8378 error=HTTP Error 404: Not Found
vision_push_failed frame_id=mock-video-8379 error=HTTP Error 404: Not Found
vision_push_failed frame_id=mock-video-8380 error=HTTP Error 404: Not Found
vision_push_failed frame_id=mock-video-8381 error=HTTP Error 404: Not Found
vision_push_failed frame_id=mock-video-8382 error=HTTP Error 404: Not Found
vision_push_failed frame_id=mock-video-8383 error=HTTP Error 404: Not Found
vision_push_failed frame_id=mock-video-8384 error=HTTP Error 404: Not Found
vision_push_failed frame_id=mock-video-8385 error=HTTP Error 404: Not Found
vision_push_failed frame_id=mock-video-8386 error=HTTP Error 404: Not Found
vision_push_failed frame_id=mock-video-8387 error=HTTP Error 404: Not Found
vision_push_failed frame_id=mock-video-8388 error=HTTP Error 404: Not Found
vision_push_failed frame_id=mock-video-8389 error=HTTP Error 404: Not Found
vision_push_failed frame_id=mock-video-8390 error=HTTP Error 404: Not Found
vision_push_failed frame_id=mock-video-8391 error=HTTP Error 404: Not Found
vision_push_failed frame_id=mock-video-8392 error=HTTP Error 404: Not Found
vision_push_failed frame_id=mock-video-8393 error=HTTP Error 404: Not Found
vision_push_failed frame_id=mock-video-8394 error=HTTP Error 404: Not Found
vision_push_failed frame_id=mock-video-8395 error=HTTP Error 404: Not Found
vision_push_failed frame_id=mock-video-8396 error=HTTP Error 404: Not Found
vision_push_failed frame_id=mock-video-8397 error=HTTP Error 404: Not Found
vision_push_failed frame_id=mock-video-8398 error=HTTP Error 404: Not Found
vision_push_failed frame_id=mock-video-8399 error=HTTP Error 404: Not Found
vision_push_failed frame_id=mock-video-8400 error=HTTP Error 404: Not Found
vision_push_failed frame_id=mock-video-8401 error=HTTP Error 404: Not Found
vision_push_failed frame_id=mock-video-8402 error=HTTP Error 404: Not Found
vision_push_failed frame_id=mock-video-8403 error=HTTP Error 404: Not Found
vision_push_failed frame_id=mock-video-8404 error=HTTP Error 404: Not Found
vision_push_failed frame_id=mock-video-8405 error=HTTP Error 404: Not Found
vision_push_failed frame_id=mock-video-8406 error=HTTP Error 404: Not Found
vision_push_failed frame_id=mock-video-8407 error=HTTP Error 404: Not Found
vision_push_failed frame_id=mock-video-8408 error=HTTP Error 404: Not Found
vision_push_failed frame_id=mock-video-8409 error=HTTP Error 404: Not Found
vision_push_failed frame_id=mock-video-8410 error=HTTP Error 404: Not Found
vision_push_failed frame_id=mock-video-8411 error=HTTP Error 404: Not Found
vision_push_failed frame_id=mock-video-8412 error=HTTP Error 404: Not Found
vision_push_failed frame_id=mock-video-8413 error=HTTP Error 404: Not Found
vision_push_failed frame_id=mock-video-8414 error=HTTP Error 404: Not Found
vision_push_failed frame_id=mock-video-8415 error=HTTP Error 404: Not Found
vision_push_failed frame_id=mock-video-8416 error=HTTP Error 404: Not Found
vision_push_failed frame_id=mock-video-8417 error=HTTP Error 404: Not Found
vision_push_failed frame_id=mock-video-8418 error=HTTP Error 404: Not Found
vision_push_failed frame_id=mock-video-8419 error=HTTP Error 404: Not Found
vision_push_failed frame_id=mock-video-8420 error=HTTP Error 404: Not Found
vision_push_failed frame_id=mock-video-8421 error=HTTP Error 404: Not Found
vision_push_failed frame_id=mock-video-8422 error=HTTP Error 404: Not Found
vision_push_failed frame_id=mock-video-8423 error=HTTP Error 404: Not Found
vision_push_failed frame_id=mock-video-8424 error=HTTP Error 404: Not Found
vision_push_failed frame_id=mock-video-8425 error=HTTP Error 404: Not Found
vision_push_failed frame_id=mock-video-8426 error=HTTP Error 404: Not Found
vision_push_failed frame_id=mock-video-8427 error=HTTP Error 404: Not Found
vision_push_failed frame_id=mock-video-8428 error=HTTP Error 404: Not Found
vision_push_failed frame_id=mock-video-8429 error=HTTP Error 404: Not Found
vision_push_failed frame_id=mock-video-8430 error=HTTP Error 404: Not Found
vision_push_failed frame_id=mock-video-8431 error=HTTP Error 404: Not Found
vision_push_failed frame_id=mock-video-8432 error=HTTP Error 404: Not Found
vision_push_failed frame_id=mock-video-8433 error=HTTP Error 404: Not Found
vision_push_failed frame_id=mock-video-8434 error=HTTP Error 404: Not Found
vision_push_failed frame_id=mock-video-8435 error=HTTP Error 404: Not Found
vision_push_failed frame_id=mock-video-8436 error=HTTP Error 404: Not Found
vision_push_failed frame_id=mock-video-8437 error=HTTP Error 404: Not Found
vision_push_failed frame_id=mock-video-8438 error=HTTP Error 404: Not Found
vision_push_failed frame_id=mock-video-8439 error=HTTP Error 404: Not Found
vision_push_failed frame_id=mock-video-8440 error=HTTP Error 404: Not Found
vision_push_failed frame_id=mock-video-8441 error=HTTP Error 404: Not Found
vision_push_failed frame_id=mock-video-8442 error=HTTP Error 404: Not Found
vision_push_failed frame_id=mock-video-8443 error=HTTP Error 404: Not Found
vision_push_failed frame_id=mock-video-8444 error=HTTP Error 404: Not Found
vision_push_failed frame_id=mock-video-8445 error=HTTP Error 404: Not Found
vision_push_failed frame_id=mock-video-8446 error=HTTP Error 404: Not Found
vision_push_failed frame_id=mock-video-8447 error=HTTP Error 404: Not Found
vision_push_failed frame_id=mock-video-8448 error=HTTP Error 404: Not Found
vision_push_failed frame_id=mock-video-8449 error=HTTP Error 404: Not Found
vision_push_failed frame_id=mock-video-8450 error=HTTP Error 404: Not Found
vision_push_failed frame_id=mock-video-8451 error=HTTP Error 404: Not Found
vision_push_failed frame_id=mock-video-8452 error=HTTP Error 404: Not Found
vision_push_failed frame_id=mock-video-8453 error=HTTP Error 404: Not Found
vision_push_failed frame_id=mock-video-8454 error=HTTP Error 404: Not Found
vision_push_failed frame_id=mock-video-8455 error=HTTP Error 404: Not Found
vision_push_failed frame_id=mock-video-8456 error=HTTP Error 404: Not Found
vision_push_failed frame_id=mock-video-8457 error=HTTP Error 404: Not Found
vision_push_failed frame_id=mock-video-8458 error=HTTP Error 404: Not Found
vision_push_failed frame_id=mock-video-8459 error=HTTP Error 404: Not Found
vision_push_failed frame_id=mock-video-8460 error=HTTP Error 404: Not Found
vision_push_failed frame_id=mock-video-8461 error=HTTP Error 404: Not Found
vision_push_failed frame_id=mock-video-8462 error=HTTP Error 404: Not Found
vision_push_failed frame_id=mock-video-8463 error=HTTP Error 404: Not Found
vision_push_failed frame_id=mock-video-8464 error=HTTP Error 404: Not Found
vision_push_failed frame_id=mock-video-8465 error=HTTP Error 404: Not Found
vision_push_failed frame_id=mock-video-8466 error=HTTP Error 404: Not Found
vision_push_failed frame_id=mock-video-8467 error=HTTP Error 404: Not Found
vision_push_failed frame_id=mock-video-8468 error=HTTP Error 404: Not Found
vision_push_failed frame_id=mock-video-8469 error=HTTP Error 404: Not Found
vision_push_failed frame_id=mock-video-8470 error=HTTP Error 404: Not Found
vision_push_failed frame_id=mock-video-8471 error=HTTP Error 404: Not Found
vision_push_failed frame_id=mock-video-8472 error=HTTP Error 404: Not Found
vision_push_failed frame_id=mock-video-8473 error=HTTP Error 404: Not Found
vision_push_failed frame_id=mock-video-8474 error=HTTP Error 404: Not Found
vision_push_failed frame_id=mock-video-8475 error=HTTP Error 404: Not Found
vision_push_failed frame_id=mock-video-8476 error=HTTP Error 404: Not Found
vision_push_failed frame_id=mock-video-8477 error=HTTP Error 404: Not Found
vision_push_failed frame_id=mock-video-8478 error=HTTP Error 404: Not Found
vision_push_failed frame_id=mock-video-8479 error=HTTP Error 404: Not Found
vision_push_failed frame_id=mock-video-8480 error=HTTP Error 404: Not Found
vision_push_failed frame_id=mock-video-8481 error=HTTP Error 404: Not Found
vision_push_failed frame_id=mock-video-8482 error=HTTP Error 404: Not Found
vision_push_failed frame_id=mock-video-8483 error=HTTP Error 404: Not Found
vision_push_failed frame_id=mock-video-8484 error=HTTP Error 404: Not Found
vision_push_failed frame_id=mock-video-8485 error=HTTP Error 404: Not Found
vision_push_failed frame_id=mock-video-8486 error=HTTP Error 404: Not Found
vision_push_failed frame_id=mock-video-8487 error=HTTP Error 404: Not Found
vision_push_failed frame_id=mock-video-8488 error=HTTP Error 404: Not Found
vision_push_failed frame_id=mock-video-8489 error=HTTP Error 404: Not Found
vision_push_failed frame_id=mock-video-8490 error=HTTP Error 404: Not Found
vision_push_failed frame_id=mock-video-8491 error=HTTP Error 404: Not Found
vision_push_failed frame_id=mock-video-8492 error=HTTP Error 404: Not Found
vision_push_failed frame_id=mock-video-8493 error=HTTP Error 404: Not Found
vision_push_failed frame_id=mock-video-8494 error=HTTP Error 404: Not Found
vision_push_failed frame_id=mock-video-8495 error=HTTP Error 404: Not Found
vision_push_failed frame_id=mock-video-8496 error=HTTP Error 404: Not Found
vision_push_failed frame_id=mock-video-8497 error=HTTP Error 404: Not Found
vision_push_failed frame_id=mock-video-8498 error=HTTP Error 404: Not Found
vision_push_failed frame_id=mock-video-8499 error=HTTP Error 404: Not Found
vision_push_failed frame_id=mock-video-8500 error=HTTP Error 404: Not Found
vision_push_failed frame_id=mock-video-8501 error=HTTP Error 404: Not Found
vision_push_failed frame_id=mock-video-8502 error=HTTP Error 404: Not Found
vision_push_failed frame_id=mock-video-8503 error=HTTP Error 404: Not Found
vision_push_failed frame_id=mock-video-8504 error=HTTP Error 404: Not Found
vision_push_failed frame_id=mock-video-8505 error=HTTP Error 404: Not Found
vision_push_failed frame_id=mock-video-8506 error=HTTP Error 404: Not Found
vision_push_failed frame_id=mock-video-8507 error=HTTP Error 404: Not Found
vision_push_failed frame_id=mock-video-8508 error=HTTP Error 404: Not Found
vision_push_failed frame_id=mock-video-8509 error=HTTP Error 404: Not Found
vision_push_failed frame_id=mock-video-8510 error=HTTP Error 404: Not Found
vision_push_failed frame_id=mock-video-8511 error=HTTP Error 404: Not Found
vision_push_failed frame_id=mock-video-8512 error=HTTP Error 404: Not Found
vision_push_failed frame_id=mock-video-8513 error=HTTP Error 404: Not Found
vision_push_failed frame_id=mock-video-8514 error=HTTP Error 404: Not Found
vision_push_failed frame_id=mock-video-8515 error=HTTP Error 404: Not Found
vision_push_failed frame_id=mock-video-8516 error=<urlopen error timed out>
vision_push_failed frame_id=mock-video-8517 error=HTTP Error 404: Not Found
vision_push_failed frame_id=mock-video-8518 error=HTTP Error 404: Not Found
vision_push_failed frame_id=mock-video-8519 error=HTTP Error 404: Not Found
vision_push_failed frame_id=mock-video-8520 error=HTTP Error 404: Not Found
vision_push_failed frame_id=mock-video-8521 error=HTTP Error 404: Not Found
vision_push_failed frame_id=mock-video-8522 error=HTTP Error 404: Not Found
vision_push_failed frame_id=mock-video-8523 error=HTTP Error 404: Not Found
vision_push_failed frame_id=mock-video-8524 error=HTTP Error 404: Not Found
vision_push_failed frame_id=mock-video-8525 error=HTTP Error 404: Not Found
vision_push_failed frame_id=mock-video-8526 error=HTTP Error 404: Not Found
vision_push_failed frame_id=mock-video-8527 error=HTTP Error 404: Not Found
vision_push_failed frame_id=mock-video-8528 error=HTTP Error 404: Not Found
vision_push_failed frame_id=mock-video-8529 error=HTTP Error 404: Not Found
vision_push_failed frame_id=mock-video-8530 error=HTTP Error 404: Not Found
vision_push_failed frame_id=mock-video-8531 error=HTTP Error 404: Not Found
vision_push_failed frame_id=mock-video-8532 error=HTTP Error 404: Not Found
vision_push_failed frame_id=mock-video-8533 error=HTTP Error 404: Not Found
vision_push_failed frame_id=mock-video-8534 error=HTTP Error 404: Not Found
vision_push_failed frame_id=mock-video-8535 error=HTTP Error 404: Not Found
vision_push_failed frame_id=mock-video-8536 error=HTTP Error 404: Not Found
vision_push_failed frame_id=mock-video-8537 error=HTTP Error 404: Not Found
vision_push_failed frame_id=mock-video-8538 error=HTTP Error 404: Not Found
vision_push_failed frame_id=mock-video-8539 error=HTTP Error 404: Not Found
vision_push_failed frame_id=mock-video-8540 error=HTTP Error 404: Not Found
vision_push_failed frame_id=mock-video-8541 error=HTTP Error 404: Not Found
vision_push_failed frame_id=mock-video-8542 error=HTTP Error 404: Not Found
vision_push_failed frame_id=mock-video-8543 error=HTTP Error 404: Not Found
vision_push_failed frame_id=mock-video-8544 error=HTTP Error 404: Not Found
vision_push_failed frame_id=mock-video-8545 error=HTTP Error 404: Not Found
vision_push_failed frame_id=mock-video-8546 error=HTTP Error 404: Not Found
vision_push_failed frame_id=mock-video-8547 error=HTTP Error 404: Not Found
vision_push_failed frame_id=mock-video-8548 error=HTTP Error 404: Not Found
vision_push_failed frame_id=mock-video-8549 error=HTTP Error 404: Not Found
vision_push_failed frame_id=mock-video-8550 error=HTTP Error 404: Not Found
vision_push_failed frame_id=mock-video-8551 error=HTTP Error 404: Not Found
vision_push_failed frame_id=mock-video-8552 error=HTTP Error 404: Not Found
vision_push_failed frame_id=mock-video-8553 error=HTTP Error 404: Not Found
vision_push_failed frame_id=mock-video-8554 error=HTTP Error 404: Not Found
vision_push_failed frame_id=mock-video-8555 error=HTTP Error 404: Not Found
vision_push_failed frame_id=mock-video-8556 error=HTTP Error 404: Not Found
vision_push_failed frame_id=mock-video-8557 error=HTTP Error 404: Not Found
vision_push_failed frame_id=mock-video-8558 error=HTTP Error 404: Not Found
vision_push_failed frame_id=mock-video-8559 error=HTTP Error 404: Not Found
vision_push_failed frame_id=mock-video-8560 error=HTTP Error 404: Not Found
vision_push_failed frame_id=mock-video-8561 error=HTTP Error 404: Not Found
vision_push_failed frame_id=mock-video-8562 error=HTTP Error 404: Not Found
vision_push_failed frame_id=mock-video-8563 error=HTTP Error 404: Not Found
vision_push_failed frame_id=mock-video-8564 error=HTTP Error 404: Not Found
vision_push_failed frame_id=mock-video-8565 error=HTTP Error 404: Not Found
vision_push_failed frame_id=mock-video-8566 error=HTTP Error 404: Not Found
vision_push_failed frame_id=mock-video-8567 error=HTTP Error 404: Not Found
vision_push_failed frame_id=mock-video-8568 error=HTTP Error 404: Not Found
vision_push_failed frame_id=mock-video-8569 error=HTTP Error 404: Not Found
vision_push_failed frame_id=mock-video-8570 error=HTTP Error 404: Not Found
vision_push_failed frame_id=mock-video-8571 error=HTTP Error 404: Not Found
vision_push_failed frame_id=mock-video-8572 error=HTTP Error 404: Not Found
vision_push_failed frame_id=mock-video-8573 error=HTTP Error 404: Not Found
vision_push_failed frame_id=mock-video-8574 error=HTTP Error 404: Not Found
vision_push_failed frame_id=mock-video-8575 error=HTTP Error 404: Not Found
vision_push_failed frame_id=mock-video-8576 error=HTTP Error 404: Not Found
vision_push_failed frame_id=mock-video-8577 error=HTTP Error 404: Not Found
vision_push_failed frame_id=mock-video-8578 error=HTTP Error 404: Not Found
vision_push_failed frame_id=mock-video-8579 error=HTTP Error 404: Not Found
vision_push_failed frame_id=mock-video-8580 error=HTTP Error 404: Not Found
vision_push_failed frame_id=mock-video-8581 error=HTTP Error 404: Not Found
vision_push_failed frame_id=mock-video-8582 error=HTTP Error 404: Not Found
vision_push_failed frame_id=mock-video-8583 error=HTTP Error 404: Not Found
vision_push_failed frame_id=mock-video-8584 error=HTTP Error 404: Not Found
vision_push_failed frame_id=mock-video-8585 error=HTTP Error 404: Not Found
vision_push_failed frame_id=mock-video-8586 error=HTTP Error 404: Not Found
vision_push_failed frame_id=mock-video-8587 error=HTTP Error 404: Not Found
vision_push_failed frame_id=mock-video-8588 error=HTTP Error 404: Not Found
vision_push_failed frame_id=mock-video-8589 error=HTTP Error 404: Not Found
vision_push_failed frame_id=mock-video-8590 error=HTTP Error 404: Not Found
vision_push_failed frame_id=mock-video-8591 error=HTTP Error 404: Not Found
vision_push_failed frame_id=mock-video-8592 error=HTTP Error 404: Not Found
vision_push_failed frame_id=mock-video-8593 error=HTTP Error 404: Not Found
vision_push_failed frame_id=mock-video-8594 error=HTTP Error 404: Not Found
vision_push_failed frame_id=mock-video-8595 error=HTTP Error 404: Not Found
vision_push_failed frame_id=mock-video-8596 error=HTTP Error 404: Not Found
vision_push_failed frame_id=mock-video-8597 error=HTTP Error 404: Not Found
vision_push_failed frame_id=mock-video-8598 error=HTTP Error 404: Not Found
vision_push_failed frame_id=mock-video-8599 error=HTTP Error 404: Not Found
vision_push_failed frame_id=mock-video-8600 error=HTTP Error 404: Not Found
vision_push_failed frame_id=mock-video-8601 error=HTTP Error 404: Not Found
vision_push_failed frame_id=mock-video-8602 error=HTTP Error 404: Not Found
vision_push_failed frame_id=mock-video-8603 error=HTTP Error 404: Not Found
vision_push_failed frame_id=mock-video-8604 error=HTTP Error 404: Not Found
vision_push_failed frame_id=mock-video-8605 error=HTTP Error 404: Not Found
vision_push_failed frame_id=mock-video-8606 error=HTTP Error 404: Not Found
vision_push_failed frame_id=mock-video-8607 error=HTTP Error 404: Not Found
vision_push_failed frame_id=mock-video-8608 error=HTTP Error 404: Not Found
vision_push_failed frame_id=mock-video-8609 error=HTTP Error 404: Not Found
vision_push_failed frame_id=mock-video-8610 error=HTTP Error 404: Not Found
vision_push_failed frame_id=mock-video-8611 error=HTTP Error 404: Not Found
vision_push_failed frame_id=mock-video-8612 error=HTTP Error 404: Not Found
vision_push_failed frame_id=mock-video-8613 error=HTTP Error 404: Not Found
vision_push_failed frame_id=mock-video-8614 error=HTTP Error 404: Not Found
vision_push_failed frame_id=mock-video-8615 error=HTTP Error 404: Not Found
vision_push_failed frame_id=mock-video-8616 error=HTTP Error 404: Not Found
vision_push_failed frame_id=mock-video-8617 error=HTTP Error 404: Not Found
vision_push_failed frame_id=mock-video-8618 error=HTTP Error 404: Not Found
vision_push_failed frame_id=mock-video-8619 error=HTTP Error 404: Not Found
vision_push_failed frame_id=mock-video-8620 error=HTTP Error 404: Not Found
vision_push_failed frame_id=mock-video-8621 error=HTTP Error 404: Not Found
vision_push_failed frame_id=mock-video-8622 error=HTTP Error 404: Not Found
vision_push_failed frame_id=mock-video-8623 error=HTTP Error 404: Not Found
vision_push_failed frame_id=mock-video-8624 error=HTTP Error 404: Not Found
vision_push_failed frame_id=mock-video-8625 error=HTTP Error 404: Not Found
vision_push_failed frame_id=mock-video-8626 error=HTTP Error 404: Not Found
vision_push_failed frame_id=mock-video-8627 error=HTTP Error 404: Not Found
vision_push_failed frame_id=mock-video-8628 error=HTTP Error 404: Not Found
vision_push_failed frame_id=mock-video-8629 error=HTTP Error 404: Not Found
vision_push_failed frame_id=mock-video-8630 error=HTTP Error 404: Not Found
vision_push_failed frame_id=mock-video-8631 error=HTTP Error 404: Not Found
vision_push_failed frame_id=mock-video-8632 error=HTTP Error 404: Not Found
vision_push_failed frame_id=mock-video-8633 error=HTTP Error 404: Not Found
vision_push_failed frame_id=mock-video-8634 error=HTTP Error 404: Not Found
vision_push_failed frame_id=mock-video-8635 error=HTTP Error 404: Not Found
vision_push_failed frame_id=mock-video-8636 error=HTTP Error 404: Not Found
vision_push_failed frame_id=mock-video-8637 error=HTTP Error 404: Not Found
vision_push_failed frame_id=mock-video-8638 error=HTTP Error 404: Not Found
vision_push_failed frame_id=mock-video-8639 error=HTTP Error 404: Not Found
vision_push_failed frame_id=mock-video-8640 error=HTTP Error 404: Not Found
vision_push_failed frame_id=mock-video-8641 error=HTTP Error 404: Not Found
vision_push_failed frame_id=mock-video-8642 error=HTTP Error 404: Not Found
vision_push_failed frame_id=mock-video-8643 error=HTTP Error 404: Not Found
vision_push_failed frame_id=mock-video-8644 error=HTTP Error 404: Not Found
vision_push_failed frame_id=mock-video-8645 error=HTTP Error 404: Not Found
vision_push_failed frame_id=mock-video-8646 error=HTTP Error 404: Not Found
vision_push_failed frame_id=mock-video-8647 error=HTTP Error 404: Not Found
vision_push_failed frame_id=mock-video-8648 error=HTTP Error 404: Not Found
vision_push_failed frame_id=mock-video-8649 error=HTTP Error 404: Not Found
vision_push_failed frame_id=mock-video-8650 error=HTTP Error 404: Not Found
vision_push_failed frame_id=mock-video-8651 error=HTTP Error 404: Not Found
vision_push_failed frame_id=mock-video-8652 error=HTTP Error 404: Not Found
vision_push_failed frame_id=mock-video-8653 error=HTTP Error 404: Not Found
vision_push_failed frame_id=mock-video-8654 error=HTTP Error 404: Not Found
vision_push_failed frame_id=mock-video-8655 error=HTTP Error 404: Not Found
vision_push_failed frame_id=mock-video-8656 error=HTTP Error 404: Not Found
vision_push_failed frame_id=mock-video-8657 error=HTTP Error 404: Not Found
vision_push_failed frame_id=mock-video-8658 error=HTTP Error 404: Not Found
vision_push_failed frame_id=mock-video-8659 error=HTTP Error 404: Not Found
vision_push_failed frame_id=mock-video-8660 error=HTTP Error 404: Not Found
vision_push_failed frame_id=mock-video-8661 error=HTTP Error 404: Not Found
vision_push_failed frame_id=mock-video-8662 error=HTTP Error 404: Not Found
vision_push_failed frame_id=mock-video-8663 error=HTTP Error 404: Not Found
vision_push_failed frame_id=mock-video-8664 error=HTTP Error 404: Not Found
vision_push_failed frame_id=mock-video-8665 error=HTTP Error 404: Not Found
vision_push_failed frame_id=mock-video-8666 error=HTTP Error 404: Not Found
vision_push_failed frame_id=mock-video-8667 error=HTTP Error 404: Not Found
vision_push_failed frame_id=mock-video-8668 error=HTTP Error 404: Not Found
vision_push_failed frame_id=mock-video-8669 error=HTTP Error 404: Not Found
vision_push_failed frame_id=mock-video-8670 error=HTTP Error 404: Not Found
vision_push_failed frame_id=mock-video-8671 error=HTTP Error 404: Not Found
vision_push_failed frame_id=mock-video-8672 error=HTTP Error 404: Not Found
vision_push_failed frame_id=mock-video-8673 error=HTTP Error 404: Not Found
vision_push_failed frame_id=mock-video-8674 error=HTTP Error 404: Not Found
vision_push_failed frame_id=mock-video-8675 error=HTTP Error 404: Not Found
vision_push_failed frame_id=mock-video-8676 error=HTTP Error 404: Not Found
vision_push_failed frame_id=mock-video-8677 error=HTTP Error 404: Not Found
vision_push_failed frame_id=mock-video-8678 error=HTTP Error 404: Not Found
vision_push_failed frame_id=mock-video-8679 error=HTTP Error 404: Not Found
vision_push_failed frame_id=mock-video-8680 error=HTTP Error 404: Not Found
vision_push_failed frame_id=mock-video-8681 error=HTTP Error 404: Not Found
vision_push_failed frame_id=mock-video-8682 error=HTTP Error 404: Not Found
vision_push_failed frame_id=mock-video-8683 error=HTTP Error 404: Not Found
vision_push_failed frame_id=mock-video-8684 error=HTTP Error 404: Not Found
vision_push_failed frame_id=mock-video-8685 error=HTTP Error 404: Not Found
vision_push_failed frame_id=mock-video-8686 error=HTTP Error 404: Not Found
vision_push_failed frame_id=mock-video-8687 error=HTTP Error 404: Not Found
vision_push_failed frame_id=mock-video-8688 error=HTTP Error 404: Not Found
vision_push_failed frame_id=mock-video-8689 error=HTTP Error 404: Not Found
vision_push_failed frame_id=mock-video-8690 error=HTTP Error 404: Not Found
vision_push_failed frame_id=mock-video-8691 error=HTTP Error 404: Not Found
vision_push_failed frame_id=mock-video-8692 error=HTTP Error 404: Not Found
vision_push_failed frame_id=mock-video-8693 error=HTTP Error 404: Not Found
vision_push_failed frame_id=mock-video-8694 error=HTTP Error 404: Not Found
vision_push_failed frame_id=mock-video-8695 error=HTTP Error 404: Not Found
vision_push_failed frame_id=mock-video-8696 error=HTTP Error 404: Not Found
vision_push_failed frame_id=mock-video-8697 error=HTTP Error 404: Not Found
vision_push_failed frame_id=mock-video-8698 error=HTTP Error 404: Not Found
vision_push_failed frame_id=mock-video-8699 error=HTTP Error 404: Not Found
vision_push_failed frame_id=mock-video-8700 error=HTTP Error 404: Not Found
vision_push_failed frame_id=mock-video-8701 error=HTTP Error 404: Not Found
vision_push_failed frame_id=mock-video-8702 error=HTTP Error 404: Not Found
vision_push_failed frame_id=mock-video-8703 error=HTTP Error 404: Not Found
vision_push_failed frame_id=mock-video-8704 error=HTTP Error 404: Not Found
vision_push_failed frame_id=mock-video-8705 error=HTTP Error 404: Not Found
vision_push_failed frame_id=mock-video-8706 error=HTTP Error 404: Not Found
vision_push_failed frame_id=mock-video-8707 error=HTTP Error 404: Not Found
vision_push_failed frame_id=mock-video-8708 error=HTTP Error 404: Not Found
vision_push_failed frame_id=mock-video-8709 error=HTTP Error 404: Not Found
vision_push_failed frame_id=mock-video-8710 error=HTTP Error 404: Not Found
vision_push_failed frame_id=mock-video-8711 error=HTTP Error 404: Not Found
vision_push_failed frame_id=mock-video-8712 error=HTTP Error 404: Not Found
vision_push_failed frame_id=mock-video-8713 error=HTTP Error 404: Not Found
vision_push_failed frame_id=mock-video-8714 error=HTTP Error 404: Not Found
vision_push_failed frame_id=mock-video-8715 error=HTTP Error 404: Not Found
vision_push_failed frame_id=mock-video-8716 error=HTTP Error 404: Not Found
vision_push_failed frame_id=mock-video-8717 error=HTTP Error 404: Not Found
vision_push_failed frame_id=mock-video-8718 error=HTTP Error 404: Not Found
vision_push_failed frame_id=mock-video-8719 error=HTTP Error 404: Not Found
vision_push_failed frame_id=mock-video-8720 error=HTTP Error 404: Not Found
vision_push_failed frame_id=mock-video-8721 error=HTTP Error 404: Not Found
vision_push_failed frame_id=mock-video-8722 error=HTTP Error 404: Not Found
vision_push_failed frame_id=mock-video-8723 error=HTTP Error 404: Not Found
vision_push_failed frame_id=mock-video-8724 error=HTTP Error 404: Not Found
vision_push_failed frame_id=mock-video-8725 error=HTTP Error 404: Not Found
vision_push_failed frame_id=mock-video-8726 error=HTTP Error 404: Not Found
vision_push_failed frame_id=mock-video-8727 error=HTTP Error 404: Not Found
vision_push_failed frame_id=mock-video-8728 error=HTTP Error 404: Not Found
vision_push_failed frame_id=mock-video-8729 error=HTTP Error 404: Not Found
vision_push_failed frame_id=mock-video-8730 error=HTTP Error 404: Not Found
vision_push_failed frame_id=mock-video-8731 error=HTTP Error 404: Not Found
vision_push_failed frame_id=mock-video-8732 error=HTTP Error 404: Not Found
vision_push_failed frame_id=mock-video-8733 error=HTTP Error 404: Not Found
vision_push_failed frame_id=mock-video-8734 error=HTTP Error 404: Not Found
vision_push_failed frame_id=mock-video-8735 error=HTTP Error 404: Not Found
vision_push_failed frame_id=mock-video-8736 error=HTTP Error 404: Not Found
vision_push_failed frame_id=mock-video-8737 error=HTTP Error 404: Not Found
vision_push_failed frame_id=mock-video-8738 error=HTTP Error 404: Not Found
vision_push_failed frame_id=mock-video-8739 error=HTTP Error 404: Not Found
vision_push_failed frame_id=mock-video-8740 error=HTTP Error 404: Not Found
vision_push_failed frame_id=mock-video-8741 error=HTTP Error 404: Not Found
vision_push_failed frame_id=mock-video-8742 error=HTTP Error 404: Not Found
vision_push_failed frame_id=mock-video-8743 error=HTTP Error 404: Not Found
vision_push_failed frame_id=mock-video-8744 error=HTTP Error 404: Not Found
vision_push_failed frame_id=mock-video-8745 error=HTTP Error 404: Not Found
vision_push_failed frame_id=mock-video-8746 error=HTTP Error 404: Not Found
vision_push_failed frame_id=mock-video-8747 error=HTTP Error 404: Not Found
vision_push_failed frame_id=mock-video-8748 error=HTTP Error 404: Not Found
vision_push_failed frame_id=mock-video-8749 error=HTTP Error 404: Not Found
vision_push_failed frame_id=mock-video-8750 error=HTTP Error 404: Not Found
vision_push_failed frame_id=mock-video-8751 error=HTTP Error 404: Not Found
vision_push_failed frame_id=mock-video-8752 error=HTTP Error 404: Not Found
vision_push_failed frame_id=mock-video-8753 error=HTTP Error 404: Not Found
vision_push_failed frame_id=mock-video-8754 error=HTTP Error 404: Not Found
vision_push_failed frame_id=mock-video-8755 error=HTTP Error 404: Not Found
vision_push_failed frame_id=mock-video-8756 error=HTTP Error 404: Not Found
vision_push_failed frame_id=mock-video-8757 error=HTTP Error 404: Not Found
vision_push_failed frame_id=mock-video-8758 error=HTTP Error 404: Not Found
vision_push_failed frame_id=mock-video-8759 error=HTTP Error 404: Not Found
vision_push_failed frame_id=mock-video-8760 error=HTTP Error 404: Not Found
vision_push_failed frame_id=mock-video-8761 error=HTTP Error 404: Not Found
vision_push_failed frame_id=mock-video-8762 error=HTTP Error 404: Not Found
vision_push_failed frame_id=mock-video-8763 error=HTTP Error 404: Not Found
vision_push_failed frame_id=mock-video-8764 error=HTTP Error 404: Not Found
vision_push_failed frame_id=mock-video-8765 error=HTTP Error 404: Not Found
vision_push_failed frame_id=mock-video-8766 error=HTTP Error 404: Not Found
vision_push_failed frame_id=mock-video-8767 error=HTTP Error 404: Not Found
vision_push_failed frame_id=mock-video-8768 error=HTTP Error 404: Not Found
vision_push_failed frame_id=mock-video-8769 error=HTTP Error 404: Not Found
vision_push_failed frame_id=mock-video-8770 error=HTTP Error 404: Not Found
vision_push_failed frame_id=mock-video-8771 error=HTTP Error 404: Not Found
vision_push_failed frame_id=mock-video-8772 error=HTTP Error 404: Not Found
vision_push_failed frame_id=mock-video-8773 error=HTTP Error 404: Not Found
vision_push_failed frame_id=mock-video-8774 error=HTTP Error 404: Not Found
vision_push_failed frame_id=mock-video-8775 error=HTTP Error 404: Not Found
vision_push_failed frame_id=mock-video-8776 error=HTTP Error 404: Not Found
vision_push_failed frame_id=mock-video-8777 error=HTTP Error 404: Not Found
vision_push_failed frame_id=mock-video-8778 error=HTTP Error 404: Not Found
vision_push_failed frame_id=mock-video-8779 error=HTTP Error 404: Not Found
vision_push_failed frame_id=mock-video-8780 error=HTTP Error 404: Not Found
vision_push_failed frame_id=mock-video-8781 error=HTTP Error 404: Not Found
vision_push_failed frame_id=mock-video-8782 error=HTTP Error 404: Not Found
vision_push_failed frame_id=mock-video-8783 error=HTTP Error 404: Not Found
vision_push_failed frame_id=mock-video-8784 error=HTTP Error 404: Not Found
vision_push_failed frame_id=mock-video-8785 error=HTTP Error 404: Not Found
vision_push_failed frame_id=mock-video-8786 error=HTTP Error 404: Not Found
vision_push_failed frame_id=mock-video-8787 error=HTTP Error 404: Not Found
vision_push_failed frame_id=mock-video-8788 error=HTTP Error 404: Not Found
vision_push_failed frame_id=mock-video-8789 error=HTTP Error 404: Not Found
vision_push_failed frame_id=mock-video-8790 error=HTTP Error 404: Not Found
vision_push_failed frame_id=mock-video-8791 error=HTTP Error 404: Not Found
vision_push_failed frame_id=mock-video-8792 error=HTTP Error 404: Not Found
vision_push_failed frame_id=mock-video-8793 error=HTTP Error 404: Not Found
vision_push_failed frame_id=mock-video-8794 error=HTTP Error 404: Not Found
vision_push_failed frame_id=mock-video-8795 error=HTTP Error 404: Not Found
vision_push_failed frame_id=mock-video-8796 error=HTTP Error 404: Not Found
vision_push_failed frame_id=mock-video-8797 error=HTTP Error 404: Not Found
vision_push_failed frame_id=mock-video-8798 error=HTTP Error 404: Not Found
vision_push_failed frame_id=mock-video-8799 error=HTTP Error 404: Not Found
vision_push_failed frame_id=mock-video-8800 error=HTTP Error 404: Not Found
vision_push_failed frame_id=mock-video-8801 error=HTTP Error 404: Not Found
vision_push_failed frame_id=mock-video-8802 error=HTTP Error 404: Not Found
vision_push_failed frame_id=mock-video-8803 error=HTTP Error 404: Not Found
vision_push_failed frame_id=mock-video-8804 error=HTTP Error 404: Not Found
vision_push_failed frame_id=mock-video-8805 error=HTTP Error 404: Not Found
vision_push_failed frame_id=mock-video-8806 error=HTTP Error 404: Not Found
vision_push_failed frame_id=mock-video-8807 error=HTTP Error 404: Not Found
vision_push_failed frame_id=mock-video-8808 error=HTTP Error 404: Not Found
vision_push_failed frame_id=mock-video-8809 error=HTTP Error 404: Not Found
vision_push_failed frame_id=mock-video-8810 error=HTTP Error 404: Not Found
vision_push_failed frame_id=mock-video-8811 error=HTTP Error 404: Not Found
vision_push_failed frame_id=mock-video-8812 error=HTTP Error 404: Not Found
vision_push_failed frame_id=mock-video-8813 error=HTTP Error 404: Not Found
vision_push_failed frame_id=mock-video-8814 error=HTTP Error 404: Not Found
vision_push_failed frame_id=mock-video-8815 error=HTTP Error 404: Not Found
vision_push_failed frame_id=mock-video-8816 error=HTTP Error 404: Not Found
vision_push_failed frame_id=mock-video-8817 error=HTTP Error 404: Not Found
vision_push_failed frame_id=mock-video-8818 error=HTTP Error 404: Not Found
vision_push_failed frame_id=mock-video-8819 error=HTTP Error 404: Not Found
vision_push_failed frame_id=mock-video-8820 error=HTTP Error 404: Not Found
vision_push_failed frame_id=mock-video-8821 error=HTTP Error 404: Not Found
vision_push_failed frame_id=mock-video-8822 error=HTTP Error 404: Not Found
vision_push_failed frame_id=mock-video-8823 error=HTTP Error 404: Not Found
vision_push_failed frame_id=mock-video-8824 error=HTTP Error 404: Not Found
vision_push_failed frame_id=mock-video-8825 error=HTTP Error 404: Not Found
vision_push_failed frame_id=mock-video-8826 error=HTTP Error 404: Not Found
vision_push_failed frame_id=mock-video-8827 error=HTTP Error 404: Not Found
vision_push_failed frame_id=mock-video-8828 error=HTTP Error 404: Not Found
vision_push_failed frame_id=mock-video-8829 error=HTTP Error 404: Not Found
vision_push_failed frame_id=mock-video-8830 error=HTTP Error 404: Not Found
vision_push_failed frame_id=mock-video-8831 error=HTTP Error 404: Not Found
vision_push_failed frame_id=mock-video-8832 error=HTTP Error 404: Not Found
vision_push_failed frame_id=mock-video-8833 error=HTTP Error 404: Not Found
vision_push_failed frame_id=mock-video-8834 error=HTTP Error 404: Not Found
vision_push_failed frame_id=mock-video-8835 error=HTTP Error 404: Not Found
vision_push_failed frame_id=mock-video-8836 error=HTTP Error 404: Not Found
vision_push_failed frame_id=mock-video-8837 error=HTTP Error 404: Not Found
vision_push_failed frame_id=mock-video-8838 error=HTTP Error 404: Not Found
vision_push_failed frame_id=mock-video-8839 error=HTTP Error 404: Not Found
vision_push_failed frame_id=mock-video-8840 error=HTTP Error 404: Not Found
vision_push_failed frame_id=mock-video-8841 error=HTTP Error 404: Not Found
vision_push_failed frame_id=mock-video-8842 error=HTTP Error 404: Not Found
vision_push_failed frame_id=mock-video-8843 error=HTTP Error 404: Not Found
vision_push_failed frame_id=mock-video-8844 error=HTTP Error 404: Not Found
vision_push_failed frame_id=mock-video-8845 error=HTTP Error 404: Not Found
vision_push_failed frame_id=mock-video-8846 error=HTTP Error 404: Not Found
vision_push_failed frame_id=mock-video-8847 error=HTTP Error 404: Not Found
vision_push_failed frame_id=mock-video-8848 error=HTTP Error 404: Not Found
vision_push_failed frame_id=mock-video-8849 error=HTTP Error 404: Not Found
vision_push_failed frame_id=mock-video-8850 error=HTTP Error 404: Not Found
vision_push_failed frame_id=mock-video-8851 error=HTTP Error 404: Not Found
vision_push_failed frame_id=mock-video-8852 error=HTTP Error 404: Not Found
vision_push_failed frame_id=mock-video-8853 error=HTTP Error 404: Not Found
vision_push_failed frame_id=mock-video-8854 error=HTTP Error 404: Not Found
vision_push_failed frame_id=mock-video-8855 error=HTTP Error 404: Not Found
vision_push_failed frame_id=mock-video-8856 error=HTTP Error 404: Not Found
vision_push_failed frame_id=mock-video-8857 error=HTTP Error 404: Not Found
vision_push_failed frame_id=mock-video-8858 error=HTTP Error 404: Not Found
vision_push_failed frame_id=mock-video-8859 error=HTTP Error 404: Not Found
vision_push_failed frame_id=mock-video-8860 error=HTTP Error 404: Not Found
vision_push_failed frame_id=mock-video-8861 error=HTTP Error 404: Not Found
vision_push_failed frame_id=mock-video-8862 error=HTTP Error 404: Not Found
vision_push_failed frame_id=mock-video-8863 error=HTTP Error 404: Not Found
vision_push_failed frame_id=mock-video-8864 error=HTTP Error 404: Not Found
vision_push_failed frame_id=mock-video-8865 error=HTTP Error 404: Not Found
vision_push_failed frame_id=mock-video-8866 error=HTTP Error 404: Not Found
vision_push_failed frame_id=mock-video-8867 error=HTTP Error 404: Not Found
vision_push_failed frame_id=mock-video-8868 error=HTTP Error 404: Not Found
vision_push_failed frame_id=mock-video-8869 error=HTTP Error 404: Not Found
vision_push_failed frame_id=mock-video-8870 error=HTTP Error 404: Not Found
vision_push_failed frame_id=mock-video-8871 error=HTTP Error 404: Not Found
vision_push_failed frame_id=mock-video-8872 error=HTTP Error 404: Not Found
vision_push_failed frame_id=mock-video-8873 error=HTTP Error 404: Not Found
vision_push_failed frame_id=mock-video-8874 error=HTTP Error 404: Not Found
vision_push_failed frame_id=mock-video-8875 error=HTTP Error 404: Not Found
vision_push_failed frame_id=mock-video-8876 error=HTTP Error 404: Not Found
vision_push_failed frame_id=mock-video-8877 error=HTTP Error 404: Not Found
vision_push_failed frame_id=mock-video-8878 error=HTTP Error 404: Not Found
vision_push_failed frame_id=mock-video-8879 error=HTTP Error 404: Not Found
vision_push_failed frame_id=mock-video-8880 error=HTTP Error 404: Not Found
vision_push_failed frame_id=mock-video-8881 error=HTTP Error 404: Not Found
vision_push_failed frame_id=mock-video-8882 error=HTTP Error 404: Not Found
vision_push_failed frame_id=mock-video-8883 error=HTTP Error 404: Not Found
vision_push_failed frame_id=mock-video-8884 error=HTTP Error 404: Not Found
vision_push_failed frame_id=mock-video-8885 error=HTTP Error 404: Not Found
vision_push_failed frame_id=mock-video-8886 error=HTTP Error 404: Not Found
vision_push_failed frame_id=mock-video-8887 error=HTTP Error 404: Not Found
vision_push_failed frame_id=mock-video-8888 error=HTTP Error 404: Not Found
vision_push_failed frame_id=mock-video-8889 error=HTTP Error 404: Not Found
vision_push_failed frame_id=mock-video-8890 error=HTTP Error 404: Not Found
vision_push_failed frame_id=mock-video-8891 error=HTTP Error 404: Not Found
vision_push_failed frame_id=mock-video-8892 error=HTTP Error 404: Not Found
vision_push_failed frame_id=mock-video-8893 error=HTTP Error 404: Not Found
vision_push_failed frame_id=mock-video-8894 error=HTTP Error 404: Not Found
vision_push_failed frame_id=mock-video-8895 error=HTTP Error 404: Not Found
vision_push_failed frame_id=mock-video-8896 error=HTTP Error 404: Not Found
vision_push_failed frame_id=mock-video-8897 error=HTTP Error 404: Not Found
vision_push_failed frame_id=mock-video-8898 error=HTTP Error 404: Not Found
vision_push_failed frame_id=mock-video-8899 error=HTTP Error 404: Not Found
vision_push_failed frame_id=mock-video-8900 error=HTTP Error 404: Not Found
vision_push_failed frame_id=mock-video-8901 error=HTTP Error 404: Not Found
vision_push_failed frame_id=mock-video-8902 error=HTTP Error 404: Not Found
vision_push_failed frame_id=mock-video-8903 error=HTTP Error 404: Not Found
vision_push_failed frame_id=mock-video-8904 error=<urlopen error _ssl.c:1011: The handshake operation timed out>
vision_push_failed frame_id=mock-video-8905 error=HTTP Error 404: Not Found
vision_push_failed frame_id=mock-video-8906 error=HTTP Error 404: Not Found
vision_push_failed frame_id=mock-video-8907 error=HTTP Error 404: Not Found
vision_push_failed frame_id=mock-video-8908 error=HTTP Error 404: Not Found
vision_push_failed frame_id=mock-video-8909 error=HTTP Error 404: Not Found
vision_push_failed frame_id=mock-video-8910 error=HTTP Error 404: Not Found
vision_push_failed frame_id=mock-video-8911 error=HTTP Error 404: Not Found
vision_push_failed frame_id=mock-video-8912 error=HTTP Error 404: Not Found
vision_push_failed frame_id=mock-video-8913 error=HTTP Error 404: Not Found
vision_push_failed frame_id=mock-video-8914 error=HTTP Error 404: Not Found
vision_push_failed frame_id=mock-video-8915 error=HTTP Error 404: Not Found
vision_push_failed frame_id=mock-video-8916 error=HTTP Error 404: Not Found
vision_push_failed frame_id=mock-video-8917 error=HTTP Error 404: Not Found
vision_push_failed frame_id=mock-video-8918 error=HTTP Error 404: Not Found
vision_push_failed frame_id=mock-video-8919 error=HTTP Error 404: Not Found
vision_push_failed frame_id=mock-video-8920 error=HTTP Error 404: Not Found
vision_push_failed frame_id=mock-video-8921 error=HTTP Error 404: Not Found
vision_push_failed frame_id=mock-video-8922 error=HTTP Error 404: Not Found
vision_push_failed frame_id=mock-video-8923 error=HTTP Error 404: Not Found
vision_push_failed frame_id=mock-video-8924 error=HTTP Error 404: Not Found
vision_push_failed frame_id=mock-video-8925 error=HTTP Error 404: Not Found
vision_push_failed frame_id=mock-video-8926 error=HTTP Error 404: Not Found
vision_push_failed frame_id=mock-video-8927 error=HTTP Error 404: Not Found
vision_push_failed frame_id=mock-video-8928 error=HTTP Error 404: Not Found
vision_push_failed frame_id=mock-video-8929 error=HTTP Error 404: Not Found
vision_push_failed frame_id=mock-video-8930 error=HTTP Error 404: Not Found
vision_push_failed frame_id=mock-video-8931 error=HTTP Error 404: Not Found
vision_push_failed frame_id=mock-video-8932 error=HTTP Error 404: Not Found
vision_push_failed frame_id=mock-video-8933 error=HTTP Error 404: Not Found
vision_push_failed frame_id=mock-video-8934 error=HTTP Error 404: Not Found
vision_push_failed frame_id=mock-video-8935 error=HTTP Error 404: Not Found
vision_push_failed frame_id=mock-video-8936 error=HTTP Error 404: Not Found
vision_push_failed frame_id=mock-video-8937 error=HTTP Error 404: Not Found
vision_push_failed frame_id=mock-video-8938 error=HTTP Error 404: Not Found
vision_push_failed frame_id=mock-video-8939 error=HTTP Error 404: Not Found
vision_push_failed frame_id=mock-video-8940 error=HTTP Error 404: Not Found
vision_push_failed frame_id=mock-video-8941 error=HTTP Error 404: Not Found
vision_push_failed frame_id=mock-video-8942 error=HTTP Error 404: Not Found
vision_push_failed frame_id=mock-video-8943 error=HTTP Error 404: Not Found
vision_push_failed frame_id=mock-video-8944 error=HTTP Error 404: Not Found
vision_push_failed frame_id=mock-video-8945 error=HTTP Error 404: Not Found
vision_push_failed frame_id=mock-video-8946 error=HTTP Error 404: Not Found
vision_push_failed frame_id=mock-video-8947 error=HTTP Error 404: Not Found
vision_push_failed frame_id=mock-video-8948 error=HTTP Error 404: Not Found
vision_push_failed frame_id=mock-video-8949 error=HTTP Error 404: Not Found
vision_push_failed frame_id=mock-video-8950 error=HTTP Error 404: Not Found
vision_push_failed frame_id=mock-video-8951 error=HTTP Error 404: Not Found
vision_push_failed frame_id=mock-video-8952 error=HTTP Error 404: Not Found
vision_push_failed frame_id=mock-video-8953 error=HTTP Error 404: Not Found
vision_push_failed frame_id=mock-video-8954 error=HTTP Error 404: Not Found
vision_push_failed frame_id=mock-video-8955 error=HTTP Error 404: Not Found
vision_push_failed frame_id=mock-video-8956 error=HTTP Error 404: Not Found
vision_push_failed frame_id=mock-video-8957 error=HTTP Error 404: Not Found
vision_push_failed frame_id=mock-video-8958 error=HTTP Error 404: Not Found
vision_push_failed frame_id=mock-video-8959 error=HTTP Error 404: Not Found
vision_push_failed frame_id=mock-video-8960 error=HTTP Error 404: Not Found
vision_push_failed frame_id=mock-video-8961 error=HTTP Error 404: Not Found
vision_push_failed frame_id=mock-video-8962 error=HTTP Error 404: Not Found
vision_push_failed frame_id=mock-video-8963 error=HTTP Error 404: Not Found
vision_push_failed frame_id=mock-video-8964 error=HTTP Error 404: Not Found
vision_push_failed frame_id=mock-video-8965 error=HTTP Error 404: Not Found
vision_push_failed frame_id=mock-video-8966 error=HTTP Error 404: Not Found
vision_push_failed frame_id=mock-video-8967 error=HTTP Error 404: Not Found
vision_push_failed frame_id=mock-video-8968 error=HTTP Error 404: Not Found
vision_push_failed frame_id=mock-video-8969 error=HTTP Error 404: Not Found
vision_push_failed frame_id=mock-video-8970 error=HTTP Error 404: Not Found
vision_push_failed frame_id=mock-video-8971 error=HTTP Error 404: Not Found
vision_push_failed frame_id=mock-video-8972 error=HTTP Error 404: Not Found
vision_push_failed frame_id=mock-video-8973 error=HTTP Error 404: Not Found
vision_push_failed frame_id=mock-video-8974 error=HTTP Error 404: Not Found
vision_push_failed frame_id=mock-video-8975 error=HTTP Error 404: Not Found
vision_push_failed frame_id=mock-video-8976 error=HTTP Error 404: Not Found
vision_push_failed frame_id=mock-video-8977 error=HTTP Error 404: Not Found
vision_push_failed frame_id=mock-video-8978 error=HTTP Error 404: Not Found
vision_push_failed frame_id=mock-video-8979 error=HTTP Error 404: Not Found
vision_push_failed frame_id=mock-video-8980 error=HTTP Error 404: Not Found
vision_push_failed frame_id=mock-video-8981 error=HTTP Error 404: Not Found
vision_push_failed frame_id=mock-video-8982 error=HTTP Error 404: Not Found
vision_push_failed frame_id=mock-video-8983 error=HTTP Error 404: Not Found
vision_push_failed frame_id=mock-video-8984 error=HTTP Error 404: Not Found
vision_push_failed frame_id=mock-video-8985 error=HTTP Error 404: Not Found
vision_push_failed frame_id=mock-video-8986 error=HTTP Error 404: Not Found
vision_push_failed frame_id=mock-video-8987 error=HTTP Error 404: Not Found
vision_push_failed frame_id=mock-video-8988 error=HTTP Error 404: Not Found
vision_push_failed frame_id=mock-video-8989 error=HTTP Error 404: Not Found
vision_push_failed frame_id=mock-video-8990 error=HTTP Error 404: Not Found
vision_push_failed frame_id=mock-video-8991 error=HTTP Error 404: Not Found
vision_push_failed frame_id=mock-video-8992 error=HTTP Error 404: Not Found
vision_push_failed frame_id=mock-video-8993 error=HTTP Error 404: Not Found
vision_push_failed frame_id=mock-video-8994 error=HTTP Error 404: Not Found
vision_push_failed frame_id=mock-video-8995 error=HTTP Error 404: Not Found
vision_push_failed frame_id=mock-video-8996 error=HTTP Error 404: Not Found
vision_push_failed frame_id=mock-video-8997 error=HTTP Error 404: Not Found
vision_push_failed frame_id=mock-video-8998 error=HTTP Error 404: Not Found
vision_push_failed frame_id=mock-video-8999 error=HTTP Error 404: Not Found
vision_push_failed frame_id=mock-video-9000 error=HTTP Error 404: Not Found
vision_push_failed frame_id=mock-video-9001 error=HTTP Error 404: Not Found
vision_push_failed frame_id=mock-video-9002 error=HTTP Error 404: Not Found
vision_push_failed frame_id=mock-video-9003 error=HTTP Error 404: Not Found
vision_push_failed frame_id=mock-video-9004 error=HTTP Error 404: Not Found
vision_push_failed frame_id=mock-video-9005 error=HTTP Error 404: Not Found
vision_push_failed frame_id=mock-video-9006 error=HTTP Error 404: Not Found
vision_push_failed frame_id=mock-video-9007 error=HTTP Error 404: Not Found
vision_push_failed frame_id=mock-video-9008 error=HTTP Error 404: Not Found
vision_push_failed frame_id=mock-video-9009 error=HTTP Error 404: Not Found
vision_push_failed frame_id=mock-video-9010 error=HTTP Error 404: Not Found
vision_push_failed frame_id=mock-video-9011 error=HTTP Error 404: Not Found
vision_push_failed frame_id=mock-video-9012 error=HTTP Error 404: Not Found
vision_push_failed frame_id=mock-video-9013 error=HTTP Error 404: Not Found
vision_push_failed frame_id=mock-video-9014 error=HTTP Error 404: Not Found
vision_push_failed frame_id=mock-video-9015 error=HTTP Error 404: Not Found
vision_push_failed frame_id=mock-video-9016 error=HTTP Error 404: Not Found
vision_push_failed frame_id=mock-video-9017 error=HTTP Error 404: Not Found
vision_push_failed frame_id=mock-video-9018 error=HTTP Error 404: Not Found
vision_push_failed frame_id=mock-video-9019 error=HTTP Error 404: Not Found
vision_push_failed frame_id=mock-video-9020 error=HTTP Error 404: Not Found
vision_push_failed frame_id=mock-video-9021 error=HTTP Error 404: Not Found
vision_push_failed frame_id=mock-video-9022 error=HTTP Error 404: Not Found
vision_push_failed frame_id=mock-video-9023 error=HTTP Error 404: Not Found
vision_push_failed frame_id=mock-video-9024 error=HTTP Error 404: Not Found
vision_push_failed frame_id=mock-video-9025 error=HTTP Error 404: Not Found
vision_push_failed frame_id=mock-video-9026 error=HTTP Error 404: Not Found
vision_push_failed frame_id=mock-video-9027 error=HTTP Error 404: Not Found
vision_push_failed frame_id=mock-video-9028 error=HTTP Error 404: Not Found
vision_push_failed frame_id=mock-video-9029 error=HTTP Error 404: Not Found
vision_push_failed frame_id=mock-video-9030 error=HTTP Error 404: Not Found
vision_push_failed frame_id=mock-video-9031 error=HTTP Error 404: Not Found
vision_push_failed frame_id=mock-video-9032 error=HTTP Error 404: Not Found
vision_push_failed frame_id=mock-video-9033 error=HTTP Error 404: Not Found
vision_push_failed frame_id=mock-video-9034 error=HTTP Error 404: Not Found
vision_push_failed frame_id=mock-video-9035 error=HTTP Error 404: Not Found
vision_push_failed frame_id=mock-video-9036 error=HTTP Error 404: Not Found
vision_push_failed frame_id=mock-video-9037 error=HTTP Error 404: Not Found
vision_push_failed frame_id=mock-video-9038 error=HTTP Error 404: Not Found
vision_push_failed frame_id=mock-video-9039 error=HTTP Error 404: Not Found
vision_push_failed frame_id=mock-video-9040 error=HTTP Error 404: Not Found
vision_push_failed frame_id=mock-video-9041 error=HTTP Error 404: Not Found
vision_push_failed frame_id=mock-video-9042 error=HTTP Error 404: Not Found
vision_push_failed frame_id=mock-video-9043 error=HTTP Error 404: Not Found
vision_push_failed frame_id=mock-video-9044 error=HTTP Error 404: Not Found
vision_push_failed frame_id=mock-video-9045 error=HTTP Error 404: Not Found
vision_push_failed frame_id=mock-video-9046 error=HTTP Error 404: Not Found
vision_push_failed frame_id=mock-video-9047 error=HTTP Error 404: Not Found
vision_push_failed frame_id=mock-video-9048 error=HTTP Error 404: Not Found
vision_push_failed frame_id=mock-video-9049 error=HTTP Error 404: Not Found
vision_push_failed frame_id=mock-video-9050 error=HTTP Error 404: Not Found
vision_push_failed frame_id=mock-video-9051 error=HTTP Error 404: Not Found
vision_push_failed frame_id=mock-video-9052 error=HTTP Error 404: Not Found
vision_push_failed frame_id=mock-video-9053 error=HTTP Error 404: Not Found
vision_push_failed frame_id=mock-video-9054 error=HTTP Error 404: Not Found
vision_push_failed frame_id=mock-video-9055 error=HTTP Error 404: Not Found
vision_push_failed frame_id=mock-video-9056 error=HTTP Error 404: Not Found
vision_push_failed frame_id=mock-video-9057 error=HTTP Error 404: Not Found
vision_push_failed frame_id=mock-video-9058 error=HTTP Error 404: Not Found
vision_push_failed frame_id=mock-video-9059 error=HTTP Error 404: Not Found
vision_push_failed frame_id=mock-video-9060 error=HTTP Error 404: Not Found
vision_push_failed frame_id=mock-video-9061 error=HTTP Error 404: Not Found
vision_push_failed frame_id=mock-video-9062 error=HTTP Error 404: Not Found
vision_push_failed frame_id=mock-video-9063 error=HTTP Error 404: Not Found
vision_push_failed frame_id=mock-video-9064 error=HTTP Error 404: Not Found
vision_push_failed frame_id=mock-video-9065 error=HTTP Error 404: Not Found
vision_push_failed frame_id=mock-video-9066 error=HTTP Error 404: Not Found
vision_push_failed frame_id=mock-video-9067 error=HTTP Error 404: Not Found
vision_push_failed frame_id=mock-video-9068 error=HTTP Error 404: Not Found
vision_push_failed frame_id=mock-video-9069 error=HTTP Error 404: Not Found
vision_push_failed frame_id=mock-video-9070 error=HTTP Error 404: Not Found
vision_push_failed frame_id=mock-video-9071 error=HTTP Error 404: Not Found
vision_push_failed frame_id=mock-video-9072 error=HTTP Error 404: Not Found
vision_push_failed frame_id=mock-video-9073 error=HTTP Error 404: Not Found
vision_push_failed frame_id=mock-video-9074 error=HTTP Error 404: Not Found
vision_push_failed frame_id=mock-video-9075 error=HTTP Error 404: Not Found
vision_push_failed frame_id=mock-video-9076 error=HTTP Error 404: Not Found
vision_push_failed frame_id=mock-video-9077 error=HTTP Error 404: Not Found
vision_push_failed frame_id=mock-video-9078 error=HTTP Error 404: Not Found
vision_push_failed frame_id=mock-video-9079 error=HTTP Error 404: Not Found
vision_push_failed frame_id=mock-video-9080 error=HTTP Error 404: Not Found
vision_push_failed frame_id=mock-video-9081 error=HTTP Error 404: Not Found
vision_push_failed frame_id=mock-video-9082 error=<urlopen error timed out>
vision_push_failed frame_id=mock-video-9083 error=HTTP Error 404: Not Found
vision_push_failed frame_id=mock-video-9084 error=HTTP Error 404: Not Found
vision_push_failed frame_id=mock-video-9085 error=HTTP Error 404: Not Found
vision_push_failed frame_id=mock-video-9086 error=HTTP Error 404: Not Found
vision_push_failed frame_id=mock-video-9087 error=HTTP Error 404: Not Found
vision_push_failed frame_id=mock-video-9088 error=HTTP Error 404: Not Found
vision_push_failed frame_id=mock-video-9089 error=HTTP Error 404: Not Found
vision_push_failed frame_id=mock-video-9090 error=HTTP Error 404: Not Found
vision_push_failed frame_id=mock-video-9091 error=HTTP Error 404: Not Found
vision_push_failed frame_id=mock-video-9092 error=HTTP Error 404: Not Found
vision_push_failed frame_id=mock-video-9093 error=HTTP Error 404: Not Found
vision_push_failed frame_id=mock-video-9094 error=HTTP Error 404: Not Found
vision_push_failed frame_id=mock-video-9095 error=HTTP Error 404: Not Found
vision_push_failed frame_id=mock-video-9096 error=HTTP Error 404: Not Found
vision_push_failed frame_id=mock-video-9097 error=HTTP Error 404: Not Found
vision_push_failed frame_id=mock-video-9098 error=HTTP Error 404: Not Found
vision_push_failed frame_id=mock-video-9099 error=HTTP Error 404: Not Found
vision_push_failed frame_id=mock-video-9100 error=HTTP Error 404: Not Found
vision_push_failed frame_id=mock-video-9101 error=HTTP Error 404: Not Found
vision_push_failed frame_id=mock-video-9102 error=HTTP Error 404: Not Found
vision_push_failed frame_id=mock-video-9103 error=HTTP Error 404: Not Found
vision_push_failed frame_id=mock-video-9104 error=HTTP Error 404: Not Found
vision_push_failed frame_id=mock-video-9105 error=HTTP Error 404: Not Found
vision_push_failed frame_id=mock-video-9106 error=HTTP Error 404: Not Found
vision_push_failed frame_id=mock-video-9107 error=HTTP Error 404: Not Found
vision_push_failed frame_id=mock-video-9108 error=HTTP Error 404: Not Found
vision_push_failed frame_id=mock-video-9109 error=HTTP Error 404: Not Found
vision_push_failed frame_id=mock-video-9110 error=HTTP Error 404: Not Found
vision_push_failed frame_id=mock-video-9111 error=HTTP Error 404: Not Found
vision_push_failed frame_id=mock-video-9112 error=HTTP Error 404: Not Found
vision_push_failed frame_id=mock-video-9113 error=HTTP Error 404: Not Found
vision_push_failed frame_id=mock-video-9114 error=HTTP Error 404: Not Found
vision_push_failed frame_id=mock-video-9115 error=HTTP Error 404: Not Found
vision_push_failed frame_id=mock-video-9116 error=HTTP Error 404: Not Found
vision_push_failed frame_id=mock-video-9117 error=HTTP Error 404: Not Found
vision_push_failed frame_id=mock-video-9118 error=HTTP Error 404: Not Found
vision_push_failed frame_id=mock-video-9119 error=HTTP Error 404: Not Found
vision_push_failed frame_id=mock-video-9120 error=HTTP Error 404: Not Found
vision_push_failed frame_id=mock-video-9121 error=HTTP Error 404: Not Found
vision_push_failed frame_id=mock-video-9122 error=HTTP Error 404: Not Found
vision_push_failed frame_id=mock-video-9123 error=HTTP Error 404: Not Found
vision_push_failed frame_id=mock-video-9124 error=HTTP Error 404: Not Found
vision_push_failed frame_id=mock-video-9125 error=HTTP Error 404: Not Found
vision_push_failed frame_id=mock-video-9126 error=HTTP Error 404: Not Found
vision_push_failed frame_id=mock-video-9127 error=HTTP Error 404: Not Found
vision_push_failed frame_id=mock-video-9128 error=HTTP Error 404: Not Found
vision_push_failed frame_id=mock-video-9129 error=HTTP Error 404: Not Found
vision_push_failed frame_id=mock-video-9130 error=HTTP Error 404: Not Found
vision_push_failed frame_id=mock-video-9131 error=HTTP Error 404: Not Found
vision_push_failed frame_id=mock-video-9132 error=HTTP Error 404: Not Found
vision_push_failed frame_id=mock-video-9133 error=HTTP Error 404: Not Found
vision_push_failed frame_id=mock-video-9134 error=HTTP Error 404: Not Found
vision_push_failed frame_id=mock-video-9135 error=HTTP Error 404: Not Found
vision_push_failed frame_id=mock-video-9136 error=HTTP Error 404: Not Found
vision_push_failed frame_id=mock-video-9137 error=HTTP Error 404: Not Found
vision_push_failed frame_id=mock-video-9138 error=HTTP Error 404: Not Found
vision_push_failed frame_id=mock-video-9139 error=HTTP Error 404: Not Found
vision_push_failed frame_id=mock-video-9140 error=HTTP Error 404: Not Found
vision_push_failed frame_id=mock-video-9141 error=HTTP Error 404: Not Found
vision_push_failed frame_id=mock-video-9142 error=HTTP Error 404: Not Found
vision_push_failed frame_id=mock-video-9143 error=HTTP Error 404: Not Found
vision_push_failed frame_id=mock-video-9144 error=HTTP Error 404: Not Found
vision_push_failed frame_id=mock-video-9145 error=HTTP Error 404: Not Found
vision_push_failed frame_id=mock-video-9146 error=HTTP Error 404: Not Found
vision_push_failed frame_id=mock-video-9147 error=HTTP Error 404: Not Found
vision_push_failed frame_id=mock-video-9148 error=HTTP Error 404: Not Found
vision_push_failed frame_id=mock-video-9149 error=HTTP Error 404: Not Found
vision_push_failed frame_id=mock-video-9150 error=HTTP Error 404: Not Found
vision_push_failed frame_id=mock-video-9151 error=HTTP Error 404: Not Found
vision_push_failed frame_id=mock-video-9152 error=HTTP Error 404: Not Found
vision_push_failed frame_id=mock-video-9153 error=HTTP Error 404: Not Found
vision_push_failed frame_id=mock-video-9154 error=HTTP Error 404: Not Found
vision_push_failed frame_id=mock-video-9155 error=HTTP Error 404: Not Found
vision_push_failed frame_id=mock-video-9156 error=HTTP Error 404: Not Found
vision_push_failed frame_id=mock-video-9157 error=HTTP Error 404: Not Found
vision_push_failed frame_id=mock-video-9158 error=HTTP Error 404: Not Found
vision_push_failed frame_id=mock-video-9159 error=HTTP Error 404: Not Found
vision_push_failed frame_id=mock-video-9160 error=HTTP Error 404: Not Found
vision_push_failed frame_id=mock-video-9161 error=HTTP Error 404: Not Found
vision_push_failed frame_id=mock-video-9162 error=HTTP Error 404: Not Found
vision_push_failed frame_id=mock-video-9163 error=HTTP Error 404: Not Found
vision_push_failed frame_id=mock-video-9164 error=HTTP Error 404: Not Found
vision_push_failed frame_id=mock-video-9165 error=HTTP Error 404: Not Found
vision_push_failed frame_id=mock-video-9166 error=HTTP Error 404: Not Found
vision_push_failed frame_id=mock-video-9167 error=HTTP Error 404: Not Found
vision_push_failed frame_id=mock-video-9168 error=HTTP Error 404: Not Found
vision_push_failed frame_id=mock-video-9169 error=HTTP Error 404: Not Found
vision_push_failed frame_id=mock-video-9170 error=HTTP Error 404: Not Found
vision_push_failed frame_id=mock-video-9171 error=HTTP Error 404: Not Found
vision_push_failed frame_id=mock-video-9172 error=HTTP Error 404: Not Found
vision_push_failed frame_id=mock-video-9173 error=HTTP Error 404: Not Found
vision_push_failed frame_id=mock-video-9174 error=HTTP Error 404: Not Found
vision_push_failed frame_id=mock-video-9175 error=HTTP Error 404: Not Found
vision_push_failed frame_id=mock-video-9176 error=HTTP Error 404: Not Found
vision_push_failed frame_id=mock-video-9177 error=HTTP Error 404: Not Found
vision_push_failed frame_id=mock-video-9178 error=HTTP Error 404: Not Found
vision_push_failed frame_id=mock-video-9179 error=HTTP Error 404: Not Found
vision_push_failed frame_id=mock-video-9180 error=HTTP Error 404: Not Found
vision_push_failed frame_id=mock-video-9181 error=HTTP Error 404: Not Found
vision_push_failed frame_id=mock-video-9182 error=HTTP Error 404: Not Found
vision_push_failed frame_id=mock-video-9183 error=HTTP Error 404: Not Found
vision_push_failed frame_id=mock-video-9184 error=HTTP Error 404: Not Found
vision_push_failed frame_id=mock-video-9185 error=HTTP Error 404: Not Found
vision_push_failed frame_id=mock-video-9186 error=HTTP Error 404: Not Found
vision_push_failed frame_id=mock-video-9187 error=HTTP Error 404: Not Found
vision_push_failed frame_id=mock-video-9188 error=HTTP Error 404: Not Found
vision_push_failed frame_id=mock-video-9189 error=HTTP Error 404: Not Found
vision_push_failed frame_id=mock-video-9190 error=HTTP Error 404: Not Found
vision_push_failed frame_id=mock-video-9191 error=HTTP Error 404: Not Found
vision_push_failed frame_id=mock-video-9192 error=HTTP Error 404: Not Found
vision_push_failed frame_id=mock-video-9193 error=HTTP Error 404: Not Found
vision_push_failed frame_id=mock-video-9194 error=HTTP Error 404: Not Found
vision_push_failed frame_id=mock-video-9195 error=HTTP Error 404: Not Found
vision_push_failed frame_id=mock-video-9196 error=HTTP Error 404: Not Found
vision_push_failed frame_id=mock-video-9197 error=HTTP Error 404: Not Found
vision_push_failed frame_id=mock-video-9198 error=HTTP Error 404: Not Found
vision_push_failed frame_id=mock-video-9199 error=HTTP Error 404: Not Found
vision_push_failed frame_id=mock-video-9200 error=HTTP Error 404: Not Found
vision_push_failed frame_id=mock-video-9201 error=HTTP Error 404: Not Found
vision_push_failed frame_id=mock-video-9202 error=HTTP Error 404: Not Found
vision_push_failed frame_id=mock-video-9203 error=<urlopen error timed out>
vision_push_failed frame_id=mock-video-9204 error=HTTP Error 404: Not Found
vision_push_failed frame_id=mock-video-9205 error=HTTP Error 404: Not Found
vision_push_failed frame_id=mock-video-9206 error=HTTP Error 404: Not Found
vision_push_failed frame_id=mock-video-9207 error=HTTP Error 404: Not Found
vision_push_failed frame_id=mock-video-9208 error=HTTP Error 404: Not Found
vision_push_failed frame_id=mock-video-9209 error=HTTP Error 404: Not Found
vision_push_failed frame_id=mock-video-9210 error=HTTP Error 404: Not Found
vision_push_failed frame_id=mock-video-9211 error=HTTP Error 404: Not Found
vision_push_failed frame_id=mock-video-9212 error=HTTP Error 404: Not Found
vision_push_failed frame_id=mock-video-9213 error=HTTP Error 404: Not Found
vision_push_failed frame_id=mock-video-9214 error=HTTP Error 404: Not Found
vision_push_failed frame_id=mock-video-9215 error=HTTP Error 404: Not Found
vision_push_failed frame_id=mock-video-9216 error=HTTP Error 404: Not Found
vision_push_failed frame_id=mock-video-9217 error=HTTP Error 404: Not Found
vision_push_failed frame_id=mock-video-9218 error=HTTP Error 404: Not Found
vision_push_failed frame_id=mock-video-9219 error=HTTP Error 404: Not Found
vision_push_failed frame_id=mock-video-9220 error=HTTP Error 404: Not Found
vision_push_failed frame_id=mock-video-9221 error=HTTP Error 404: Not Found
vision_push_failed frame_id=mock-video-9222 error=HTTP Error 404: Not Found
vision_push_failed frame_id=mock-video-9223 error=HTTP Error 404: Not Found
vision_push_failed frame_id=mock-video-9224 error=HTTP Error 404: Not Found
vision_push_failed frame_id=mock-video-9225 error=HTTP Error 404: Not Found
vision_push_failed frame_id=mock-video-9226 error=HTTP Error 404: Not Found
vision_push_failed frame_id=mock-video-9227 error=HTTP Error 404: Not Found
vision_push_failed frame_id=mock-video-9228 error=HTTP Error 404: Not Found
vision_push_failed frame_id=mock-video-9229 error=HTTP Error 404: Not Found
vision_push_failed frame_id=mock-video-9230 error=HTTP Error 404: Not Found
vision_push_failed frame_id=mock-video-9231 error=HTTP Error 404: Not Found
vision_push_failed frame_id=mock-video-9232 error=HTTP Error 404: Not Found
vision_push_failed frame_id=mock-video-9233 error=HTTP Error 404: Not Found
vision_push_failed frame_id=mock-video-9234 error=HTTP Error 404: Not Found
vision_push_failed frame_id=mock-video-9235 error=HTTP Error 404: Not Found
vision_push_failed frame_id=mock-video-9236 error=HTTP Error 404: Not Found
vision_push_failed frame_id=mock-video-9237 error=HTTP Error 404: Not Found
vision_push_failed frame_id=mock-video-9238 error=HTTP Error 404: Not Found
vision_push_failed frame_id=mock-video-9239 error=HTTP Error 404: Not Found
vision_push_failed frame_id=mock-video-9240 error=HTTP Error 404: Not Found
vision_push_failed frame_id=mock-video-9241 error=HTTP Error 404: Not Found
vision_push_failed frame_id=mock-video-9242 error=HTTP Error 404: Not Found
vision_push_failed frame_id=mock-video-9243 error=HTTP Error 404: Not Found
vision_push_failed frame_id=mock-video-9244 error=HTTP Error 404: Not Found
vision_push_failed frame_id=mock-video-9245 error=HTTP Error 404: Not Found
vision_push_failed frame_id=mock-video-9246 error=HTTP Error 404: Not Found
vision_push_failed frame_id=mock-video-9247 error=HTTP Error 404: Not Found
vision_push_failed frame_id=mock-video-9248 error=HTTP Error 404: Not Found
vision_push_failed frame_id=mock-video-9249 error=HTTP Error 404: Not Found
vision_push_failed frame_id=mock-video-9250 error=HTTP Error 404: Not Found
vision_push_failed frame_id=mock-video-9251 error=HTTP Error 404: Not Found
vision_push_failed frame_id=mock-video-9252 error=HTTP Error 404: Not Found
vision_push_failed frame_id=mock-video-9253 error=HTTP Error 404: Not Found
vision_push_failed frame_id=mock-video-9254 error=HTTP Error 404: Not Found
vision_push_failed frame_id=mock-video-9255 error=HTTP Error 404: Not Found
vision_push_failed frame_id=mock-video-9256 error=HTTP Error 404: Not Found
vision_push_failed frame_id=mock-video-9257 error=HTTP Error 404: Not Found
vision_push_failed frame_id=mock-video-9258 error=HTTP Error 404: Not Found
vision_push_failed frame_id=mock-video-9259 error=HTTP Error 404: Not Found
vision_push_failed frame_id=mock-video-9260 error=HTTP Error 404: Not Found
vision_push_failed frame_id=mock-video-9261 error=HTTP Error 404: Not Found
vision_push_failed frame_id=mock-video-9262 error=HTTP Error 404: Not Found
vision_push_failed frame_id=mock-video-9263 error=HTTP Error 404: Not Found
vision_push_failed frame_id=mock-video-9264 error=HTTP Error 404: Not Found
vision_push_failed frame_id=mock-video-9265 error=HTTP Error 404: Not Found
vision_push_failed frame_id=mock-video-9266 error=HTTP Error 404: Not Found
vision_push_failed frame_id=mock-video-9267 error=<urlopen error timed out>
vision_push_failed frame_id=mock-video-9268 error=HTTP Error 404: Not Found
vision_push_failed frame_id=mock-video-9269 error=HTTP Error 404: Not Found
vision_push_failed frame_id=mock-video-9270 error=HTTP Error 404: Not Found
vision_push_failed frame_id=mock-video-9271 error=HTTP Error 404: Not Found
vision_push_failed frame_id=mock-video-9272 error=<urlopen error timed out>
vision_push_failed frame_id=mock-video-9273 error=HTTP Error 404: Not Found
vision_push_failed frame_id=mock-video-9274 error=HTTP Error 404: Not Found
vision_push_failed frame_id=mock-video-9275 error=HTTP Error 404: Not Found
vision_push_failed frame_id=mock-video-9276 error=HTTP Error 404: Not Found
vision_push_failed frame_id=mock-video-9277 error=HTTP Error 404: Not Found
vision_push_failed frame_id=mock-video-9278 error=HTTP Error 404: Not Found
vision_push_failed frame_id=mock-video-9279 error=HTTP Error 404: Not Found
vision_push_failed frame_id=mock-video-9280 error=HTTP Error 404: Not Found
vision_push_failed frame_id=mock-video-9281 error=HTTP Error 404: Not Found
vision_push_failed frame_id=mock-video-9282 error=HTTP Error 404: Not Found
vision_push_failed frame_id=mock-video-9283 error=HTTP Error 404: Not Found
vision_push_failed frame_id=mock-video-9284 error=HTTP Error 404: Not Found
vision_push_failed frame_id=mock-video-9285 error=HTTP Error 404: Not Found
vision_push_failed frame_id=mock-video-9286 error=HTTP Error 404: Not Found
vision_push_failed frame_id=mock-video-9287 error=HTTP Error 404: Not Found
vision_push_failed frame_id=mock-video-9288 error=HTTP Error 404: Not Found
vision_push_failed frame_id=mock-video-9289 error=HTTP Error 404: Not Found
vision_push_failed frame_id=mock-video-9290 error=HTTP Error 404: Not Found
vision_push_failed frame_id=mock-video-9291 error=HTTP Error 404: Not Found
vision_push_failed frame_id=mock-video-9292 error=HTTP Error 404: Not Found
vision_push_failed frame_id=mock-video-9293 error=HTTP Error 404: Not Found
vision_push_failed frame_id=mock-video-9294 error=HTTP Error 404: Not Found
vision_push_failed frame_id=mock-video-9295 error=HTTP Error 404: Not Found
vision_push_failed frame_id=mock-video-9296 error=HTTP Error 404: Not Found
vision_push_failed frame_id=mock-video-9297 error=HTTP Error 404: Not Found
vision_push_failed frame_id=mock-video-9298 error=HTTP Error 404: Not Found
vision_push_failed frame_id=mock-video-9299 error=HTTP Error 404: Not Found
vision_push_failed frame_id=mock-video-9300 error=HTTP Error 404: Not Found
vision_push_failed frame_id=mock-video-9301 error=HTTP Error 404: Not Found
vision_push_failed frame_id=mock-video-9302 error=HTTP Error 404: Not Found
vision_push_failed frame_id=mock-video-9303 error=HTTP Error 404: Not Found
vision_push_failed frame_id=mock-video-9304 error=HTTP Error 404: Not Found
vision_push_failed frame_id=mock-video-9305 error=HTTP Error 404: Not Found
vision_push_failed frame_id=mock-video-9306 error=HTTP Error 404: Not Found
vision_push_failed frame_id=mock-video-9307 error=HTTP Error 404: Not Found
vision_push_failed frame_id=mock-video-9308 error=HTTP Error 404: Not Found
vision_push_failed frame_id=mock-video-9309 error=HTTP Error 404: Not Found
vision_push_failed frame_id=mock-video-9310 error=HTTP Error 404: Not Found
vision_push_failed frame_id=mock-video-9311 error=HTTP Error 404: Not Found
vision_push_failed frame_id=mock-video-9312 error=HTTP Error 404: Not Found
vision_push_failed frame_id=mock-video-9313 error=HTTP Error 404: Not Found
vision_push_failed frame_id=mock-video-9314 error=HTTP Error 404: Not Found
vision_push_failed frame_id=mock-video-9315 error=HTTP Error 404: Not Found
vision_push_failed frame_id=mock-video-9316 error=HTTP Error 404: Not Found
vision_push_failed frame_id=mock-video-9317 error=HTTP Error 404: Not Found
vision_push_failed frame_id=mock-video-9318 error=HTTP Error 404: Not Found
vision_push_failed frame_id=mock-video-9319 error=HTTP Error 404: Not Found
vision_push_failed frame_id=mock-video-9320 error=HTTP Error 404: Not Found
vision_push_failed frame_id=mock-video-9321 error=HTTP Error 404: Not Found
vision_push_failed frame_id=mock-video-9322 error=HTTP Error 404: Not Found
vision_push_failed frame_id=mock-video-9323 error=HTTP Error 404: Not Found
vision_push_failed frame_id=mock-video-9324 error=HTTP Error 404: Not Found
vision_push_failed frame_id=mock-video-9325 error=HTTP Error 404: Not Found
vision_push_failed frame_id=mock-video-9326 error=HTTP Error 404: Not Found
vision_push_failed frame_id=mock-video-9327 error=HTTP Error 404: Not Found
vision_push_failed frame_id=mock-video-9328 error=HTTP Error 404: Not Found
vision_push_failed frame_id=mock-video-9329 error=HTTP Error 404: Not Found
vision_push_failed frame_id=mock-video-9330 error=HTTP Error 404: Not Found
vision_push_failed frame_id=mock-video-9331 error=HTTP Error 404: Not Found
vision_push_failed frame_id=mock-video-9332 error=HTTP Error 404: Not Found
vision_push_failed frame_id=mock-video-9333 error=HTTP Error 404: Not Found
vision_push_failed frame_id=mock-video-9334 error=HTTP Error 404: Not Found
vision_push_failed frame_id=mock-video-9335 error=HTTP Error 404: Not Found
vision_push_failed frame_id=mock-video-9336 error=HTTP Error 404: Not Found
vision_push_failed frame_id=mock-video-9337 error=HTTP Error 404: Not Found
vision_push_failed frame_id=mock-video-9338 error=HTTP Error 404: Not Found
vision_push_failed frame_id=mock-video-9339 error=HTTP Error 404: Not Found
vision_push_failed frame_id=mock-video-9340 error=HTTP Error 404: Not Found
vision_push_failed frame_id=mock-video-9341 error=HTTP Error 404: Not Found
vision_push_failed frame_id=mock-video-9342 error=HTTP Error 404: Not Found
vision_push_failed frame_id=mock-video-9343 error=HTTP Error 404: Not Found
vision_push_failed frame_id=mock-video-9344 error=HTTP Error 404: Not Found
vision_push_failed frame_id=mock-video-9345 error=HTTP Error 404: Not Found
vision_push_failed frame_id=mock-video-9346 error=HTTP Error 404: Not Found
vision_push_failed frame_id=mock-video-9347 error=HTTP Error 404: Not Found
vision_push_failed frame_id=mock-video-9348 error=HTTP Error 404: Not Found
vision_push_failed frame_id=mock-video-9349 error=HTTP Error 404: Not Found
vision_push_failed frame_id=mock-video-9350 error=HTTP Error 404: Not Found
vision_push_failed frame_id=mock-video-9351 error=HTTP Error 404: Not Found
vision_push_failed frame_id=mock-video-9352 error=HTTP Error 404: Not Found
vision_push_failed frame_id=mock-video-9353 error=HTTP Error 404: Not Found
vision_push_failed frame_id=mock-video-9354 error=HTTP Error 404: Not Found
vision_push_failed frame_id=mock-video-9355 error=HTTP Error 404: Not Found
vision_push_failed frame_id=mock-video-9356 error=HTTP Error 404: Not Found
vision_push_failed frame_id=mock-video-9357 error=HTTP Error 404: Not Found
vision_push_failed frame_id=mock-video-9358 error=HTTP Error 404: Not Found
vision_push_failed frame_id=mock-video-9359 error=HTTP Error 404: Not Found
vision_push_failed frame_id=mock-video-9360 error=HTTP Error 404: Not Found
vision_push_failed frame_id=mock-video-9361 error=HTTP Error 404: Not Found
vision_push_failed frame_id=mock-video-9362 error=HTTP Error 404: Not Found
vision_push_failed frame_id=mock-video-9363 error=HTTP Error 404: Not Found
vision_push_failed frame_id=mock-video-9364 error=HTTP Error 404: Not Found
vision_push_failed frame_id=mock-video-9365 error=HTTP Error 404: Not Found
vision_push_failed frame_id=mock-video-9366 error=HTTP Error 404: Not Found
vision_push_failed frame_id=mock-video-9367 error=HTTP Error 404: Not Found
vision_push_failed frame_id=mock-video-9368 error=HTTP Error 404: Not Found
vision_push_failed frame_id=mock-video-9369 error=HTTP Error 404: Not Found
vision_push_failed frame_id=mock-video-9370 error=HTTP Error 404: Not Found
vision_push_failed frame_id=mock-video-9371 error=HTTP Error 404: Not Found
vision_push_failed frame_id=mock-video-9372 error=HTTP Error 404: Not Found
vision_push_failed frame_id=mock-video-9373 error=HTTP Error 404: Not Found
vision_push_failed frame_id=mock-video-9374 error=HTTP Error 404: Not Found
vision_push_failed frame_id=mock-video-9375 error=HTTP Error 404: Not Found
vision_push_failed frame_id=mock-video-9376 error=HTTP Error 404: Not Found
vision_push_failed frame_id=mock-video-9377 error=HTTP Error 404: Not Found
vision_push_failed frame_id=mock-video-9378 error=HTTP Error 404: Not Found
vision_push_failed frame_id=mock-video-9379 error=HTTP Error 404: Not Found
vision_push_failed frame_id=mock-video-9380 error=HTTP Error 404: Not Found
vision_push_failed frame_id=mock-video-9381 error=HTTP Error 404: Not Found
vision_push_failed frame_id=mock-video-9382 error=HTTP Error 404: Not Found
vision_push_failed frame_id=mock-video-9383 error=HTTP Error 404: Not Found
vision_push_failed frame_id=mock-video-9384 error=HTTP Error 404: Not Found
vision_push_failed frame_id=mock-video-9385 error=HTTP Error 404: Not Found
vision_push_failed frame_id=mock-video-9386 error=HTTP Error 404: Not Found
vision_push_failed frame_id=mock-video-9387 error=HTTP Error 404: Not Found
vision_push_failed frame_id=mock-video-9388 error=HTTP Error 404: Not Found
vision_push_failed frame_id=mock-video-9389 error=HTTP Error 404: Not Found
vision_push_failed frame_id=mock-video-9390 error=HTTP Error 404: Not Found
vision_push_failed frame_id=mock-video-9391 error=HTTP Error 404: Not Found
vision_push_failed frame_id=mock-video-9392 error=HTTP Error 404: Not Found
vision_push_failed frame_id=mock-video-9393 error=HTTP Error 404: Not Found
vision_push_failed frame_id=mock-video-9394 error=HTTP Error 404: Not Found
vision_push_failed frame_id=mock-video-9395 error=HTTP Error 404: Not Found
vision_push_failed frame_id=mock-video-9396 error=HTTP Error 404: Not Found
vision_push_failed frame_id=mock-video-9397 error=HTTP Error 404: Not Found
vision_push_failed frame_id=mock-video-9398 error=HTTP Error 404: Not Found
vision_push_failed frame_id=mock-video-9399 error=HTTP Error 404: Not Found
vision_push_failed frame_id=mock-video-9400 error=HTTP Error 404: Not Found
vision_push_failed frame_id=mock-video-9401 error=HTTP Error 404: Not Found
vision_push_failed frame_id=mock-video-9402 error=HTTP Error 404: Not Found
vision_push_failed frame_id=mock-video-9403 error=HTTP Error 404: Not Found
vision_push_failed frame_id=mock-video-9404 error=HTTP Error 404: Not Found
vision_push_failed frame_id=mock-video-9405 error=HTTP Error 404: Not Found
vision_push_failed frame_id=mock-video-9406 error=HTTP Error 404: Not Found
vision_push_failed frame_id=mock-video-9407 error=HTTP Error 404: Not Found
vision_push_failed frame_id=mock-video-9408 error=HTTP Error 404: Not Found
vision_push_failed frame_id=mock-video-9409 error=HTTP Error 404: Not Found
vision_push_failed frame_id=mock-video-9410 error=HTTP Error 404: Not Found
vision_push_failed frame_id=mock-video-9411 error=HTTP Error 404: Not Found
vision_push_failed frame_id=mock-video-9412 error=HTTP Error 404: Not Found
vision_push_failed frame_id=mock-video-9413 error=HTTP Error 404: Not Found
vision_push_failed frame_id=mock-video-9414 error=HTTP Error 404: Not Found
vision_push_failed frame_id=mock-video-9415 error=HTTP Error 404: Not Found
vision_push_failed frame_id=mock-video-9416 error=HTTP Error 404: Not Found
vision_push_failed frame_id=mock-video-9417 error=HTTP Error 404: Not Found
vision_push_failed frame_id=mock-video-9418 error=HTTP Error 404: Not Found
vision_push_failed frame_id=mock-video-9419 error=HTTP Error 404: Not Found
vision_push_failed frame_id=mock-video-9420 error=HTTP Error 404: Not Found
vision_push_failed frame_id=mock-video-9421 error=HTTP Error 404: Not Found
vision_push_failed frame_id=mock-video-9422 error=HTTP Error 404: Not Found
vision_push_failed frame_id=mock-video-9423 error=HTTP Error 404: Not Found
vision_push_failed frame_id=mock-video-9424 error=HTTP Error 404: Not Found
vision_push_failed frame_id=mock-video-9425 error=HTTP Error 404: Not Found
vision_push_failed frame_id=mock-video-9426 error=HTTP Error 404: Not Found
vision_push_failed frame_id=mock-video-9427 error=HTTP Error 404: Not Found
vision_push_failed frame_id=mock-video-9428 error=HTTP Error 404: Not Found
vision_push_failed frame_id=mock-video-9429 error=HTTP Error 404: Not Found
vision_push_failed frame_id=mock-video-9430 error=HTTP Error 404: Not Found
vision_push_failed frame_id=mock-video-9431 error=HTTP Error 404: Not Found
vision_push_failed frame_id=mock-video-9432 error=HTTP Error 404: Not Found
vision_push_failed frame_id=mock-video-9433 error=HTTP Error 404: Not Found
vision_push_failed frame_id=mock-video-9434 error=HTTP Error 404: Not Found
vision_push_failed frame_id=mock-video-9435 error=HTTP Error 404: Not Found
vision_push_failed frame_id=mock-video-9436 error=HTTP Error 404: Not Found
vision_push_failed frame_id=mock-video-9437 error=HTTP Error 404: Not Found
vision_push_failed frame_id=mock-video-9438 error=HTTP Error 404: Not Found
vision_push_failed frame_id=mock-video-9439 error=HTTP Error 404: Not Found
vision_push_failed frame_id=mock-video-9440 error=HTTP Error 404: Not Found
vision_push_failed frame_id=mock-video-9441 error=HTTP Error 404: Not Found
vision_push_failed frame_id=mock-video-9442 error=HTTP Error 404: Not Found
vision_push_failed frame_id=mock-video-9443 error=HTTP Error 404: Not Found
vision_push_failed frame_id=mock-video-9444 error=HTTP Error 404: Not Found
vision_push_failed frame_id=mock-video-9445 error=HTTP Error 404: Not Found
vision_push_failed frame_id=mock-video-9446 error=HTTP Error 404: Not Found
vision_push_failed frame_id=mock-video-9447 error=HTTP Error 404: Not Found
vision_push_failed frame_id=mock-video-9448 error=HTTP Error 404: Not Found
vision_push_failed frame_id=mock-video-9449 error=HTTP Error 404: Not Found
vision_push_failed frame_id=mock-video-9450 error=<urlopen error timed out>
vision_push_failed frame_id=mock-video-9451 error=HTTP Error 404: Not Found
vision_push_failed frame_id=mock-video-9452 error=HTTP Error 404: Not Found
vision_push_failed frame_id=mock-video-9453 error=HTTP Error 404: Not Found
vision_push_failed frame_id=mock-video-9454 error=HTTP Error 404: Not Found
vision_push_failed frame_id=mock-video-9455 error=HTTP Error 404: Not Found
vision_push_failed frame_id=mock-video-9456 error=HTTP Error 404: Not Found
vision_push_failed frame_id=mock-video-9457 error=HTTP Error 404: Not Found
vision_push_failed frame_id=mock-video-9458 error=HTTP Error 404: Not Found
vision_push_failed frame_id=mock-video-9459 error=HTTP Error 404: Not Found
vision_push_failed frame_id=mock-video-9460 error=HTTP Error 404: Not Found
vision_push_failed frame_id=mock-video-9461 error=HTTP Error 404: Not Found
vision_push_failed frame_id=mock-video-9462 error=HTTP Error 404: Not Found
vision_push_failed frame_id=mock-video-9463 error=HTTP Error 404: Not Found
vision_push_failed frame_id=mock-video-9464 error=HTTP Error 404: Not Found
vision_push_failed frame_id=mock-video-9465 error=HTTP Error 404: Not Found
vision_push_failed frame_id=mock-video-9466 error=HTTP Error 404: Not Found
vision_push_failed frame_id=mock-video-9467 error=HTTP Error 404: Not Found
vision_push_failed frame_id=mock-video-9468 error=HTTP Error 404: Not Found
vision_push_failed frame_id=mock-video-9469 error=HTTP Error 404: Not Found
vision_push_failed frame_id=mock-video-9470 error=HTTP Error 404: Not Found
vision_push_failed frame_id=mock-video-9471 error=HTTP Error 404: Not Found
vision_push_failed frame_id=mock-video-9472 error=HTTP Error 404: Not Found
vision_push_failed frame_id=mock-video-9473 error=HTTP Error 404: Not Found
vision_push_failed frame_id=mock-video-9474 error=HTTP Error 404: Not Found
vision_push_failed frame_id=mock-video-9475 error=HTTP Error 404: Not Found
vision_push_failed frame_id=mock-video-9476 error=HTTP Error 404: Not Found
vision_push_failed frame_id=mock-video-9477 error=HTTP Error 404: Not Found
vision_push_failed frame_id=mock-video-9478 error=HTTP Error 404: Not Found
vision_push_failed frame_id=mock-video-9479 error=HTTP Error 404: Not Found
vision_push_failed frame_id=mock-video-9480 error=HTTP Error 404: Not Found
vision_push_failed frame_id=mock-video-9481 error=HTTP Error 404: Not Found
vision_push_failed frame_id=mock-video-9482 error=HTTP Error 404: Not Found
vision_push_failed frame_id=mock-video-9483 error=HTTP Error 404: Not Found
vision_push_failed frame_id=mock-video-9484 error=HTTP Error 404: Not Found
vision_push_failed frame_id=mock-video-9485 error=HTTP Error 404: Not Found
vision_push_failed frame_id=mock-video-9486 error=HTTP Error 404: Not Found
vision_push_failed frame_id=mock-video-9487 error=HTTP Error 404: Not Found
vision_push_failed frame_id=mock-video-9488 error=HTTP Error 404: Not Found
vision_push_failed frame_id=mock-video-9489 error=HTTP Error 404: Not Found
vision_push_failed frame_id=mock-video-9490 error=HTTP Error 404: Not Found
vision_push_failed frame_id=mock-video-9491 error=HTTP Error 404: Not Found
vision_push_failed frame_id=mock-video-9492 error=HTTP Error 404: Not Found
vision_push_failed frame_id=mock-video-9493 error=HTTP Error 404: Not Found
vision_push_failed frame_id=mock-video-9494 error=HTTP Error 404: Not Found
vision_push_failed frame_id=mock-video-9495 error=HTTP Error 404: Not Found
vision_push_failed frame_id=mock-video-9496 error=HTTP Error 404: Not Found
vision_push_failed frame_id=mock-video-9497 error=HTTP Error 404: Not Found
vision_push_failed frame_id=mock-video-9498 error=HTTP Error 404: Not Found
vision_push_failed frame_id=mock-video-9499 error=HTTP Error 404: Not Found
vision_push_failed frame_id=mock-video-9500 error=HTTP Error 404: Not Found
vision_push_failed frame_id=mock-video-9501 error=HTTP Error 404: Not Found
vision_push_failed frame_id=mock-video-9502 error=HTTP Error 404: Not Found
vision_push_failed frame_id=mock-video-9503 error=HTTP Error 404: Not Found
vision_push_failed frame_id=mock-video-9504 error=HTTP Error 404: Not Found
vision_push_failed frame_id=mock-video-9505 error=HTTP Error 404: Not Found
vision_push_failed frame_id=mock-video-9506 error=HTTP Error 404: Not Found
vision_push_failed frame_id=mock-video-9507 error=HTTP Error 404: Not Found
vision_push_failed frame_id=mock-video-9508 error=HTTP Error 404: Not Found
vision_push_failed frame_id=mock-video-9509 error=HTTP Error 404: Not Found
vision_push_failed frame_id=mock-video-9510 error=HTTP Error 404: Not Found
vision_push_failed frame_id=mock-video-9511 error=HTTP Error 404: Not Found
vision_push_failed frame_id=mock-video-9512 error=HTTP Error 404: Not Found
vision_push_failed frame_id=mock-video-9513 error=HTTP Error 404: Not Found
vision_push_failed frame_id=mock-video-9514 error=HTTP Error 404: Not Found
vision_push_failed frame_id=mock-video-9515 error=HTTP Error 404: Not Found
vision_push_failed frame_id=mock-video-9516 error=HTTP Error 404: Not Found
vision_push_failed frame_id=mock-video-9517 error=HTTP Error 404: Not Found
vision_push_failed frame_id=mock-video-9518 error=HTTP Error 404: Not Found
vision_push_failed frame_id=mock-video-9519 error=HTTP Error 404: Not Found
vision_push_failed frame_id=mock-video-9520 error=HTTP Error 404: Not Found
vision_push_failed frame_id=mock-video-9521 error=HTTP Error 404: Not Found
vision_push_failed frame_id=mock-video-9522 error=HTTP Error 404: Not Found
vision_push_failed frame_id=mock-video-9523 error=HTTP Error 404: Not Found
vision_push_failed frame_id=mock-video-9524 error=HTTP Error 404: Not Found
vision_push_failed frame_id=mock-video-9525 error=HTTP Error 404: Not Found
vision_push_failed frame_id=mock-video-9526 error=HTTP Error 404: Not Found
vision_push_failed frame_id=mock-video-9527 error=HTTP Error 404: Not Found
vision_push_failed frame_id=mock-video-9528 error=HTTP Error 404: Not Found
vision_push_failed frame_id=mock-video-9529 error=HTTP Error 404: Not Found
vision_push_failed frame_id=mock-video-9530 error=HTTP Error 404: Not Found
vision_push_failed frame_id=mock-video-9531 error=HTTP Error 404: Not Found
vision_push_failed frame_id=mock-video-9532 error=HTTP Error 404: Not Found
vision_push_failed frame_id=mock-video-9533 error=HTTP Error 404: Not Found
vision_push_failed frame_id=mock-video-9534 error=HTTP Error 404: Not Found
vision_push_failed frame_id=mock-video-9535 error=HTTP Error 404: Not Found
vision_push_failed frame_id=mock-video-9536 error=HTTP Error 404: Not Found
vision_push_failed frame_id=mock-video-9537 error=HTTP Error 404: Not Found
vision_push_failed frame_id=mock-video-9538 error=HTTP Error 404: Not Found
vision_push_failed frame_id=mock-video-9539 error=HTTP Error 404: Not Found
vision_push_failed frame_id=mock-video-9540 error=HTTP Error 404: Not Found
vision_push_failed frame_id=mock-video-9541 error=HTTP Error 404: Not Found
vision_push_failed frame_id=mock-video-9542 error=HTTP Error 404: Not Found
vision_push_failed frame_id=mock-video-9543 error=HTTP Error 404: Not Found
vision_push_failed frame_id=mock-video-9544 error=HTTP Error 404: Not Found
vision_push_failed frame_id=mock-video-9545 error=HTTP Error 404: Not Found
vision_push_failed frame_id=mock-video-9546 error=HTTP Error 404: Not Found
vision_push_failed frame_id=mock-video-9547 error=HTTP Error 404: Not Found
vision_push_failed frame_id=mock-video-9548 error=HTTP Error 404: Not Found
vision_push_failed frame_id=mock-video-9549 error=HTTP Error 404: Not Found
vision_push_failed frame_id=mock-video-9550 error=HTTP Error 404: Not Found
vision_push_failed frame_id=mock-video-9551 error=HTTP Error 404: Not Found
vision_push_failed frame_id=mock-video-9552 error=HTTP Error 404: Not Found
vision_push_failed frame_id=mock-video-9553 error=HTTP Error 404: Not Found
vision_push_failed frame_id=mock-video-9554 error=HTTP Error 404: Not Found
vision_push_failed frame_id=mock-video-9555 error=HTTP Error 404: Not Found
vision_push_failed frame_id=mock-video-9556 error=HTTP Error 404: Not Found
vision_push_failed frame_id=mock-video-9557 error=HTTP Error 404: Not Found
vision_push_failed frame_id=mock-video-9558 error=HTTP Error 404: Not Found
vision_push_failed frame_id=mock-video-9559 error=HTTP Error 404: Not Found
vision_push_failed frame_id=mock-video-9560 error=HTTP Error 404: Not Found
vision_push_failed frame_id=mock-video-9561 error=HTTP Error 404: Not Found
vision_push_failed frame_id=mock-video-9562 error=HTTP Error 404: Not Found
vision_push_failed frame_id=mock-video-9563 error=HTTP Error 404: Not Found
vision_push_failed frame_id=mock-video-9564 error=HTTP Error 404: Not Found
vision_push_failed frame_id=mock-video-9565 error=HTTP Error 404: Not Found
vision_push_failed frame_id=mock-video-9566 error=HTTP Error 404: Not Found
vision_push_failed frame_id=mock-video-9567 error=HTTP Error 404: Not Found
vision_push_failed frame_id=mock-video-9568 error=HTTP Error 404: Not Found
vision_push_failed frame_id=mock-video-9569 error=HTTP Error 404: Not Found
vision_push_failed frame_id=mock-video-9570 error=HTTP Error 404: Not Found
vision_push_failed frame_id=mock-video-9571 error=HTTP Error 404: Not Found
vision_push_failed frame_id=mock-video-9572 error=HTTP Error 404: Not Found
vision_push_failed frame_id=mock-video-9573 error=HTTP Error 404: Not Found
vision_push_failed frame_id=mock-video-9574 error=HTTP Error 404: Not Found
vision_push_failed frame_id=mock-video-9575 error=HTTP Error 404: Not Found
vision_push_failed frame_id=mock-video-9576 error=HTTP Error 404: Not Found
vision_push_failed frame_id=mock-video-9577 error=HTTP Error 404: Not Found
vision_push_failed frame_id=mock-video-9578 error=HTTP Error 404: Not Found
vision_push_failed frame_id=mock-video-9579 error=HTTP Error 404: Not Found
vision_push_failed frame_id=mock-video-9580 error=HTTP Error 404: Not Found
vision_push_failed frame_id=mock-video-9581 error=HTTP Error 404: Not Found
vision_push_failed frame_id=mock-video-9582 error=HTTP Error 404: Not Found
vision_push_failed frame_id=mock-video-9583 error=HTTP Error 404: Not Found
vision_push_failed frame_id=mock-video-9584 error=HTTP Error 404: Not Found
vision_push_failed frame_id=mock-video-9585 error=HTTP Error 404: Not Found
vision_push_failed frame_id=mock-video-9586 error=HTTP Error 404: Not Found
vision_push_failed frame_id=mock-video-9587 error=<urlopen error timed out>
vision_push_failed frame_id=mock-video-9588 error=HTTP Error 404: Not Found
vision_push_failed frame_id=mock-video-9589 error=HTTP Error 404: Not Found
vision_push_failed frame_id=mock-video-9590 error=HTTP Error 404: Not Found
vision_push_failed frame_id=mock-video-9591 error=HTTP Error 404: Not Found
vision_push_failed frame_id=mock-video-9592 error=HTTP Error 404: Not Found
vision_push_failed frame_id=mock-video-9593 error=HTTP Error 404: Not Found
vision_push_failed frame_id=mock-video-9594 error=HTTP Error 404: Not Found
vision_push_failed frame_id=mock-video-9595 error=HTTP Error 404: Not Found
vision_push_failed frame_id=mock-video-9596 error=HTTP Error 404: Not Found
vision_push_failed frame_id=mock-video-9597 error=HTTP Error 404: Not Found
vision_push_failed frame_id=mock-video-9598 error=HTTP Error 404: Not Found
vision_push_failed frame_id=mock-video-9599 error=HTTP Error 404: Not Found
vision_push_failed frame_id=mock-video-9600 error=HTTP Error 404: Not Found
vision_push_failed frame_id=mock-video-9601 error=HTTP Error 404: Not Found
vision_push_failed frame_id=mock-video-9602 error=HTTP Error 404: Not Found
vision_push_failed frame_id=mock-video-9603 error=HTTP Error 404: Not Found
vision_push_failed frame_id=mock-video-9604 error=HTTP Error 404: Not Found
vision_push_failed frame_id=mock-video-9605 error=HTTP Error 404: Not Found
vision_push_failed frame_id=mock-video-9606 error=HTTP Error 404: Not Found
vision_push_failed frame_id=mock-video-9607 error=HTTP Error 404: Not Found
vision_push_failed frame_id=mock-video-9608 error=HTTP Error 404: Not Found
vision_push_failed frame_id=mock-video-9609 error=HTTP Error 404: Not Found
vision_push_failed frame_id=mock-video-9610 error=HTTP Error 404: Not Found
vision_push_failed frame_id=mock-video-9611 error=HTTP Error 404: Not Found
vision_push_failed frame_id=mock-video-9612 error=HTTP Error 404: Not Found
vision_push_failed frame_id=mock-video-9613 error=HTTP Error 404: Not Found
vision_push_failed frame_id=mock-video-9614 error=HTTP Error 404: Not Found
vision_push_failed frame_id=mock-video-9615 error=HTTP Error 404: Not Found
vision_push_failed frame_id=mock-video-9616 error=HTTP Error 404: Not Found
vision_push_failed frame_id=mock-video-9617 error=HTTP Error 404: Not Found
vision_push_failed frame_id=mock-video-9618 error=HTTP Error 404: Not Found
vision_push_failed frame_id=mock-video-9619 error=HTTP Error 404: Not Found
vision_push_failed frame_id=mock-video-9620 error=HTTP Error 404: Not Found
vision_push_failed frame_id=mock-video-9621 error=HTTP Error 404: Not Found
vision_push_failed frame_id=mock-video-9622 error=HTTP Error 404: Not Found
vision_push_failed frame_id=mock-video-9623 error=HTTP Error 404: Not Found
vision_push_failed frame_id=mock-video-9624 error=HTTP Error 404: Not Found
vision_push_failed frame_id=mock-video-9625 error=HTTP Error 404: Not Found
vision_push_failed frame_id=mock-video-9626 error=HTTP Error 404: Not Found
vision_push_failed frame_id=mock-video-9627 error=HTTP Error 404: Not Found
vision_push_failed frame_id=mock-video-9628 error=HTTP Error 404: Not Found
vision_push_failed frame_id=mock-video-9629 error=HTTP Error 404: Not Found
vision_push_failed frame_id=mock-video-9630 error=HTTP Error 404: Not Found
vision_push_failed frame_id=mock-video-9631 error=HTTP Error 404: Not Found
vision_push_failed frame_id=mock-video-9632 error=HTTP Error 404: Not Found
vision_push_failed frame_id=mock-video-9633 error=HTTP Error 404: Not Found
vision_push_failed frame_id=mock-video-9634 error=HTTP Error 404: Not Found
vision_push_failed frame_id=mock-video-9635 error=HTTP Error 404: Not Found
vision_push_failed frame_id=mock-video-9636 error=HTTP Error 404: Not Found
vision_push_failed frame_id=mock-video-9637 error=HTTP Error 404: Not Found
vision_push_failed frame_id=mock-video-9638 error=HTTP Error 404: Not Found
vision_push_failed frame_id=mock-video-9639 error=HTTP Error 404: Not Found
vision_push_failed frame_id=mock-video-9640 error=HTTP Error 404: Not Found
vision_push_failed frame_id=mock-video-9641 error=HTTP Error 404: Not Found
vision_push_failed frame_id=mock-video-9642 error=HTTP Error 404: Not Found
vision_push_failed frame_id=mock-video-9643 error=HTTP Error 404: Not Found
vision_push_failed frame_id=mock-video-9644 error=HTTP Error 404: Not Found
vision_push_failed frame_id=mock-video-9645 error=HTTP Error 404: Not Found
vision_push_failed frame_id=mock-video-9646 error=HTTP Error 404: Not Found
vision_push_failed frame_id=mock-video-9647 error=HTTP Error 404: Not Found
vision_push_failed frame_id=mock-video-9648 error=HTTP Error 404: Not Found
vision_push_failed frame_id=mock-video-9649 error=HTTP Error 404: Not Found
vision_push_failed frame_id=mock-video-9650 error=HTTP Error 404: Not Found
vision_push_failed frame_id=mock-video-9651 error=HTTP Error 404: Not Found
vision_push_failed frame_id=mock-video-9652 error=HTTP Error 404: Not Found
vision_push_failed frame_id=mock-video-9653 error=HTTP Error 404: Not Found
vision_push_failed frame_id=mock-video-9654 error=HTTP Error 404: Not Found
vision_push_failed frame_id=mock-video-9655 error=HTTP Error 404: Not Found
vision_push_failed frame_id=mock-video-9656 error=HTTP Error 404: Not Found
vision_push_failed frame_id=mock-video-9657 error=HTTP Error 404: Not Found
vision_push_failed frame_id=mock-video-9658 error=HTTP Error 404: Not Found
vision_push_failed frame_id=mock-video-9659 error=HTTP Error 404: Not Found
vision_push_failed frame_id=mock-video-9660 error=HTTP Error 404: Not Found
vision_push_failed frame_id=mock-video-9661 error=HTTP Error 404: Not Found
vision_push_failed frame_id=mock-video-9662 error=HTTP Error 404: Not Found
vision_push_failed frame_id=mock-video-9663 error=HTTP Error 404: Not Found
vision_push_failed frame_id=mock-video-9664 error=HTTP Error 404: Not Found
vision_push_failed frame_id=mock-video-9665 error=HTTP Error 404: Not Found
vision_push_failed frame_id=mock-video-9666 error=HTTP Error 404: Not Found
vision_push_failed frame_id=mock-video-9667 error=HTTP Error 404: Not Found
vision_push_failed frame_id=mock-video-9668 error=HTTP Error 404: Not Found
vision_push_failed frame_id=mock-video-9669 error=HTTP Error 404: Not Found
vision_push_failed frame_id=mock-video-9670 error=HTTP Error 404: Not Found
vision_push_failed frame_id=mock-video-9671 error=HTTP Error 404: Not Found
vision_push_failed frame_id=mock-video-9672 error=HTTP Error 404: Not Found
vision_push_failed frame_id=mock-video-9673 error=HTTP Error 404: Not Found
vision_push_failed frame_id=mock-video-9674 error=HTTP Error 404: Not Found
vision_push_failed frame_id=mock-video-9675 error=HTTP Error 404: Not Found
vision_push_failed frame_id=mock-video-9676 error=HTTP Error 404: Not Found
vision_push_failed frame_id=mock-video-9677 error=HTTP Error 404: Not Found
vision_push_failed frame_id=mock-video-9678 error=HTTP Error 404: Not Found
vision_push_failed frame_id=mock-video-9679 error=HTTP Error 404: Not Found
vision_push_failed frame_id=mock-video-9680 error=HTTP Error 404: Not Found
vision_push_failed frame_id=mock-video-9681 error=HTTP Error 404: Not Found
vision_push_failed frame_id=mock-video-9682 error=HTTP Error 404: Not Found
vision_push_failed frame_id=mock-video-9683 error=HTTP Error 404: Not Found
vision_push_failed frame_id=mock-video-9684 error=HTTP Error 404: Not Found
vision_push_failed frame_id=mock-video-9685 error=HTTP Error 404: Not Found
vision_push_failed frame_id=mock-video-9686 error=HTTP Error 404: Not Found
vision_push_failed frame_id=mock-video-9687 error=HTTP Error 404: Not Found
vision_push_failed frame_id=mock-video-9688 error=HTTP Error 404: Not Found
vision_push_failed frame_id=mock-video-9689 error=HTTP Error 404: Not Found
vision_push_failed frame_id=mock-video-9690 error=HTTP Error 404: Not Found
vision_push_failed frame_id=mock-video-9691 error=HTTP Error 404: Not Found
vision_push_failed frame_id=mock-video-9692 error=HTTP Error 404: Not Found
vision_push_failed frame_id=mock-video-9693 error=<urlopen error timed out>
vision_push_failed frame_id=mock-video-9694 error=HTTP Error 404: Not Found
vision_push_failed frame_id=mock-video-9695 error=HTTP Error 404: Not Found
vision_push_failed frame_id=mock-video-9696 error=HTTP Error 404: Not Found
vision_push_failed frame_id=mock-video-9697 error=HTTP Error 404: Not Found
vision_push_failed frame_id=mock-video-9698 error=HTTP Error 404: Not Found
vision_push_failed frame_id=mock-video-9699 error=HTTP Error 404: Not Found
vision_push_failed frame_id=mock-video-9700 error=HTTP Error 404: Not Found
vision_push_failed frame_id=mock-video-9701 error=HTTP Error 404: Not Found
vision_push_failed frame_id=mock-video-9702 error=HTTP Error 404: Not Found
vision_push_failed frame_id=mock-video-9703 error=HTTP Error 404: Not Found
vision_push_failed frame_id=mock-video-9704 error=HTTP Error 404: Not Found
vision_push_failed frame_id=mock-video-9705 error=HTTP Error 404: Not Found
vision_push_failed frame_id=mock-video-9706 error=HTTP Error 404: Not Found
vision_push_failed frame_id=mock-video-9707 error=HTTP Error 404: Not Found
vision_push_failed frame_id=mock-video-9708 error=HTTP Error 404: Not Found
vision_push_failed frame_id=mock-video-9709 error=HTTP Error 404: Not Found
vision_push_failed frame_id=mock-video-9710 error=HTTP Error 404: Not Found
vision_push_failed frame_id=mock-video-9711 error=HTTP Error 404: Not Found
vision_push_failed frame_id=mock-video-9712 error=HTTP Error 404: Not Found
vision_push_failed frame_id=mock-video-9713 error=HTTP Error 404: Not Found
vision_push_failed frame_id=mock-video-9714 error=HTTP Error 404: Not Found
vision_push_failed frame_id=mock-video-9715 error=HTTP Error 404: Not Found
vision_push_failed frame_id=mock-video-9716 error=HTTP Error 404: Not Found
vision_push_failed frame_id=mock-video-9717 error=HTTP Error 404: Not Found
vision_push_failed frame_id=mock-video-9718 error=HTTP Error 404: Not Found
vision_push_failed frame_id=mock-video-9719 error=HTTP Error 404: Not Found
vision_push_failed frame_id=mock-video-9720 error=HTTP Error 404: Not Found
vision_push_failed frame_id=mock-video-9721 error=HTTP Error 404: Not Found
vision_push_failed frame_id=mock-video-9722 error=HTTP Error 404: Not Found
vision_push_failed frame_id=mock-video-9723 error=HTTP Error 404: Not Found
vision_push_failed frame_id=mock-video-9724 error=HTTP Error 404: Not Found
vision_push_failed frame_id=mock-video-9725 error=HTTP Error 404: Not Found
vision_push_failed frame_id=mock-video-9726 error=HTTP Error 404: Not Found
vision_push_failed frame_id=mock-video-9727 error=HTTP Error 404: Not Found
vision_push_failed frame_id=mock-video-9728 error=HTTP Error 404: Not Found
vision_push_failed frame_id=mock-video-9729 error=HTTP Error 404: Not Found
vision_push_failed frame_id=mock-video-9730 error=HTTP Error 404: Not Found
vision_push_failed frame_id=mock-video-9731 error=HTTP Error 404: Not Found
vision_push_failed frame_id=mock-video-9732 error=HTTP Error 404: Not Found
vision_push_failed frame_id=mock-video-9733 error=HTTP Error 404: Not Found
vision_push_failed frame_id=mock-video-9734 error=HTTP Error 404: Not Found
vision_push_failed frame_id=mock-video-9735 error=HTTP Error 404: Not Found
vision_push_failed frame_id=mock-video-9736 error=HTTP Error 404: Not Found
vision_push_failed frame_id=mock-video-9737 error=HTTP Error 404: Not Found
vision_push_failed frame_id=mock-video-9738 error=HTTP Error 404: Not Found
vision_push_failed frame_id=mock-video-9739 error=HTTP Error 404: Not Found
vision_push_failed frame_id=mock-video-9740 error=HTTP Error 404: Not Found
vision_push_failed frame_id=mock-video-9741 error=HTTP Error 404: Not Found
vision_push_failed frame_id=mock-video-9742 error=HTTP Error 404: Not Found
vision_push_failed frame_id=mock-video-9743 error=HTTP Error 404: Not Found
vision_push_failed frame_id=mock-video-9744 error=HTTP Error 404: Not Found
vision_push_failed frame_id=mock-video-9745 error=HTTP Error 404: Not Found
vision_push_failed frame_id=mock-video-9746 error=HTTP Error 404: Not Found
vision_push_failed frame_id=mock-video-9747 error=HTTP Error 404: Not Found
vision_push_failed frame_id=mock-video-9748 error=HTTP Error 404: Not Found
vision_push_failed frame_id=mock-video-9749 error=HTTP Error 404: Not Found
vision_push_failed frame_id=mock-video-9750 error=HTTP Error 404: Not Found
vision_push_failed frame_id=mock-video-9751 error=HTTP Error 404: Not Found
vision_push_failed frame_id=mock-video-9752 error=HTTP Error 404: Not Found
vision_push_failed frame_id=mock-video-9753 error=HTTP Error 404: Not Found
vision_push_failed frame_id=mock-video-9754 error=HTTP Error 404: Not Found
vision_push_failed frame_id=mock-video-9755 error=HTTP Error 404: Not Found
vision_push_failed frame_id=mock-video-9756 error=HTTP Error 404: Not Found
vision_push_failed frame_id=mock-video-9757 error=HTTP Error 404: Not Found
vision_push_failed frame_id=mock-video-9758 error=HTTP Error 404: Not Found
vision_push_failed frame_id=mock-video-9759 error=HTTP Error 404: Not Found
vision_push_failed frame_id=mock-video-9760 error=HTTP Error 404: Not Found
vision_push_failed frame_id=mock-video-9761 error=HTTP Error 404: Not Found
vision_push_failed frame_id=mock-video-9762 error=HTTP Error 404: Not Found
vision_push_failed frame_id=mock-video-9763 error=HTTP Error 404: Not Found
vision_push_failed frame_id=mock-video-9764 error=HTTP Error 404: Not Found
vision_push_failed frame_id=mock-video-9765 error=HTTP Error 404: Not Found
vision_push_failed frame_id=mock-video-9766 error=HTTP Error 404: Not Found
vision_push_failed frame_id=mock-video-9767 error=HTTP Error 404: Not Found
vision_push_failed frame_id=mock-video-9768 error=HTTP Error 404: Not Found
vision_push_failed frame_id=mock-video-9769 error=HTTP Error 404: Not Found
vision_push_failed frame_id=mock-video-9770 error=HTTP Error 404: Not Found
vision_push_failed frame_id=mock-video-9771 error=HTTP Error 404: Not Found
vision_push_failed frame_id=mock-video-9772 error=HTTP Error 404: Not Found
vision_push_failed frame_id=mock-video-9773 error=HTTP Error 404: Not Found
vision_push_failed frame_id=mock-video-9774 error=HTTP Error 404: Not Found
vision_push_failed frame_id=mock-video-9775 error=HTTP Error 404: Not Found
vision_push_failed frame_id=mock-video-9776 error=HTTP Error 404: Not Found
vision_push_failed frame_id=mock-video-9777 error=HTTP Error 404: Not Found
vision_push_failed frame_id=mock-video-9778 error=HTTP Error 404: Not Found
vision_push_failed frame_id=mock-video-9779 error=HTTP Error 404: Not Found
vision_push_failed frame_id=mock-video-9780 error=HTTP Error 404: Not Found
vision_push_failed frame_id=mock-video-9781 error=HTTP Error 404: Not Found
vision_push_failed frame_id=mock-video-9782 error=HTTP Error 404: Not Found
vision_push_failed frame_id=mock-video-9783 error=HTTP Error 404: Not Found
vision_push_failed frame_id=mock-video-9784 error=HTTP Error 404: Not Found
vision_push_failed frame_id=mock-video-9785 error=HTTP Error 404: Not Found
vision_push_failed frame_id=mock-video-9786 error=HTTP Error 404: Not Found
vision_push_failed frame_id=mock-video-9787 error=HTTP Error 404: Not Found
vision_push_failed frame_id=mock-video-9788 error=HTTP Error 404: Not Found
vision_push_failed frame_id=mock-video-9789 error=HTTP Error 404: Not Found
vision_push_failed frame_id=mock-video-9790 error=HTTP Error 404: Not Found
vision_push_failed frame_id=mock-video-9791 error=HTTP Error 404: Not Found
vision_push_failed frame_id=mock-video-9792 error=HTTP Error 404: Not Found
vision_push_failed frame_id=mock-video-9793 error=HTTP Error 404: Not Found
vision_push_failed frame_id=mock-video-9794 error=HTTP Error 404: Not Found
vision_push_failed frame_id=mock-video-9795 error=HTTP Error 404: Not Found
vision_push_failed frame_id=mock-video-9796 error=HTTP Error 404: Not Found
vision_push_failed frame_id=mock-video-9797 error=HTTP Error 404: Not Found
vision_push_failed frame_id=mock-video-9798 error=HTTP Error 404: Not Found
vision_push_failed frame_id=mock-video-9799 error=HTTP Error 404: Not Found
vision_push_failed frame_id=mock-video-9800 error=HTTP Error 404: Not Found
vision_push_failed frame_id=mock-video-9801 error=HTTP Error 404: Not Found
vision_push_failed frame_id=mock-video-9802 error=HTTP Error 404: Not Found
vision_push_failed frame_id=mock-video-9803 error=HTTP Error 404: Not Found
vision_push_failed frame_id=mock-video-9804 error=HTTP Error 404: Not Found
vision_push_failed frame_id=mock-video-9805 error=HTTP Error 404: Not Found
vision_push_failed frame_id=mock-video-9806 error=HTTP Error 404: Not Found
vision_push_failed frame_id=mock-video-9807 error=HTTP Error 404: Not Found
vision_push_failed frame_id=mock-video-9808 error=HTTP Error 404: Not Found
vision_push_failed frame_id=mock-video-9809 error=HTTP Error 404: Not Found
vision_push_failed frame_id=mock-video-9810 error=HTTP Error 404: Not Found
vision_push_failed frame_id=mock-video-9811 error=HTTP Error 404: Not Found
vision_push_failed frame_id=mock-video-9812 error=<urlopen error timed out>
vision_push_failed frame_id=mock-video-9813 error=HTTP Error 404: Not Found
vision_push_failed frame_id=mock-video-9814 error=HTTP Error 404: Not Found
vision_push_failed frame_id=mock-video-9815 error=HTTP Error 404: Not Found
vision_push_failed frame_id=mock-video-9816 error=HTTP Error 404: Not Found
vision_push_failed frame_id=mock-video-9817 error=HTTP Error 404: Not Found
vision_push_failed frame_id=mock-video-9818 error=HTTP Error 404: Not Found
vision_push_failed frame_id=mock-video-9819 error=HTTP Error 404: Not Found
vision_push_failed frame_id=mock-video-9820 error=HTTP Error 404: Not Found
vision_push_failed frame_id=mock-video-9821 error=HTTP Error 404: Not Found
vision_push_failed frame_id=mock-video-9822 error=HTTP Error 404: Not Found
vision_push_failed frame_id=mock-video-9823 error=HTTP Error 404: Not Found
vision_push_failed frame_id=mock-video-9824 error=HTTP Error 404: Not Found
vision_push_failed frame_id=mock-video-9825 error=HTTP Error 404: Not Found
vision_push_failed frame_id=mock-video-9826 error=HTTP Error 404: Not Found
vision_push_failed frame_id=mock-video-9827 error=HTTP Error 404: Not Found
vision_push_failed frame_id=mock-video-9828 error=HTTP Error 404: Not Found
vision_push_failed frame_id=mock-video-9829 error=HTTP Error 404: Not Found
vision_push_failed frame_id=mock-video-9830 error=HTTP Error 404: Not Found
vision_push_failed frame_id=mock-video-9831 error=HTTP Error 404: Not Found
vision_push_failed frame_id=mock-video-9832 error=HTTP Error 404: Not Found
vision_push_failed frame_id=mock-video-9833 error=HTTP Error 404: Not Found
vision_push_failed frame_id=mock-video-9834 error=HTTP Error 404: Not Found
vision_push_failed frame_id=mock-video-9835 error=HTTP Error 404: Not Found
vision_push_failed frame_id=mock-video-9836 error=HTTP Error 404: Not Found
vision_push_failed frame_id=mock-video-9837 error=HTTP Error 404: Not Found
vision_push_failed frame_id=mock-video-9838 error=HTTP Error 404: Not Found
vision_push_failed frame_id=mock-video-9839 error=HTTP Error 404: Not Found
vision_push_failed frame_id=mock-video-9840 error=HTTP Error 404: Not Found
vision_push_failed frame_id=mock-video-9841 error=HTTP Error 404: Not Found
vision_push_failed frame_id=mock-video-9842 error=HTTP Error 404: Not Found
vision_push_failed frame_id=mock-video-9843 error=HTTP Error 404: Not Found
vision_push_failed frame_id=mock-video-9844 error=HTTP Error 404: Not Found
vision_push_failed frame_id=mock-video-9845 error=HTTP Error 404: Not Found
vision_push_failed frame_id=mock-video-9846 error=HTTP Error 404: Not Found
vision_push_failed frame_id=mock-video-9847 error=HTTP Error 404: Not Found
vision_push_failed frame_id=mock-video-9848 error=HTTP Error 404: Not Found
vision_push_failed frame_id=mock-video-9849 error=HTTP Error 404: Not Found
vision_push_failed frame_id=mock-video-9850 error=HTTP Error 404: Not Found
vision_push_failed frame_id=mock-video-9851 error=HTTP Error 404: Not Found
vision_push_failed frame_id=mock-video-9852 error=HTTP Error 404: Not Found
vision_push_failed frame_id=mock-video-9853 error=HTTP Error 404: Not Found
vision_push_failed frame_id=mock-video-9854 error=HTTP Error 404: Not Found
vision_push_failed frame_id=mock-video-9855 error=HTTP Error 404: Not Found
vision_push_failed frame_id=mock-video-9856 error=HTTP Error 404: Not Found
vision_push_failed frame_id=mock-video-9857 error=HTTP Error 404: Not Found
vision_push_failed frame_id=mock-video-9858 error=HTTP Error 404: Not Found
vision_push_failed frame_id=mock-video-9859 error=HTTP Error 404: Not Found
vision_push_failed frame_id=mock-video-9860 error=HTTP Error 404: Not Found
vision_push_failed frame_id=mock-video-9861 error=HTTP Error 404: Not Found
vision_push_failed frame_id=mock-video-9862 error=HTTP Error 404: Not Found
vision_push_failed frame_id=mock-video-9863 error=HTTP Error 404: Not Found
vision_push_failed frame_id=mock-video-9864 error=HTTP Error 404: Not Found
vision_push_failed frame_id=mock-video-9865 error=HTTP Error 404: Not Found
vision_push_failed frame_id=mock-video-9866 error=HTTP Error 404: Not Found
vision_push_failed frame_id=mock-video-9867 error=HTTP Error 404: Not Found
vision_push_failed frame_id=mock-video-9868 error=HTTP Error 404: Not Found
vision_push_failed frame_id=mock-video-9869 error=HTTP Error 404: Not Found
vision_push_failed frame_id=mock-video-9870 error=HTTP Error 404: Not Found
vision_push_failed frame_id=mock-video-9871 error=HTTP Error 404: Not Found
vision_push_failed frame_id=mock-video-9872 error=HTTP Error 404: Not Found
vision_push_failed frame_id=mock-video-9873 error=HTTP Error 404: Not Found
vision_push_failed frame_id=mock-video-9874 error=HTTP Error 404: Not Found
vision_push_failed frame_id=mock-video-9875 error=HTTP Error 404: Not Found
vision_push_failed frame_id=mock-video-9876 error=<urlopen error timed out>
vision_push_failed frame_id=mock-video-9877 error=HTTP Error 404: Not Found
vision_push_failed frame_id=mock-video-9878 error=HTTP Error 404: Not Found
vision_push_failed frame_id=mock-video-9879 error=HTTP Error 404: Not Found
vision_push_failed frame_id=mock-video-9880 error=HTTP Error 404: Not Found
vision_push_failed frame_id=mock-video-9881 error=HTTP Error 404: Not Found
vision_push_failed frame_id=mock-video-9882 error=HTTP Error 404: Not Found
vision_push_failed frame_id=mock-video-9883 error=HTTP Error 404: Not Found
vision_push_failed frame_id=mock-video-9884 error=HTTP Error 404: Not Found
vision_push_failed frame_id=mock-video-9885 error=HTTP Error 404: Not Found
vision_push_failed frame_id=mock-video-9886 error=HTTP Error 404: Not Found
vision_push_failed frame_id=mock-video-9887 error=HTTP Error 404: Not Found
vision_push_failed frame_id=mock-video-9888 error=HTTP Error 404: Not Found
vision_push_failed frame_id=mock-video-9889 error=HTTP Error 404: Not Found
vision_push_failed frame_id=mock-video-9890 error=HTTP Error 404: Not Found
vision_push_failed frame_id=mock-video-9891 error=HTTP Error 404: Not Found
vision_push_failed frame_id=mock-video-9892 error=HTTP Error 404: Not Found
vision_push_failed frame_id=mock-video-9893 error=HTTP Error 404: Not Found
vision_push_failed frame_id=mock-video-9894 error=HTTP Error 404: Not Found
vision_push_failed frame_id=mock-video-9895 error=HTTP Error 404: Not Found
vision_push_failed frame_id=mock-video-9896 error=HTTP Error 404: Not Found
vision_push_failed frame_id=mock-video-9897 error=HTTP Error 404: Not Found
vision_push_failed frame_id=mock-video-9898 error=HTTP Error 404: Not Found
vision_push_failed frame_id=mock-video-9899 error=HTTP Error 404: Not Found
vision_push_failed frame_id=mock-video-9900 error=HTTP Error 404: Not Found
vision_push_failed frame_id=mock-video-9901 error=HTTP Error 404: Not Found
vision_push_failed frame_id=mock-video-9902 error=HTTP Error 404: Not Found
vision_push_failed frame_id=mock-video-9903 error=HTTP Error 404: Not Found
vision_push_failed frame_id=mock-video-9904 error=HTTP Error 404: Not Found
vision_push_failed frame_id=mock-video-9905 error=HTTP Error 404: Not Found
vision_push_failed frame_id=mock-video-9906 error=HTTP Error 404: Not Found
vision_push_failed frame_id=mock-video-9907 error=HTTP Error 404: Not Found
vision_push_failed frame_id=mock-video-9908 error=HTTP Error 404: Not Found
vision_push_failed frame_id=mock-video-9909 error=HTTP Error 404: Not Found
vision_push_failed frame_id=mock-video-9910 error=HTTP Error 404: Not Found
vision_push_failed frame_id=mock-video-9911 error=HTTP Error 404: Not Found
vision_push_failed frame_id=mock-video-9912 error=HTTP Error 404: Not Found
vision_push_failed frame_id=mock-video-9913 error=HTTP Error 404: Not Found
vision_push_failed frame_id=mock-video-9914 error=HTTP Error 404: Not Found
vision_push_failed frame_id=mock-video-9915 error=HTTP Error 404: Not Found
vision_push_failed frame_id=mock-video-9916 error=HTTP Error 404: Not Found
vision_push_failed frame_id=mock-video-9917 error=HTTP Error 404: Not Found
vision_push_failed frame_id=mock-video-9918 error=HTTP Error 404: Not Found
vision_push_failed frame_id=mock-video-9919 error=HTTP Error 404: Not Found
vision_push_failed frame_id=mock-video-9920 error=HTTP Error 404: Not Found
vision_push_failed frame_id=mock-video-9921 error=HTTP Error 404: Not Found
vision_push_failed frame_id=mock-video-9922 error=HTTP Error 404: Not Found
vision_push_failed frame_id=mock-video-9923 error=HTTP Error 404: Not Found
vision_push_failed frame_id=mock-video-9924 error=HTTP Error 404: Not Found
vision_push_failed frame_id=mock-video-9925 error=HTTP Error 404: Not Found
vision_push_failed frame_id=mock-video-9926 error=HTTP Error 404: Not Found
vision_push_failed frame_id=mock-video-9927 error=HTTP Error 404: Not Found
vision_push_failed frame_id=mock-video-9928 error=HTTP Error 404: Not Found
vision_push_failed frame_id=mock-video-9929 error=HTTP Error 404: Not Found
vision_push_failed frame_id=mock-video-9930 error=HTTP Error 404: Not Found
vision_push_failed frame_id=mock-video-9931 error=HTTP Error 404: Not Found
vision_push_failed frame_id=mock-video-9932 error=HTTP Error 404: Not Found
vision_push_failed frame_id=mock-video-9933 error=HTTP Error 404: Not Found
vision_push_failed frame_id=mock-video-9934 error=HTTP Error 404: Not Found
vision_push_failed frame_id=mock-video-9935 error=HTTP Error 404: Not Found
vision_push_failed frame_id=mock-video-9936 error=HTTP Error 404: Not Found
vision_push_failed frame_id=mock-video-9937 error=HTTP Error 404: Not Found
vision_push_failed frame_id=mock-video-9938 error=HTTP Error 404: Not Found
vision_push_failed frame_id=mock-video-9939 error=HTTP Error 404: Not Found
vision_push_failed frame_id=mock-video-9940 error=HTTP Error 404: Not Found
vision_push_failed frame_id=mock-video-9941 error=HTTP Error 404: Not Found
vision_push_failed frame_id=mock-video-9942 error=HTTP Error 404: Not Found
vision_push_failed frame_id=mock-video-9943 error=HTTP Error 404: Not Found
vision_push_failed frame_id=mock-video-9944 error=HTTP Error 404: Not Found
vision_push_failed frame_id=mock-video-9945 error=HTTP Error 404: Not Found
vision_push_failed frame_id=mock-video-9946 error=HTTP Error 404: Not Found
vision_push_failed frame_id=mock-video-9947 error=HTTP Error 404: Not Found
vision_push_failed frame_id=mock-video-9948 error=HTTP Error 404: Not Found
vision_push_failed frame_id=mock-video-9949 error=HTTP Error 404: Not Found
vision_push_failed frame_id=mock-video-9950 error=HTTP Error 404: Not Found
vision_push_failed frame_id=mock-video-9951 error=HTTP Error 404: Not Found
vision_push_failed frame_id=mock-video-9952 error=HTTP Error 404: Not Found
vision_push_failed frame_id=mock-video-9953 error=HTTP Error 404: Not Found
vision_push_failed frame_id=mock-video-9954 error=HTTP Error 404: Not Found
vision_push_failed frame_id=mock-video-9955 error=HTTP Error 404: Not Found
vision_push_failed frame_id=mock-video-9956 error=HTTP Error 404: Not Found
vision_push_failed frame_id=mock-video-9957 error=HTTP Error 404: Not Found
vision_push_failed frame_id=mock-video-9958 error=HTTP Error 404: Not Found
vision_push_failed frame_id=mock-video-9959 error=HTTP Error 404: Not Found
vision_push_failed frame_id=mock-video-9960 error=HTTP Error 404: Not Found
vision_push_failed frame_id=mock-video-9961 error=HTTP Error 404: Not Found
vision_push_failed frame_id=mock-video-9962 error=HTTP Error 404: Not Found
vision_push_failed frame_id=mock-video-9963 error=HTTP Error 404: Not Found
vision_push_failed frame_id=mock-video-9964 error=HTTP Error 404: Not Found
vision_push_failed frame_id=mock-video-9965 error=HTTP Error 404: Not Found
vision_push_failed frame_id=mock-video-9966 error=HTTP Error 404: Not Found
vision_push_failed frame_id=mock-video-9967 error=HTTP Error 404: Not Found
vision_push_failed frame_id=mock-video-9968 error=HTTP Error 404: Not Found
vision_push_failed frame_id=mock-video-9969 error=HTTP Error 404: Not Found
vision_push_failed frame_id=mock-video-9970 error=HTTP Error 404: Not Found
vision_push_failed frame_id=mock-video-9971 error=HTTP Error 404: Not Found
vision_push_failed frame_id=mock-video-9972 error=HTTP Error 404: Not Found
vision_push_failed frame_id=mock-video-9973 error=HTTP Error 404: Not Found
vision_push_failed frame_id=mock-video-9974 error=HTTP Error 404: Not Found
vision_push_failed frame_id=mock-video-9975 error=HTTP Error 404: Not Found
vision_push_failed frame_id=mock-video-9976 error=HTTP Error 404: Not Found
vision_push_failed frame_id=mock-video-9977 error=HTTP Error 404: Not Found
vision_push_failed frame_id=mock-video-9978 error=HTTP Error 404: Not Found
vision_push_failed frame_id=mock-video-9979 error=HTTP Error 404: Not Found
vision_push_failed frame_id=mock-video-9980 error=HTTP Error 404: Not Found
vision_push_failed frame_id=mock-video-9981 error=HTTP Error 404: Not Found
vision_push_failed frame_id=mock-video-9982 error=HTTP Error 404: Not Found
vision_push_failed frame_id=mock-video-9983 error=HTTP Error 404: Not Found
vision_push_failed frame_id=mock-video-9984 error=HTTP Error 404: Not Found
vision_push_failed frame_id=mock-video-9985 error=HTTP Error 404: Not Found
vision_push_failed frame_id=mock-video-9986 error=HTTP Error 404: Not Found
vision_push_failed frame_id=mock-video-9987 error=HTTP Error 404: Not Found
vision_push_failed frame_id=mock-video-9988 error=HTTP Error 404: Not Found
vision_push_failed frame_id=mock-video-9989 error=HTTP Error 404: Not Found
vision_push_failed frame_id=mock-video-9990 error=HTTP Error 404: Not Found
vision_push_failed frame_id=mock-video-9991 error=HTTP Error 404: Not Found
vision_push_failed frame_id=mock-video-9992 error=HTTP Error 404: Not Found
vision_push_failed frame_id=mock-video-9993 error=HTTP Error 404: Not Found
vision_push_failed frame_id=mock-video-9994 error=HTTP Error 404: Not Found
vision_push_failed frame_id=mock-video-9995 error=HTTP Error 404: Not Found
vision_push_failed frame_id=mock-video-9996 error=HTTP Error 404: Not Found
vision_push_failed frame_id=mock-video-9997 error=HTTP Error 404: Not Found
vision_push_failed frame_id=mock-video-9998 error=HTTP Error 404: Not Found
vision_push_failed frame_id=mock-video-9999 error=HTTP Error 404: Not Found
vision_push_failed frame_id=mock-video-10000 error=HTTP Error 404: Not Found
vision_push_failed frame_id=mock-video-10001 error=HTTP Error 404: Not Found
vision_push_failed frame_id=mock-video-10002 error=HTTP Error 404: Not Found
vision_push_failed frame_id=mock-video-10003 error=HTTP Error 404: Not Found
vision_push_failed frame_id=mock-video-10004 error=HTTP Error 404: Not Found
vision_push_failed frame_id=mock-video-10005 error=HTTP Error 404: Not Found
vision_push_failed frame_id=mock-video-10006 error=HTTP Error 404: Not Found
vision_push_failed frame_id=mock-video-10007 error=HTTP Error 404: Not Found
vision_push_failed frame_id=mock-video-10008 error=HTTP Error 404: Not Found
vision_push_failed frame_id=mock-video-10009 error=HTTP Error 404: Not Found
vision_push_failed frame_id=mock-video-10010 error=HTTP Error 404: Not Found
vision_push_failed frame_id=mock-video-10011 error=HTTP Error 404: Not Found
vision_push_failed frame_id=mock-video-10012 error=HTTP Error 404: Not Found
vision_push_failed frame_id=mock-video-10013 error=HTTP Error 404: Not Found
vision_push_failed frame_id=mock-video-10014 error=HTTP Error 404: Not Found
vision_push_failed frame_id=mock-video-10015 error=HTTP Error 404: Not Found
vision_push_failed frame_id=mock-video-10016 error=HTTP Error 404: Not Found
vision_push_failed frame_id=mock-video-10017 error=HTTP Error 404: Not Found
vision_push_failed frame_id=mock-video-10018 error=HTTP Error 404: Not Found
vision_push_failed frame_id=mock-video-10019 error=HTTP Error 404: Not Found
vision_push_failed frame_id=mock-video-10020 error=HTTP Error 404: Not Found
vision_push_failed frame_id=mock-video-10021 error=HTTP Error 404: Not Found
vision_push_failed frame_id=mock-video-10022 error=HTTP Error 404: Not Found
vision_push_failed frame_id=mock-video-10023 error=HTTP Error 404: Not Found
vision_push_failed frame_id=mock-video-10024 error=HTTP Error 404: Not Found
vision_push_failed frame_id=mock-video-10025 error=HTTP Error 404: Not Found
vision_push_failed frame_id=mock-video-10026 error=HTTP Error 404: Not Found
vision_push_failed frame_id=mock-video-10027 error=HTTP Error 404: Not Found
vision_push_failed frame_id=mock-video-10028 error=HTTP Error 404: Not Found
vision_push_failed frame_id=mock-video-10029 error=HTTP Error 404: Not Found
vision_push_failed frame_id=mock-video-10030 error=HTTP Error 404: Not Found
vision_push_failed frame_id=mock-video-10031 error=HTTP Error 404: Not Found
vision_push_failed frame_id=mock-video-10032 error=HTTP Error 404: Not Found
vision_push_failed frame_id=mock-video-10033 error=HTTP Error 404: Not Found
vision_push_failed frame_id=mock-video-10034 error=HTTP Error 404: Not Found
vision_push_failed frame_id=mock-video-10035 error=HTTP Error 404: Not Found
vision_push_failed frame_id=mock-video-10036 error=HTTP Error 404: Not Found
vision_push_failed frame_id=mock-video-10037 error=HTTP Error 404: Not Found
vision_push_failed frame_id=mock-video-10038 error=HTTP Error 404: Not Found
vision_push_failed frame_id=mock-video-10039 error=HTTP Error 404: Not Found
vision_push_failed frame_id=mock-video-10040 error=HTTP Error 404: Not Found
vision_push_failed frame_id=mock-video-10041 error=HTTP Error 404: Not Found
vision_push_failed frame_id=mock-video-10042 error=HTTP Error 404: Not Found
vision_push_failed frame_id=mock-video-10043 error=HTTP Error 404: Not Found
vision_push_failed frame_id=mock-video-10044 error=HTTP Error 404: Not Found
vision_push_failed frame_id=mock-video-10045 error=HTTP Error 404: Not Found
vision_push_failed frame_id=mock-video-10046 error=HTTP Error 404: Not Found
vision_push_failed frame_id=mock-video-10047 error=HTTP Error 404: Not Found
vision_push_failed frame_id=mock-video-10048 error=HTTP Error 404: Not Found
vision_push_failed frame_id=mock-video-10049 error=HTTP Error 404: Not Found
vision_push_failed frame_id=mock-video-10050 error=HTTP Error 404: Not Found
vision_push_failed frame_id=mock-video-10051 error=HTTP Error 404: Not Found
vision_push_failed frame_id=mock-video-10052 error=HTTP Error 404: Not Found
vision_push_failed frame_id=mock-video-10053 error=HTTP Error 404: Not Found
vision_push_failed frame_id=mock-video-10054 error=HTTP Error 404: Not Found
vision_push_failed frame_id=mock-video-10055 error=HTTP Error 404: Not Found
vision_push_failed frame_id=mock-video-10056 error=HTTP Error 404: Not Found
vision_push_failed frame_id=mock-video-10057 error=HTTP Error 404: Not Found
vision_push_failed frame_id=mock-video-10058 error=HTTP Error 404: Not Found
vision_push_failed frame_id=mock-video-10059 error=HTTP Error 404: Not Found
vision_push_failed frame_id=mock-video-10060 error=HTTP Error 404: Not Found
vision_push_failed frame_id=mock-video-10061 error=HTTP Error 404: Not Found
vision_push_failed frame_id=mock-video-10062 error=HTTP Error 404: Not Found
vision_push_failed frame_id=mock-video-10063 error=HTTP Error 404: Not Found
vision_push_failed frame_id=mock-video-10064 error=HTTP Error 404: Not Found
vision_push_failed frame_id=mock-video-10065 error=HTTP Error 404: Not Found
vision_push_failed frame_id=mock-video-10066 error=HTTP Error 404: Not Found
vision_push_failed frame_id=mock-video-10067 error=HTTP Error 404: Not Found
vision_push_failed frame_id=mock-video-10068 error=HTTP Error 404: Not Found
vision_push_failed frame_id=mock-video-10069 error=HTTP Error 404: Not Found
vision_push_failed frame_id=mock-video-10070 error=HTTP Error 404: Not Found
vision_push_failed frame_id=mock-video-10071 error=HTTP Error 404: Not Found
vision_push_failed frame_id=mock-video-10072 error=HTTP Error 404: Not Found
vision_push_failed frame_id=mock-video-10073 error=HTTP Error 404: Not Found
vision_push_failed frame_id=mock-video-10074 error=HTTP Error 404: Not Found
vision_push_failed frame_id=mock-video-10075 error=HTTP Error 404: Not Found
vision_push_failed frame_id=mock-video-10076 error=HTTP Error 404: Not Found
vision_push_failed frame_id=mock-video-10077 error=HTTP Error 404: Not Found
vision_push_failed frame_id=mock-video-10078 error=HTTP Error 404: Not Found
vision_push_failed frame_id=mock-video-10079 error=HTTP Error 404: Not Found
vision_push_failed frame_id=mock-video-10080 error=HTTP Error 404: Not Found
vision_push_failed frame_id=mock-video-10081 error=HTTP Error 404: Not Found
vision_push_failed frame_id=mock-video-10082 error=HTTP Error 404: Not Found
vision_push_failed frame_id=mock-video-10083 error=HTTP Error 404: Not Found
vision_push_failed frame_id=mock-video-10084 error=HTTP Error 404: Not Found
vision_push_failed frame_id=mock-video-10085 error=HTTP Error 404: Not Found
vision_push_failed frame_id=mock-video-10086 error=HTTP Error 404: Not Found
vision_push_failed frame_id=mock-video-10087 error=HTTP Error 404: Not Found
vision_push_failed frame_id=mock-video-10088 error=HTTP Error 404: Not Found
vision_push_failed frame_id=mock-video-10089 error=HTTP Error 404: Not Found
vision_push_failed frame_id=mock-video-10090 error=HTTP Error 404: Not Found
vision_push_failed frame_id=mock-video-10091 error=HTTP Error 404: Not Found
vision_push_failed frame_id=mock-video-10092 error=HTTP Error 404: Not Found
vision_push_failed frame_id=mock-video-10093 error=HTTP Error 404: Not Found
vision_push_failed frame_id=mock-video-10094 error=HTTP Error 404: Not Found
vision_push_failed frame_id=mock-video-10095 error=HTTP Error 404: Not Found
vision_push_failed frame_id=mock-video-10096 error=HTTP Error 404: Not Found
vision_push_failed frame_id=mock-video-10097 error=HTTP Error 404: Not Found
vision_push_failed frame_id=mock-video-10098 error=HTTP Error 404: Not Found
vision_push_failed frame_id=mock-video-10099 error=HTTP Error 404: Not Found
vision_push_failed frame_id=mock-video-10100 error=HTTP Error 404: Not Found
vision_push_failed frame_id=mock-video-10101 error=HTTP Error 404: Not Found
vision_push_failed frame_id=mock-video-10102 error=HTTP Error 404: Not Found
vision_push_failed frame_id=mock-video-10103 error=HTTP Error 404: Not Found
vision_push_failed frame_id=mock-video-10104 error=HTTP Error 404: Not Found
vision_push_failed frame_id=mock-video-10105 error=HTTP Error 404: Not Found
vision_push_failed frame_id=mock-video-10106 error=HTTP Error 404: Not Found
vision_push_failed frame_id=mock-video-10107 error=HTTP Error 404: Not Found
vision_push_failed frame_id=mock-video-10108 error=HTTP Error 404: Not Found
vision_push_failed frame_id=mock-video-10109 error=HTTP Error 404: Not Found
vision_push_failed frame_id=mock-video-10110 error=HTTP Error 404: Not Found
vision_push_failed frame_id=mock-video-10111 error=HTTP Error 404: Not Found
vision_push_failed frame_id=mock-video-10112 error=HTTP Error 404: Not Found
vision_push_failed frame_id=mock-video-10113 error=HTTP Error 404: Not Found
vision_push_failed frame_id=mock-video-10114 error=HTTP Error 404: Not Found
vision_push_failed frame_id=mock-video-10115 error=HTTP Error 404: Not Found
vision_push_failed frame_id=mock-video-10116 error=HTTP Error 404: Not Found
vision_push_failed frame_id=mock-video-10117 error=HTTP Error 404: Not Found
vision_push_failed frame_id=mock-video-10118 error=HTTP Error 404: Not Found
vision_push_failed frame_id=mock-video-10119 error=HTTP Error 404: Not Found
vision_push_failed frame_id=mock-video-10120 error=HTTP Error 404: Not Found
vision_push_failed frame_id=mock-video-10121 error=HTTP Error 404: Not Found
vision_push_failed frame_id=mock-video-10122 error=HTTP Error 404: Not Found
vision_push_failed frame_id=mock-video-10123 error=HTTP Error 404: Not Found
vision_push_failed frame_id=mock-video-10124 error=HTTP Error 404: Not Found
vision_push_failed frame_id=mock-video-10125 error=HTTP Error 404: Not Found
vision_push_failed frame_id=mock-video-10126 error=HTTP Error 404: Not Found
vision_push_failed frame_id=mock-video-10127 error=HTTP Error 404: Not Found
vision_push_failed frame_id=mock-video-10128 error=HTTP Error 404: Not Found
vision_push_failed frame_id=mock-video-10129 error=HTTP Error 404: Not Found
vision_push_failed frame_id=mock-video-10130 error=HTTP Error 404: Not Found
vision_push_failed frame_id=mock-video-10131 error=HTTP Error 404: Not Found
vision_push_failed frame_id=mock-video-10132 error=HTTP Error 404: Not Found
vision_push_failed frame_id=mock-video-10133 error=HTTP Error 404: Not Found
vision_push_failed frame_id=mock-video-10134 error=HTTP Error 404: Not Found
vision_push_failed frame_id=mock-video-10135 error=HTTP Error 404: Not Found
vision_push_failed frame_id=mock-video-10136 error=HTTP Error 404: Not Found
vision_push_failed frame_id=mock-video-10137 error=HTTP Error 404: Not Found
vision_push_failed frame_id=mock-video-10138 error=HTTP Error 404: Not Found
vision_push_failed frame_id=mock-video-10139 error=HTTP Error 404: Not Found
vision_push_failed frame_id=mock-video-10140 error=HTTP Error 404: Not Found
vision_push_failed frame_id=mock-video-10141 error=HTTP Error 404: Not Found
vision_push_failed frame_id=mock-video-10142 error=HTTP Error 404: Not Found
vision_push_failed frame_id=mock-video-10143 error=HTTP Error 404: Not Found
vision_push_failed frame_id=mock-video-10144 error=HTTP Error 404: Not Found
vision_push_failed frame_id=mock-video-10145 error=HTTP Error 404: Not Found
vision_push_failed frame_id=mock-video-10146 error=HTTP Error 404: Not Found
vision_push_failed frame_id=mock-video-10147 error=HTTP Error 404: Not Found
vision_push_failed frame_id=mock-video-10148 error=HTTP Error 404: Not Found
vision_push_failed frame_id=mock-video-10149 error=HTTP Error 404: Not Found
vision_push_failed frame_id=mock-video-10150 error=HTTP Error 404: Not Found
vision_push_failed frame_id=mock-video-10151 error=HTTP Error 404: Not Found
vision_push_failed frame_id=mock-video-10152 error=HTTP Error 404: Not Found
vision_push_failed frame_id=mock-video-10153 error=HTTP Error 404: Not Found
vision_push_failed frame_id=mock-video-10154 error=HTTP Error 404: Not Found
vision_push_failed frame_id=mock-video-10155 error=HTTP Error 404: Not Found
vision_push_failed frame_id=mock-video-10156 error=HTTP Error 404: Not Found
vision_push_failed frame_id=mock-video-10157 error=HTTP Error 404: Not Found
vision_push_failed frame_id=mock-video-10158 error=<urlopen error timed out>
vision_push_failed frame_id=mock-video-10159 error=HTTP Error 404: Not Found
vision_push_failed frame_id=mock-video-10160 error=HTTP Error 404: Not Found
vision_push_failed frame_id=mock-video-10161 error=HTTP Error 404: Not Found
vision_push_failed frame_id=mock-video-10162 error=HTTP Error 404: Not Found
vision_push_failed frame_id=mock-video-10163 error=HTTP Error 404: Not Found
vision_push_failed frame_id=mock-video-10164 error=HTTP Error 404: Not Found
vision_push_failed frame_id=mock-video-10165 error=HTTP Error 404: Not Found
vision_push_failed frame_id=mock-video-10166 error=HTTP Error 404: Not Found
vision_push_failed frame_id=mock-video-10167 error=HTTP Error 404: Not Found
vision_push_failed frame_id=mock-video-10168 error=HTTP Error 404: Not Found
vision_push_failed frame_id=mock-video-10169 error=HTTP Error 404: Not Found
vision_push_failed frame_id=mock-video-10170 error=HTTP Error 404: Not Found
vision_push_failed frame_id=mock-video-10171 error=HTTP Error 404: Not Found
vision_push_failed frame_id=mock-video-10172 error=HTTP Error 404: Not Found
vision_push_failed frame_id=mock-video-10173 error=HTTP Error 404: Not Found
vision_push_failed frame_id=mock-video-10174 error=HTTP Error 404: Not Found
vision_push_failed frame_id=mock-video-10175 error=HTTP Error 404: Not Found
vision_push_failed frame_id=mock-video-10176 error=HTTP Error 404: Not Found
vision_push_failed frame_id=mock-video-10177 error=HTTP Error 404: Not Found
vision_push_failed frame_id=mock-video-10178 error=HTTP Error 404: Not Found
vision_push_failed frame_id=mock-video-10179 error=HTTP Error 404: Not Found
vision_push_failed frame_id=mock-video-10180 error=HTTP Error 404: Not Found
vision_push_failed frame_id=mock-video-10181 error=HTTP Error 404: Not Found
vision_push_failed frame_id=mock-video-10182 error=HTTP Error 404: Not Found
vision_push_failed frame_id=mock-video-10183 error=HTTP Error 404: Not Found
vision_push_failed frame_id=mock-video-10184 error=HTTP Error 404: Not Found
vision_push_failed frame_id=mock-video-10185 error=HTTP Error 404: Not Found
vision_push_failed frame_id=mock-video-10186 error=HTTP Error 404: Not Found
vision_push_failed frame_id=mock-video-10187 error=HTTP Error 404: Not Found
vision_push_failed frame_id=mock-video-10188 error=HTTP Error 404: Not Found
vision_push_failed frame_id=mock-video-10189 error=HTTP Error 404: Not Found
vision_push_failed frame_id=mock-video-10190 error=HTTP Error 404: Not Found
vision_push_failed frame_id=mock-video-10191 error=HTTP Error 404: Not Found
vision_push_failed frame_id=mock-video-10192 error=HTTP Error 404: Not Found
vision_push_failed frame_id=mock-video-10193 error=HTTP Error 404: Not Found
vision_push_failed frame_id=mock-video-10194 error=HTTP Error 404: Not Found
vision_push_failed frame_id=mock-video-10195 error=HTTP Error 404: Not Found
vision_push_failed frame_id=mock-video-10196 error=HTTP Error 404: Not Found
vision_push_failed frame_id=mock-video-10197 error=HTTP Error 404: Not Found
vision_push_failed frame_id=mock-video-10198 error=HTTP Error 404: Not Found
vision_push_failed frame_id=mock-video-10199 error=HTTP Error 404: Not Found
vision_push_failed frame_id=mock-video-10200 error=HTTP Error 404: Not Found
vision_push_failed frame_id=mock-video-10201 error=HTTP Error 404: Not Found
vision_push_failed frame_id=mock-video-10202 error=HTTP Error 404: Not Found
vision_push_failed frame_id=mock-video-10203 error=HTTP Error 404: Not Found
vision_push_failed frame_id=mock-video-10204 error=HTTP Error 404: Not Found
vision_push_failed frame_id=mock-video-10205 error=HTTP Error 404: Not Found
vision_push_failed frame_id=mock-video-10206 error=HTTP Error 404: Not Found
vision_push_failed frame_id=mock-video-10207 error=HTTP Error 404: Not Found
vision_push_failed frame_id=mock-video-10208 error=HTTP Error 404: Not Found
vision_push_failed frame_id=mock-video-10209 error=HTTP Error 404: Not Found
vision_push_failed frame_id=mock-video-10210 error=HTTP Error 404: Not Found
vision_push_failed frame_id=mock-video-10211 error=HTTP Error 404: Not Found
vision_push_failed frame_id=mock-video-10212 error=HTTP Error 404: Not Found
vision_push_failed frame_id=mock-video-10213 error=HTTP Error 404: Not Found
vision_push_failed frame_id=mock-video-10214 error=HTTP Error 404: Not Found
vision_push_failed frame_id=mock-video-10215 error=HTTP Error 404: Not Found
vision_push_failed frame_id=mock-video-10216 error=HTTP Error 404: Not Found
vision_push_failed frame_id=mock-video-10217 error=HTTP Error 404: Not Found
vision_push_failed frame_id=mock-video-10218 error=HTTP Error 404: Not Found
vision_push_failed frame_id=mock-video-10219 error=HTTP Error 404: Not Found
vision_push_failed frame_id=mock-video-10220 error=HTTP Error 404: Not Found
vision_push_failed frame_id=mock-video-10221 error=HTTP Error 404: Not Found
vision_push_failed frame_id=mock-video-10222 error=HTTP Error 404: Not Found
vision_push_failed frame_id=mock-video-10223 error=HTTP Error 404: Not Found
vision_push_failed frame_id=mock-video-10224 error=HTTP Error 404: Not Found
vision_push_failed frame_id=mock-video-10225 error=HTTP Error 404: Not Found
vision_push_failed frame_id=mock-video-10226 error=HTTP Error 404: Not Found
vision_push_failed frame_id=mock-video-10227 error=HTTP Error 404: Not Found
vision_push_failed frame_id=mock-video-10228 error=HTTP Error 404: Not Found
vision_push_failed frame_id=mock-video-10229 error=HTTP Error 404: Not Found
vision_push_failed frame_id=mock-video-10230 error=HTTP Error 404: Not Found
vision_push_failed frame_id=mock-video-10231 error=HTTP Error 404: Not Found
vision_push_failed frame_id=mock-video-10232 error=HTTP Error 404: Not Found
vision_push_failed frame_id=mock-video-10233 error=HTTP Error 404: Not Found
vision_push_failed frame_id=mock-video-10234 error=HTTP Error 404: Not Found
vision_push_failed frame_id=mock-video-10235 error=HTTP Error 404: Not Found
vision_push_failed frame_id=mock-video-10236 error=HTTP Error 404: Not Found
vision_push_failed frame_id=mock-video-10237 error=HTTP Error 404: Not Found
vision_push_failed frame_id=mock-video-10238 error=HTTP Error 404: Not Found
vision_push_failed frame_id=mock-video-10239 error=HTTP Error 404: Not Found
vision_push_failed frame_id=mock-video-10240 error=HTTP Error 404: Not Found
vision_push_failed frame_id=mock-video-10241 error=HTTP Error 404: Not Found
vision_push_failed frame_id=mock-video-10242 error=HTTP Error 404: Not Found
vision_push_failed frame_id=mock-video-10243 error=HTTP Error 404: Not Found
vision_push_failed frame_id=mock-video-10244 error=HTTP Error 404: Not Found
vision_push_failed frame_id=mock-video-10245 error=HTTP Error 404: Not Found
vision_push_failed frame_id=mock-video-10246 error=HTTP Error 404: Not Found
vision_push_failed frame_id=mock-video-10247 error=HTTP Error 404: Not Found
vision_push_failed frame_id=mock-video-10248 error=HTTP Error 404: Not Found
vision_push_failed frame_id=mock-video-10249 error=HTTP Error 404: Not Found
vision_push_failed frame_id=mock-video-10250 error=HTTP Error 404: Not Found
vision_push_failed frame_id=mock-video-10251 error=HTTP Error 404: Not Found
vision_push_failed frame_id=mock-video-10252 error=HTTP Error 404: Not Found
vision_push_failed frame_id=mock-video-10253 error=HTTP Error 404: Not Found
vision_push_failed frame_id=mock-video-10254 error=HTTP Error 404: Not Found
vision_push_failed frame_id=mock-video-10255 error=HTTP Error 404: Not Found
vision_push_failed frame_id=mock-video-10256 error=HTTP Error 404: Not Found
vision_push_failed frame_id=mock-video-10257 error=HTTP Error 404: Not Found
vision_push_failed frame_id=mock-video-10258 error=HTTP Error 404: Not Found
vision_push_failed frame_id=mock-video-10259 error=HTTP Error 404: Not Found
vision_push_failed frame_id=mock-video-10260 error=HTTP Error 404: Not Found
vision_push_failed frame_id=mock-video-10261 error=HTTP Error 404: Not Found
vision_push_failed frame_id=mock-video-10262 error=HTTP Error 404: Not Found
vision_push_failed frame_id=mock-video-10263 error=HTTP Error 404: Not Found
vision_push_failed frame_id=mock-video-10264 error=HTTP Error 404: Not Found
vision_push_failed frame_id=mock-video-10265 error=HTTP Error 404: Not Found
vision_push_failed frame_id=mock-video-10266 error=HTTP Error 404: Not Found
vision_push_failed frame_id=mock-video-10267 error=HTTP Error 404: Not Found
vision_push_failed frame_id=mock-video-10268 error=HTTP Error 404: Not Found
vision_push_failed frame_id=mock-video-10269 error=HTTP Error 404: Not Found
vision_push_failed frame_id=mock-video-10270 error=HTTP Error 404: Not Found
vision_push_failed frame_id=mock-video-10271 error=HTTP Error 404: Not Found
vision_push_failed frame_id=mock-video-10272 error=HTTP Error 404: Not Found
vision_push_failed frame_id=mock-video-10273 error=HTTP Error 404: Not Found
vision_push_failed frame_id=mock-video-10274 error=HTTP Error 404: Not Found
vision_push_failed frame_id=mock-video-10275 error=HTTP Error 404: Not Found
vision_push_failed frame_id=mock-video-10276 error=HTTP Error 404: Not Found
vision_push_failed frame_id=mock-video-10277 error=HTTP Error 404: Not Found
vision_push_failed frame_id=mock-video-10278 error=HTTP Error 404: Not Found
vision_push_failed frame_id=mock-video-10279 error=HTTP Error 404: Not Found
vision_push_failed frame_id=mock-video-10280 error=HTTP Error 404: Not Found
vision_push_failed frame_id=mock-video-10281 error=HTTP Error 404: Not Found
vision_push_failed frame_id=mock-video-10282 error=HTTP Error 404: Not Found
vision_push_failed frame_id=mock-video-10283 error=HTTP Error 404: Not Found
vision_push_failed frame_id=mock-video-10284 error=HTTP Error 404: Not Found
vision_push_failed frame_id=mock-video-10285 error=HTTP Error 404: Not Found
vision_push_failed frame_id=mock-video-10286 error=HTTP Error 404: Not Found
vision_push_failed frame_id=mock-video-10287 error=HTTP Error 404: Not Found
vision_push_failed frame_id=mock-video-10288 error=HTTP Error 404: Not Found
vision_push_failed frame_id=mock-video-10289 error=HTTP Error 404: Not Found
vision_push_failed frame_id=mock-video-10290 error=HTTP Error 404: Not Found
vision_push_failed frame_id=mock-video-10291 error=HTTP Error 404: Not Found
vision_push_failed frame_id=mock-video-10292 error=HTTP Error 404: Not Found
vision_push_failed frame_id=mock-video-10293 error=HTTP Error 404: Not Found
vision_push_failed frame_id=mock-video-10294 error=HTTP Error 404: Not Found
vision_push_failed frame_id=mock-video-10295 error=HTTP Error 404: Not Found
vision_push_failed frame_id=mock-video-10296 error=HTTP Error 404: Not Found
vision_push_failed frame_id=mock-video-10297 error=HTTP Error 404: Not Found
vision_push_failed frame_id=mock-video-10298 error=HTTP Error 404: Not Found
vision_push_failed frame_id=mock-video-10299 error=HTTP Error 404: Not Found
vision_push_failed frame_id=mock-video-10300 error=HTTP Error 404: Not Found
vision_push_failed frame_id=mock-video-10301 error=HTTP Error 404: Not Found
vision_push_failed frame_id=mock-video-10302 error=HTTP Error 404: Not Found
vision_push_failed frame_id=mock-video-10303 error=HTTP Error 404: Not Found
vision_push_failed frame_id=mock-video-10304 error=HTTP Error 404: Not Found
vision_push_failed frame_id=mock-video-10305 error=HTTP Error 404: Not Found
vision_push_failed frame_id=mock-video-10306 error=HTTP Error 404: Not Found
vision_push_failed frame_id=mock-video-10307 error=HTTP Error 404: Not Found
vision_push_failed frame_id=mock-video-10308 error=HTTP Error 404: Not Found
vision_push_failed frame_id=mock-video-10309 error=HTTP Error 404: Not Found
vision_push_failed frame_id=mock-video-10310 error=HTTP Error 404: Not Found
vision_push_failed frame_id=mock-video-10311 error=HTTP Error 404: Not Found
vision_push_failed frame_id=mock-video-10312 error=HTTP Error 404: Not Found
vision_push_failed frame_id=mock-video-10313 error=HTTP Error 404: Not Found
vision_push_failed frame_id=mock-video-10314 error=HTTP Error 404: Not Found
vision_push_failed frame_id=mock-video-10315 error=HTTP Error 404: Not Found
vision_push_failed frame_id=mock-video-10316 error=HTTP Error 404: Not Found
vision_push_failed frame_id=mock-video-10317 error=HTTP Error 404: Not Found
vision_push_failed frame_id=mock-video-10318 error=HTTP Error 404: Not Found
vision_push_failed frame_id=mock-video-10319 error=HTTP Error 404: Not Found
vision_push_failed frame_id=mock-video-10320 error=HTTP Error 404: Not Found
vision_push_failed frame_id=mock-video-10321 error=HTTP Error 404: Not Found
vision_push_failed frame_id=mock-video-10322 error=HTTP Error 404: Not Found
vision_push_failed frame_id=mock-video-10323 error=HTTP Error 404: Not Found
vision_push_failed frame_id=mock-video-10324 error=HTTP Error 404: Not Found
vision_push_failed frame_id=mock-video-10325 error=HTTP Error 404: Not Found
vision_push_failed frame_id=mock-video-10326 error=HTTP Error 404: Not Found
vision_push_failed frame_id=mock-video-10327 error=HTTP Error 404: Not Found
vision_push_failed frame_id=mock-video-10328 error=HTTP Error 404: Not Found
vision_push_failed frame_id=mock-video-10329 error=HTTP Error 404: Not Found
vision_push_failed frame_id=mock-video-10330 error=HTTP Error 404: Not Found
vision_push_failed frame_id=mock-video-10331 error=HTTP Error 404: Not Found
vision_push_failed frame_id=mock-video-10332 error=HTTP Error 404: Not Found
vision_push_failed frame_id=mock-video-10333 error=HTTP Error 404: Not Found
vision_push_failed frame_id=mock-video-10334 error=HTTP Error 404: Not Found
vision_push_failed frame_id=mock-video-10335 error=HTTP Error 404: Not Found
vision_push_failed frame_id=mock-video-10336 error=HTTP Error 404: Not Found
vision_push_failed frame_id=mock-video-10337 error=HTTP Error 404: Not Found
vision_push_failed frame_id=mock-video-10338 error=HTTP Error 404: Not Found
vision_push_failed frame_id=mock-video-10339 error=HTTP Error 404: Not Found
vision_push_failed frame_id=mock-video-10340 error=HTTP Error 404: Not Found
vision_push_failed frame_id=mock-video-10341 error=HTTP Error 404: Not Found
vision_push_failed frame_id=mock-video-10342 error=HTTP Error 404: Not Found
vision_push_failed frame_id=mock-video-10343 error=HTTP Error 404: Not Found
vision_push_failed frame_id=mock-video-10344 error=HTTP Error 404: Not Found
vision_push_failed frame_id=mock-video-10345 error=HTTP Error 404: Not Found
vision_push_failed frame_id=mock-video-10346 error=HTTP Error 404: Not Found
vision_push_failed frame_id=mock-video-10347 error=HTTP Error 404: Not Found
vision_push_failed frame_id=mock-video-10348 error=HTTP Error 404: Not Found
vision_push_failed frame_id=mock-video-10349 error=HTTP Error 404: Not Found
vision_push_failed frame_id=mock-video-10350 error=HTTP Error 404: Not Found
vision_push_failed frame_id=mock-video-10351 error=HTTP Error 404: Not Found
vision_push_failed frame_id=mock-video-10352 error=HTTP Error 404: Not Found
vision_push_failed frame_id=mock-video-10353 error=HTTP Error 404: Not Found
vision_push_failed frame_id=mock-video-10354 error=HTTP Error 404: Not Found
vision_push_failed frame_id=mock-video-10355 error=HTTP Error 404: Not Found
vision_push_failed frame_id=mock-video-10356 error=HTTP Error 404: Not Found
vision_push_failed frame_id=mock-video-10357 error=HTTP Error 404: Not Found
vision_push_failed frame_id=mock-video-10358 error=HTTP Error 404: Not Found
vision_push_failed frame_id=mock-video-10359 error=HTTP Error 404: Not Found
vision_push_failed frame_id=mock-video-10360 error=HTTP Error 404: Not Found
vision_push_failed frame_id=mock-video-10361 error=HTTP Error 404: Not Found
vision_push_failed frame_id=mock-video-10362 error=HTTP Error 404: Not Found
vision_push_failed frame_id=mock-video-10363 error=HTTP Error 404: Not Found
vision_push_failed frame_id=mock-video-10364 error=HTTP Error 404: Not Found
vision_push_failed frame_id=mock-video-10365 error=HTTP Error 404: Not Found
vision_push_failed frame_id=mock-video-10366 error=HTTP Error 404: Not Found
vision_push_failed frame_id=mock-video-10367 error=HTTP Error 404: Not Found
vision_push_failed frame_id=mock-video-10368 error=HTTP Error 404: Not Found
vision_push_failed frame_id=mock-video-10369 error=HTTP Error 404: Not Found
vision_push_failed frame_id=mock-video-10370 error=HTTP Error 404: Not Found
vision_push_failed frame_id=mock-video-10371 error=HTTP Error 404: Not Found
vision_push_failed frame_id=mock-video-10372 error=HTTP Error 404: Not Found
vision_push_failed frame_id=mock-video-10373 error=HTTP Error 404: Not Found
vision_push_failed frame_id=mock-video-10374 error=HTTP Error 404: Not Found
vision_push_failed frame_id=mock-video-10375 error=HTTP Error 404: Not Found
vision_push_failed frame_id=mock-video-10376 error=HTTP Error 404: Not Found
vision_push_failed frame_id=mock-video-10377 error=HTTP Error 404: Not Found
vision_push_failed frame_id=mock-video-10378 error=HTTP Error 404: Not Found
vision_push_failed frame_id=mock-video-10379 error=HTTP Error 404: Not Found
vision_push_failed frame_id=mock-video-10380 error=HTTP Error 404: Not Found
vision_push_failed frame_id=mock-video-10381 error=HTTP Error 404: Not Found
vision_push_failed frame_id=mock-video-10382 error=HTTP Error 404: Not Found
vision_push_failed frame_id=mock-video-10383 error=HTTP Error 404: Not Found
vision_push_failed frame_id=mock-video-10384 error=HTTP Error 404: Not Found
vision_push_failed frame_id=mock-video-10385 error=HTTP Error 404: Not Found
vision_push_failed frame_id=mock-video-10386 error=HTTP Error 404: Not Found
vision_push_failed frame_id=mock-video-10387 error=HTTP Error 404: Not Found
vision_push_failed frame_id=mock-video-10388 error=HTTP Error 404: Not Found
vision_push_failed frame_id=mock-video-10389 error=HTTP Error 404: Not Found
vision_push_failed frame_id=mock-video-10390 error=HTTP Error 404: Not Found
vision_push_failed frame_id=mock-video-10391 error=HTTP Error 404: Not Found
vision_push_failed frame_id=mock-video-10392 error=HTTP Error 404: Not Found
vision_push_failed frame_id=mock-video-10393 error=HTTP Error 404: Not Found
vision_push_failed frame_id=mock-video-10394 error=HTTP Error 404: Not Found
vision_push_failed frame_id=mock-video-10395 error=HTTP Error 404: Not Found
vision_push_failed frame_id=mock-video-10396 error=HTTP Error 404: Not Found
vision_push_failed frame_id=mock-video-10397 error=HTTP Error 404: Not Found
vision_push_failed frame_id=mock-video-10398 error=HTTP Error 404: Not Found
vision_push_failed frame_id=mock-video-10399 error=HTTP Error 404: Not Found
vision_push_failed frame_id=mock-video-10400 error=HTTP Error 404: Not Found
vision_push_failed frame_id=mock-video-10401 error=HTTP Error 404: Not Found
vision_push_failed frame_id=mock-video-10402 error=HTTP Error 404: Not Found
vision_push_failed frame_id=mock-video-10403 error=HTTP Error 404: Not Found
vision_push_failed frame_id=mock-video-10404 error=HTTP Error 404: Not Found
vision_push_failed frame_id=mock-video-10405 error=HTTP Error 404: Not Found
vision_push_failed frame_id=mock-video-10406 error=HTTP Error 404: Not Found
vision_push_failed frame_id=mock-video-10407 error=HTTP Error 404: Not Found
vision_push_failed frame_id=mock-video-10408 error=HTTP Error 404: Not Found
vision_push_failed frame_id=mock-video-10409 error=HTTP Error 404: Not Found
vision_push_failed frame_id=mock-video-10410 error=HTTP Error 404: Not Found
vision_push_failed frame_id=mock-video-10411 error=HTTP Error 404: Not Found
vision_push_failed frame_id=mock-video-10412 error=HTTP Error 404: Not Found
vision_push_failed frame_id=mock-video-10413 error=HTTP Error 404: Not Found
vision_push_failed frame_id=mock-video-10414 error=HTTP Error 404: Not Found
vision_push_failed frame_id=mock-video-10415 error=HTTP Error 404: Not Found
vision_push_failed frame_id=mock-video-10416 error=HTTP Error 404: Not Found
vision_push_failed frame_id=mock-video-10417 error=HTTP Error 404: Not Found
vision_push_failed frame_id=mock-video-10418 error=HTTP Error 404: Not Found
vision_push_failed frame_id=mock-video-10419 error=HTTP Error 404: Not Found
vision_push_failed frame_id=mock-video-10420 error=HTTP Error 404: Not Found
vision_push_failed frame_id=mock-video-10421 error=HTTP Error 404: Not Found
vision_push_failed frame_id=mock-video-10422 error=HTTP Error 404: Not Found
vision_push_failed frame_id=mock-video-10423 error=HTTP Error 404: Not Found
vision_push_failed frame_id=mock-video-10424 error=HTTP Error 404: Not Found
vision_push_failed frame_id=mock-video-10425 error=HTTP Error 404: Not Found
vision_push_failed frame_id=mock-video-10426 error=HTTP Error 404: Not Found
vision_push_failed frame_id=mock-video-10427 error=HTTP Error 404: Not Found
vision_push_failed frame_id=mock-video-10428 error=HTTP Error 404: Not Found
vision_push_failed frame_id=mock-video-10429 error=HTTP Error 404: Not Found
vision_push_failed frame_id=mock-video-10430 error=HTTP Error 404: Not Found
vision_push_failed frame_id=mock-video-10431 error=HTTP Error 404: Not Found
vision_push_failed frame_id=mock-video-10432 error=HTTP Error 404: Not Found
vision_push_failed frame_id=mock-video-10433 error=HTTP Error 404: Not Found
vision_push_failed frame_id=mock-video-10434 error=HTTP Error 404: Not Found
vision_push_failed frame_id=mock-video-10435 error=HTTP Error 404: Not Found
vision_push_failed frame_id=mock-video-10436 error=HTTP Error 404: Not Found
vision_push_failed frame_id=mock-video-10437 error=HTTP Error 404: Not Found
vision_push_failed frame_id=mock-video-10438 error=HTTP Error 404: Not Found
vision_push_failed frame_id=mock-video-10439 error=HTTP Error 404: Not Found
vision_push_failed frame_id=mock-video-10440 error=HTTP Error 404: Not Found
vision_push_failed frame_id=mock-video-10441 error=HTTP Error 404: Not Found
vision_push_failed frame_id=mock-video-10442 error=HTTP Error 404: Not Found
vision_push_failed frame_id=mock-video-10443 error=HTTP Error 404: Not Found
vision_push_failed frame_id=mock-video-10444 error=HTTP Error 404: Not Found
vision_push_failed frame_id=mock-video-10445 error=HTTP Error 404: Not Found
vision_push_failed frame_id=mock-video-10446 error=HTTP Error 404: Not Found
vision_push_failed frame_id=mock-video-10447 error=HTTP Error 404: Not Found
vision_push_failed frame_id=mock-video-10448 error=HTTP Error 404: Not Found
vision_push_failed frame_id=mock-video-10449 error=HTTP Error 404: Not Found
vision_push_failed frame_id=mock-video-10450 error=HTTP Error 404: Not Found
vision_push_failed frame_id=mock-video-10451 error=HTTP Error 404: Not Found
vision_push_failed frame_id=mock-video-10452 error=HTTP Error 404: Not Found
vision_push_failed frame_id=mock-video-10453 error=HTTP Error 404: Not Found
vision_push_failed frame_id=mock-video-10454 error=HTTP Error 404: Not Found
vision_push_failed frame_id=mock-video-10455 error=HTTP Error 404: Not Found
vision_push_failed frame_id=mock-video-10456 error=HTTP Error 404: Not Found
vision_push_failed frame_id=mock-video-10457 error=HTTP Error 404: Not Found
vision_push_failed frame_id=mock-video-10458 error=HTTP Error 404: Not Found
vision_push_failed frame_id=mock-video-10459 error=HTTP Error 404: Not Found
vision_push_failed frame_id=mock-video-10460 error=HTTP Error 404: Not Found
vision_push_failed frame_id=mock-video-10461 error=HTTP Error 404: Not Found
vision_push_failed frame_id=mock-video-10462 error=HTTP Error 404: Not Found
vision_push_failed frame_id=mock-video-10463 error=HTTP Error 404: Not Found
vision_push_failed frame_id=mock-video-10464 error=HTTP Error 404: Not Found
vision_push_failed frame_id=mock-video-10465 error=HTTP Error 404: Not Found
vision_push_failed frame_id=mock-video-10466 error=HTTP Error 404: Not Found
vision_push_failed frame_id=mock-video-10467 error=<urlopen error timed out>
vision_push_failed frame_id=mock-video-10468 error=HTTP Error 404: Not Found
vision_push_failed frame_id=mock-video-10469 error=HTTP Error 404: Not Found
vision_push_failed frame_id=mock-video-10470 error=HTTP Error 404: Not Found
vision_push_failed frame_id=mock-video-10471 error=HTTP Error 404: Not Found
vision_push_failed frame_id=mock-video-10472 error=HTTP Error 404: Not Found
vision_push_failed frame_id=mock-video-10473 error=HTTP Error 404: Not Found
vision_push_failed frame_id=mock-video-10474 error=HTTP Error 404: Not Found
vision_push_failed frame_id=mock-video-10475 error=HTTP Error 404: Not Found
vision_push_failed frame_id=mock-video-10476 error=HTTP Error 404: Not Found
vision_push_failed frame_id=mock-video-10477 error=HTTP Error 404: Not Found
vision_push_failed frame_id=mock-video-10478 error=HTTP Error 404: Not Found
vision_push_failed frame_id=mock-video-10479 error=HTTP Error 404: Not Found
vision_push_failed frame_id=mock-video-10480 error=HTTP Error 404: Not Found
vision_push_failed frame_id=mock-video-10481 error=HTTP Error 404: Not Found
vision_push_failed frame_id=mock-video-10482 error=HTTP Error 404: Not Found
vision_push_failed frame_id=mock-video-10483 error=HTTP Error 404: Not Found
vision_push_failed frame_id=mock-video-10484 error=HTTP Error 404: Not Found
vision_push_failed frame_id=mock-video-10485 error=HTTP Error 404: Not Found
vision_push_failed frame_id=mock-video-10486 error=HTTP Error 404: Not Found
vision_push_failed frame_id=mock-video-10487 error=HTTP Error 404: Not Found
vision_push_failed frame_id=mock-video-10488 error=HTTP Error 404: Not Found
vision_push_failed frame_id=mock-video-10489 error=HTTP Error 404: Not Found
vision_push_failed frame_id=mock-video-10490 error=HTTP Error 404: Not Found
vision_push_failed frame_id=mock-video-10491 error=HTTP Error 404: Not Found
vision_push_failed frame_id=mock-video-10492 error=HTTP Error 404: Not Found
vision_push_failed frame_id=mock-video-10493 error=HTTP Error 404: Not Found
vision_push_failed frame_id=mock-video-10494 error=HTTP Error 404: Not Found
vision_push_failed frame_id=mock-video-10495 error=HTTP Error 404: Not Found
vision_push_failed frame_id=mock-video-10496 error=HTTP Error 404: Not Found
vision_push_failed frame_id=mock-video-10497 error=HTTP Error 404: Not Found
vision_push_failed frame_id=mock-video-10498 error=HTTP Error 404: Not Found
vision_push_failed frame_id=mock-video-10499 error=HTTP Error 404: Not Found
vision_push_failed frame_id=mock-video-10500 error=HTTP Error 404: Not Found
vision_push_failed frame_id=mock-video-10501 error=HTTP Error 404: Not Found
vision_push_failed frame_id=mock-video-10502 error=HTTP Error 404: Not Found
vision_push_failed frame_id=mock-video-10503 error=HTTP Error 404: Not Found
vision_push_failed frame_id=mock-video-10504 error=HTTP Error 404: Not Found
vision_push_failed frame_id=mock-video-10505 error=HTTP Error 404: Not Found
vision_push_failed frame_id=mock-video-10506 error=HTTP Error 404: Not Found
vision_push_failed frame_id=mock-video-10507 error=HTTP Error 404: Not Found
vision_push_failed frame_id=mock-video-10508 error=HTTP Error 404: Not Found
vision_push_failed frame_id=mock-video-10509 error=HTTP Error 404: Not Found
vision_push_failed frame_id=mock-video-10510 error=HTTP Error 404: Not Found
vision_push_failed frame_id=mock-video-10511 error=HTTP Error 404: Not Found
vision_push_failed frame_id=mock-video-10512 error=HTTP Error 404: Not Found
vision_push_failed frame_id=mock-video-10513 error=HTTP Error 404: Not Found
vision_push_failed frame_id=mock-video-10514 error=HTTP Error 404: Not Found
vision_push_failed frame_id=mock-video-10515 error=HTTP Error 404: Not Found
vision_push_failed frame_id=mock-video-10516 error=HTTP Error 404: Not Found
vision_push_failed frame_id=mock-video-10517 error=HTTP Error 404: Not Found
vision_push_failed frame_id=mock-video-10518 error=HTTP Error 404: Not Found
vision_push_failed frame_id=mock-video-10519 error=HTTP Error 404: Not Found
vision_push_failed frame_id=mock-video-10520 error=HTTP Error 404: Not Found
vision_push_failed frame_id=mock-video-10521 error=HTTP Error 404: Not Found
vision_push_failed frame_id=mock-video-10522 error=HTTP Error 404: Not Found
vision_push_failed frame_id=mock-video-10523 error=HTTP Error 404: Not Found
vision_push_failed frame_id=mock-video-10524 error=HTTP Error 404: Not Found
vision_push_failed frame_id=mock-video-10525 error=HTTP Error 404: Not Found
vision_push_failed frame_id=mock-video-10526 error=HTTP Error 404: Not Found
vision_push_failed frame_id=mock-video-10527 error=HTTP Error 404: Not Found
vision_push_failed frame_id=mock-video-10528 error=HTTP Error 404: Not Found
vision_push_failed frame_id=mock-video-10529 error=HTTP Error 404: Not Found
vision_push_failed frame_id=mock-video-10530 error=HTTP Error 404: Not Found
vision_push_failed frame_id=mock-video-10531 error=HTTP Error 404: Not Found
vision_push_failed frame_id=mock-video-10532 error=HTTP Error 404: Not Found
vision_push_failed frame_id=mock-video-10533 error=HTTP Error 404: Not Found
vision_push_failed frame_id=mock-video-10534 error=HTTP Error 404: Not Found
vision_push_failed frame_id=mock-video-10535 error=HTTP Error 404: Not Found
vision_push_failed frame_id=mock-video-10536 error=HTTP Error 404: Not Found
vision_push_failed frame_id=mock-video-10537 error=HTTP Error 404: Not Found
vision_push_failed frame_id=mock-video-10538 error=HTTP Error 404: Not Found
vision_push_failed frame_id=mock-video-10539 error=HTTP Error 404: Not Found
vision_push_failed frame_id=mock-video-10540 error=HTTP Error 404: Not Found
vision_push_failed frame_id=mock-video-10541 error=HTTP Error 404: Not Found
vision_push_failed frame_id=mock-video-10542 error=HTTP Error 404: Not Found
vision_push_failed frame_id=mock-video-10543 error=<urlopen error timed out>
vision_push_failed frame_id=mock-video-10544 error=HTTP Error 404: Not Found
vision_push_failed frame_id=mock-video-10545 error=HTTP Error 404: Not Found
vision_push_failed frame_id=mock-video-10546 error=HTTP Error 404: Not Found
vision_push_failed frame_id=mock-video-10547 error=HTTP Error 404: Not Found
vision_push_failed frame_id=mock-video-10548 error=HTTP Error 404: Not Found
vision_push_failed frame_id=mock-video-10549 error=HTTP Error 404: Not Found
vision_push_failed frame_id=mock-video-10550 error=HTTP Error 404: Not Found
vision_push_failed frame_id=mock-video-10551 error=HTTP Error 404: Not Found
vision_push_failed frame_id=mock-video-10552 error=HTTP Error 404: Not Found
vision_push_failed frame_id=mock-video-10553 error=HTTP Error 404: Not Found
vision_push_failed frame_id=mock-video-10554 error=HTTP Error 404: Not Found
vision_push_failed frame_id=mock-video-10555 error=HTTP Error 404: Not Found
vision_push_failed frame_id=mock-video-10556 error=HTTP Error 404: Not Found
vision_push_failed frame_id=mock-video-10557 error=HTTP Error 404: Not Found
vision_push_failed frame_id=mock-video-10558 error=HTTP Error 404: Not Found
vision_push_failed frame_id=mock-video-10559 error=HTTP Error 404: Not Found
vision_push_failed frame_id=mock-video-10560 error=HTTP Error 404: Not Found
vision_push_failed frame_id=mock-video-10561 error=HTTP Error 404: Not Found
vision_push_failed frame_id=mock-video-10562 error=HTTP Error 404: Not Found
vision_push_failed frame_id=mock-video-10563 error=HTTP Error 404: Not Found
vision_push_failed frame_id=mock-video-10564 error=HTTP Error 404: Not Found
vision_push_failed frame_id=mock-video-10565 error=HTTP Error 404: Not Found
vision_push_failed frame_id=mock-video-10566 error=HTTP Error 404: Not Found
vision_push_failed frame_id=mock-video-10567 error=HTTP Error 404: Not Found
vision_push_failed frame_id=mock-video-10568 error=HTTP Error 404: Not Found
vision_push_failed frame_id=mock-video-10569 error=HTTP Error 404: Not Found
vision_push_failed frame_id=mock-video-10570 error=HTTP Error 404: Not Found
vision_push_failed frame_id=mock-video-10571 error=<urlopen error timed out>
vision_push_failed frame_id=mock-video-10572 error=HTTP Error 404: Not Found
vision_push_failed frame_id=mock-video-10573 error=HTTP Error 404: Not Found
vision_push_failed frame_id=mock-video-10574 error=HTTP Error 404: Not Found
vision_push_failed frame_id=mock-video-10575 error=HTTP Error 404: Not Found
vision_push_failed frame_id=mock-video-10576 error=HTTP Error 404: Not Found
vision_push_failed frame_id=mock-video-10577 error=HTTP Error 404: Not Found
vision_push_failed frame_id=mock-video-10578 error=HTTP Error 404: Not Found
vision_push_failed frame_id=mock-video-10579 error=HTTP Error 404: Not Found
vision_push_failed frame_id=mock-video-10580 error=HTTP Error 404: Not Found
vision_push_failed frame_id=mock-video-10581 error=HTTP Error 404: Not Found
vision_push_failed frame_id=mock-video-10582 error=HTTP Error 404: Not Found
vision_push_failed frame_id=mock-video-10583 error=HTTP Error 404: Not Found
vision_push_failed frame_id=mock-video-10584 error=HTTP Error 404: Not Found
vision_push_failed frame_id=mock-video-10585 error=HTTP Error 404: Not Found
vision_push_failed frame_id=mock-video-10586 error=HTTP Error 404: Not Found
vision_push_failed frame_id=mock-video-10587 error=HTTP Error 404: Not Found
vision_push_failed frame_id=mock-video-10588 error=HTTP Error 404: Not Found
vision_push_failed frame_id=mock-video-10589 error=HTTP Error 404: Not Found
vision_push_failed frame_id=mock-video-10590 error=HTTP Error 404: Not Found
vision_push_failed frame_id=mock-video-10591 error=HTTP Error 404: Not Found
vision_push_failed frame_id=mock-video-10592 error=HTTP Error 404: Not Found
vision_push_failed frame_id=mock-video-10593 error=HTTP Error 404: Not Found
vision_push_failed frame_id=mock-video-10594 error=HTTP Error 404: Not Found
vision_push_failed frame_id=mock-video-10595 error=HTTP Error 404: Not Found
vision_push_failed frame_id=mock-video-10596 error=HTTP Error 404: Not Found
vision_push_failed frame_id=mock-video-10597 error=HTTP Error 404: Not Found
vision_push_failed frame_id=mock-video-10598 error=HTTP Error 404: Not Found
vision_push_failed frame_id=mock-video-10599 error=HTTP Error 404: Not Found
vision_push_failed frame_id=mock-video-10600 error=HTTP Error 404: Not Found
vision_push_failed frame_id=mock-video-10601 error=HTTP Error 404: Not Found
vision_push_failed frame_id=mock-video-10602 error=HTTP Error 404: Not Found
vision_push_failed frame_id=mock-video-10603 error=HTTP Error 404: Not Found
vision_push_failed frame_id=mock-video-10604 error=HTTP Error 404: Not Found
vision_push_failed frame_id=mock-video-10605 error=HTTP Error 404: Not Found
vision_push_failed frame_id=mock-video-10606 error=HTTP Error 404: Not Found
vision_push_failed frame_id=mock-video-10607 error=HTTP Error 404: Not Found
vision_push_failed frame_id=mock-video-10608 error=HTTP Error 404: Not Found
vision_push_failed frame_id=mock-video-10609 error=<urlopen error timed out>
vision_push_failed frame_id=mock-video-10610 error=HTTP Error 404: Not Found
vision_push_failed frame_id=mock-video-10611 error=HTTP Error 404: Not Found
vision_push_failed frame_id=mock-video-10612 error=HTTP Error 404: Not Found
vision_push_failed frame_id=mock-video-10613 error=HTTP Error 404: Not Found
vision_push_failed frame_id=mock-video-10614 error=HTTP Error 404: Not Found
vision_push_failed frame_id=mock-video-10615 error=HTTP Error 404: Not Found
vision_push_failed frame_id=mock-video-10616 error=HTTP Error 404: Not Found
vision_push_failed frame_id=mock-video-10617 error=HTTP Error 404: Not Found
vision_push_failed frame_id=mock-video-10618 error=HTTP Error 404: Not Found
vision_push_failed frame_id=mock-video-10619 error=HTTP Error 404: Not Found
vision_push_failed frame_id=mock-video-10620 error=HTTP Error 404: Not Found
vision_push_failed frame_id=mock-video-10621 error=HTTP Error 404: Not Found
vision_push_failed frame_id=mock-video-10622 error=HTTP Error 404: Not Found
vision_push_failed frame_id=mock-video-10623 error=HTTP Error 404: Not Found
vision_push_failed frame_id=mock-video-10624 error=HTTP Error 404: Not Found
vision_push_failed frame_id=mock-video-10625 error=HTTP Error 404: Not Found
vision_push_failed frame_id=mock-video-10626 error=HTTP Error 404: Not Found
vision_push_failed frame_id=mock-video-10627 error=HTTP Error 404: Not Found
vision_push_failed frame_id=mock-video-10628 error=HTTP Error 404: Not Found
vision_push_failed frame_id=mock-video-10629 error=HTTP Error 404: Not Found
vision_push_failed frame_id=mock-video-10630 error=HTTP Error 404: Not Found
vision_push_failed frame_id=mock-video-10631 error=HTTP Error 404: Not Found
vision_push_failed frame_id=mock-video-10632 error=HTTP Error 404: Not Found
vision_push_failed frame_id=mock-video-10633 error=HTTP Error 404: Not Found
vision_push_failed frame_id=mock-video-10634 error=HTTP Error 404: Not Found
vision_push_failed frame_id=mock-video-10635 error=HTTP Error 404: Not Found
vision_push_failed frame_id=mock-video-10636 error=HTTP Error 404: Not Found
vision_push_failed frame_id=mock-video-10637 error=HTTP Error 404: Not Found
vision_push_failed frame_id=mock-video-10638 error=HTTP Error 404: Not Found
vision_push_failed frame_id=mock-video-10639 error=HTTP Error 404: Not Found
vision_push_failed frame_id=mock-video-10640 error=HTTP Error 404: Not Found
vision_push_failed frame_id=mock-video-10641 error=HTTP Error 404: Not Found
vision_push_failed frame_id=mock-video-10642 error=HTTP Error 404: Not Found
vision_push_failed frame_id=mock-video-10643 error=HTTP Error 404: Not Found
vision_push_failed frame_id=mock-video-10644 error=HTTP Error 404: Not Found
vision_push_failed frame_id=mock-video-10645 error=HTTP Error 404: Not Found
vision_push_failed frame_id=mock-video-10646 error=HTTP Error 404: Not Found
vision_push_failed frame_id=mock-video-10647 error=HTTP Error 404: Not Found
vision_push_failed frame_id=mock-video-10648 error=HTTP Error 404: Not Found
vision_push_failed frame_id=mock-video-10649 error=HTTP Error 404: Not Found
vision_push_failed frame_id=mock-video-10650 error=HTTP Error 404: Not Found
vision_push_failed frame_id=mock-video-10651 error=HTTP Error 404: Not Found
vision_push_failed frame_id=mock-video-10652 error=HTTP Error 404: Not Found
vision_push_failed frame_id=mock-video-10653 error=HTTP Error 404: Not Found
vision_push_failed frame_id=mock-video-10654 error=HTTP Error 404: Not Found
vision_push_failed frame_id=mock-video-10655 error=HTTP Error 404: Not Found
vision_push_failed frame_id=mock-video-10656 error=HTTP Error 404: Not Found
vision_push_failed frame_id=mock-video-10657 error=HTTP Error 404: Not Found
vision_push_failed frame_id=mock-video-10658 error=HTTP Error 404: Not Found
vision_push_failed frame_id=mock-video-10659 error=HTTP Error 404: Not Found
vision_push_failed frame_id=mock-video-10660 error=HTTP Error 404: Not Found
vision_push_failed frame_id=mock-video-10661 error=HTTP Error 404: Not Found
vision_push_failed frame_id=mock-video-10662 error=HTTP Error 404: Not Found
vision_push_failed frame_id=mock-video-10663 error=HTTP Error 404: Not Found
vision_push_failed frame_id=mock-video-10664 error=HTTP Error 404: Not Found
vision_push_failed frame_id=mock-video-10665 error=HTTP Error 404: Not Found
vision_push_failed frame_id=mock-video-10666 error=HTTP Error 404: Not Found
vision_push_failed frame_id=mock-video-10667 error=HTTP Error 404: Not Found
vision_push_failed frame_id=mock-video-10668 error=HTTP Error 404: Not Found
vision_push_failed frame_id=mock-video-10669 error=HTTP Error 404: Not Found
vision_push_failed frame_id=mock-video-10670 error=HTTP Error 404: Not Found
vision_push_failed frame_id=mock-video-10671 error=HTTP Error 404: Not Found
vision_push_failed frame_id=mock-video-10672 error=HTTP Error 404: Not Found
vision_push_failed frame_id=mock-video-10673 error=HTTP Error 404: Not Found
vision_push_failed frame_id=mock-video-10674 error=HTTP Error 404: Not Found
vision_push_failed frame_id=mock-video-10675 error=HTTP Error 404: Not Found
vision_push_failed frame_id=mock-video-10676 error=HTTP Error 404: Not Found
vision_push_failed frame_id=mock-video-10677 error=HTTP Error 404: Not Found
vision_push_failed frame_id=mock-video-10678 error=HTTP Error 404: Not Found
vision_push_failed frame_id=mock-video-10679 error=HTTP Error 404: Not Found
vision_push_failed frame_id=mock-video-10680 error=HTTP Error 404: Not Found
vision_push_failed frame_id=mock-video-10681 error=HTTP Error 404: Not Found
vision_push_failed frame_id=mock-video-10682 error=HTTP Error 404: Not Found
vision_push_failed frame_id=mock-video-10683 error=HTTP Error 404: Not Found
vision_push_failed frame_id=mock-video-10684 error=HTTP Error 404: Not Found
vision_push_failed frame_id=mock-video-10685 error=HTTP Error 404: Not Found
vision_push_failed frame_id=mock-video-10686 error=HTTP Error 404: Not Found
vision_push_failed frame_id=mock-video-10687 error=HTTP Error 404: Not Found
vision_push_failed frame_id=mock-video-10688 error=HTTP Error 404: Not Found
vision_push_failed frame_id=mock-video-10689 error=HTTP Error 404: Not Found
vision_push_failed frame_id=mock-video-10690 error=HTTP Error 404: Not Found
vision_push_failed frame_id=mock-video-10691 error=HTTP Error 404: Not Found
vision_push_failed frame_id=mock-video-10692 error=HTTP Error 404: Not Found
vision_push_failed frame_id=mock-video-10693 error=HTTP Error 404: Not Found
vision_push_failed frame_id=mock-video-10694 error=HTTP Error 404: Not Found
vision_push_failed frame_id=mock-video-10695 error=HTTP Error 404: Not Found
vision_push_failed frame_id=mock-video-10696 error=HTTP Error 404: Not Found
vision_push_failed frame_id=mock-video-10697 error=HTTP Error 404: Not Found
vision_push_failed frame_id=mock-video-10698 error=HTTP Error 404: Not Found
vision_push_failed frame_id=mock-video-10699 error=HTTP Error 404: Not Found
vision_push_failed frame_id=mock-video-10700 error=HTTP Error 404: Not Found
vision_push_failed frame_id=mock-video-10701 error=HTTP Error 404: Not Found
vision_push_failed frame_id=mock-video-10702 error=HTTP Error 404: Not Found
vision_push_failed frame_id=mock-video-10703 error=HTTP Error 404: Not Found
vision_push_failed frame_id=mock-video-10704 error=HTTP Error 404: Not Found
vision_push_failed frame_id=mock-video-10705 error=HTTP Error 404: Not Found
vision_push_failed frame_id=mock-video-10706 error=HTTP Error 404: Not Found
vision_push_failed frame_id=mock-video-10707 error=HTTP Error 404: Not Found
vision_push_failed frame_id=mock-video-10708 error=HTTP Error 404: Not Found
vision_push_failed frame_id=mock-video-10709 error=HTTP Error 404: Not Found
vision_push_failed frame_id=mock-video-10710 error=HTTP Error 404: Not Found
vision_push_failed frame_id=mock-video-10711 error=HTTP Error 404: Not Found
vision_push_failed frame_id=mock-video-10712 error=HTTP Error 404: Not Found
vision_push_failed frame_id=mock-video-10713 error=HTTP Error 404: Not Found
vision_push_failed frame_id=mock-video-10714 error=HTTP Error 404: Not Found
vision_push_failed frame_id=mock-video-10715 error=HTTP Error 404: Not Found
vision_push_failed frame_id=mock-video-10716 error=HTTP Error 404: Not Found
vision_push_failed frame_id=mock-video-10717 error=HTTP Error 404: Not Found
vision_push_failed frame_id=mock-video-10718 error=HTTP Error 404: Not Found
vision_push_failed frame_id=mock-video-10719 error=HTTP Error 404: Not Found
vision_push_failed frame_id=mock-video-10720 error=HTTP Error 404: Not Found
vision_push_failed frame_id=mock-video-10721 error=HTTP Error 404: Not Found
vision_push_failed frame_id=mock-video-10722 error=HTTP Error 404: Not Found
vision_push_failed frame_id=mock-video-10723 error=HTTP Error 404: Not Found
vision_push_failed frame_id=mock-video-10724 error=HTTP Error 404: Not Found
vision_push_failed frame_id=mock-video-10725 error=HTTP Error 404: Not Found
vision_push_failed frame_id=mock-video-10726 error=HTTP Error 404: Not Found
vision_push_failed frame_id=mock-video-10727 error=HTTP Error 404: Not Found
vision_push_failed frame_id=mock-video-10728 error=HTTP Error 404: Not Found
vision_push_failed frame_id=mock-video-10729 error=HTTP Error 404: Not Found
vision_push_failed frame_id=mock-video-10730 error=HTTP Error 404: Not Found
vision_push_failed frame_id=mock-video-10731 error=HTTP Error 404: Not Found
vision_push_failed frame_id=mock-video-10732 error=HTTP Error 404: Not Found
vision_push_failed frame_id=mock-video-10733 error=HTTP Error 404: Not Found
vision_push_failed frame_id=mock-video-10734 error=HTTP Error 404: Not Found
vision_push_failed frame_id=mock-video-10735 error=HTTP Error 404: Not Found
vision_push_failed frame_id=mock-video-10736 error=HTTP Error 404: Not Found
vision_push_failed frame_id=mock-video-10737 error=HTTP Error 404: Not Found
vision_push_failed frame_id=mock-video-10738 error=HTTP Error 404: Not Found
vision_push_failed frame_id=mock-video-10739 error=HTTP Error 404: Not Found
vision_push_failed frame_id=mock-video-10740 error=HTTP Error 404: Not Found
vision_push_failed frame_id=mock-video-10741 error=HTTP Error 404: Not Found
vision_push_failed frame_id=mock-video-10742 error=HTTP Error 404: Not Found
vision_push_failed frame_id=mock-video-10743 error=HTTP Error 404: Not Found
vision_push_failed frame_id=mock-video-10744 error=HTTP Error 404: Not Found
vision_push_failed frame_id=mock-video-10745 error=HTTP Error 404: Not Found
vision_push_failed frame_id=mock-video-10746 error=HTTP Error 404: Not Found
vision_push_failed frame_id=mock-video-10747 error=HTTP Error 404: Not Found
vision_push_failed frame_id=mock-video-10748 error=HTTP Error 404: Not Found
vision_push_failed frame_id=mock-video-10749 error=HTTP Error 404: Not Found
vision_push_failed frame_id=mock-video-10750 error=HTTP Error 404: Not Found
vision_push_failed frame_id=mock-video-10751 error=HTTP Error 404: Not Found
vision_push_failed frame_id=mock-video-10752 error=HTTP Error 404: Not Found
vision_push_failed frame_id=mock-video-10753 error=HTTP Error 404: Not Found
vision_push_failed frame_id=mock-video-10754 error=HTTP Error 404: Not Found
vision_push_failed frame_id=mock-video-10755 error=HTTP Error 404: Not Found
vision_push_failed frame_id=mock-video-10756 error=HTTP Error 404: Not Found
vision_push_failed frame_id=mock-video-10757 error=HTTP Error 404: Not Found
vision_push_failed frame_id=mock-video-10758 error=HTTP Error 404: Not Found
vision_push_failed frame_id=mock-video-10759 error=HTTP Error 404: Not Found
vision_push_failed frame_id=mock-video-10760 error=HTTP Error 404: Not Found
vision_push_failed frame_id=mock-video-10761 error=HTTP Error 404: Not Found
vision_push_failed frame_id=mock-video-10762 error=HTTP Error 404: Not Found
vision_push_failed frame_id=mock-video-10763 error=HTTP Error 404: Not Found
vision_push_failed frame_id=mock-video-10764 error=HTTP Error 404: Not Found
vision_push_failed frame_id=mock-video-10765 error=HTTP Error 404: Not Found
vision_push_failed frame_id=mock-video-10766 error=HTTP Error 404: Not Found
vision_push_failed frame_id=mock-video-10767 error=HTTP Error 404: Not Found
vision_push_failed frame_id=mock-video-10768 error=HTTP Error 404: Not Found
vision_push_failed frame_id=mock-video-10769 error=HTTP Error 404: Not Found
vision_push_failed frame_id=mock-video-10770 error=HTTP Error 404: Not Found
vision_push_failed frame_id=mock-video-10771 error=HTTP Error 404: Not Found
vision_push_failed frame_id=mock-video-10772 error=HTTP Error 404: Not Found
vision_push_failed frame_id=mock-video-10773 error=HTTP Error 404: Not Found
vision_push_failed frame_id=mock-video-10774 error=HTTP Error 404: Not Found
vision_push_failed frame_id=mock-video-10775 error=HTTP Error 404: Not Found
vision_push_failed frame_id=mock-video-10776 error=HTTP Error 404: Not Found
vision_push_failed frame_id=mock-video-10777 error=HTTP Error 404: Not Found
vision_push_failed frame_id=mock-video-10778 error=HTTP Error 404: Not Found
vision_push_failed frame_id=mock-video-10779 error=HTTP Error 404: Not Found
vision_push_failed frame_id=mock-video-10780 error=HTTP Error 404: Not Found
vision_push_failed frame_id=mock-video-10781 error=HTTP Error 404: Not Found
vision_push_failed frame_id=mock-video-10782 error=HTTP Error 404: Not Found
vision_push_failed frame_id=mock-video-10783 error=HTTP Error 404: Not Found
vision_push_failed frame_id=mock-video-10784 error=HTTP Error 404: Not Found
vision_push_failed frame_id=mock-video-10785 error=HTTP Error 404: Not Found
vision_push_failed frame_id=mock-video-10786 error=HTTP Error 404: Not Found
vision_push_failed frame_id=mock-video-10787 error=HTTP Error 404: Not Found
vision_push_failed frame_id=mock-video-10788 error=HTTP Error 404: Not Found
vision_push_failed frame_id=mock-video-10789 error=HTTP Error 404: Not Found
vision_push_failed frame_id=mock-video-10790 error=HTTP Error 404: Not Found
vision_push_failed frame_id=mock-video-10791 error=HTTP Error 404: Not Found
vision_push_failed frame_id=mock-video-10792 error=HTTP Error 404: Not Found
vision_push_failed frame_id=mock-video-10793 error=HTTP Error 404: Not Found
vision_push_failed frame_id=mock-video-10794 error=HTTP Error 404: Not Found
vision_push_failed frame_id=mock-video-10795 error=HTTP Error 404: Not Found
vision_push_failed frame_id=mock-video-10796 error=HTTP Error 404: Not Found
vision_push_failed frame_id=mock-video-10797 error=HTTP Error 404: Not Found
vision_push_failed frame_id=mock-video-10798 error=HTTP Error 404: Not Found
vision_push_failed frame_id=mock-video-10799 error=HTTP Error 404: Not Found
vision_push_failed frame_id=mock-video-10800 error=HTTP Error 404: Not Found
vision_push_failed frame_id=mock-video-10801 error=HTTP Error 404: Not Found
vision_push_failed frame_id=mock-video-10802 error=HTTP Error 404: Not Found
vision_push_failed frame_id=mock-video-10803 error=HTTP Error 404: Not Found
vision_push_failed frame_id=mock-video-10804 error=HTTP Error 404: Not Found
vision_push_failed frame_id=mock-video-10805 error=HTTP Error 404: Not Found
vision_push_failed frame_id=mock-video-10806 error=HTTP Error 404: Not Found
vision_push_failed frame_id=mock-video-10807 error=HTTP Error 404: Not Found
vision_push_failed frame_id=mock-video-10808 error=HTTP Error 404: Not Found
vision_push_failed frame_id=mock-video-10809 error=HTTP Error 404: Not Found
vision_push_failed frame_id=mock-video-10810 error=HTTP Error 404: Not Found
vision_push_failed frame_id=mock-video-10811 error=HTTP Error 404: Not Found
vision_push_failed frame_id=mock-video-10812 error=HTTP Error 404: Not Found
vision_push_failed frame_id=mock-video-10813 error=HTTP Error 404: Not Found
vision_push_failed frame_id=mock-video-10814 error=HTTP Error 404: Not Found
vision_push_failed frame_id=mock-video-10815 error=HTTP Error 404: Not Found
vision_push_failed frame_id=mock-video-10816 error=HTTP Error 404: Not Found
vision_push_failed frame_id=mock-video-10817 error=HTTP Error 404: Not Found
vision_push_failed frame_id=mock-video-10818 error=HTTP Error 404: Not Found
vision_push_failed frame_id=mock-video-10819 error=HTTP Error 404: Not Found
vision_push_failed frame_id=mock-video-10820 error=HTTP Error 404: Not Found
vision_push_failed frame_id=mock-video-10821 error=HTTP Error 404: Not Found
vision_push_failed frame_id=mock-video-10822 error=HTTP Error 404: Not Found
vision_push_failed frame_id=mock-video-10823 error=HTTP Error 404: Not Found
vision_push_failed frame_id=mock-video-10824 error=HTTP Error 404: Not Found
vision_push_failed frame_id=mock-video-10825 error=HTTP Error 404: Not Found
vision_push_failed frame_id=mock-video-10826 error=HTTP Error 404: Not Found
vision_push_failed frame_id=mock-video-10827 error=HTTP Error 404: Not Found
vision_push_failed frame_id=mock-video-10828 error=HTTP Error 404: Not Found
vision_push_failed frame_id=mock-video-10829 error=HTTP Error 404: Not Found
vision_push_failed frame_id=mock-video-10830 error=HTTP Error 404: Not Found
vision_push_failed frame_id=mock-video-10831 error=HTTP Error 404: Not Found
vision_push_failed frame_id=mock-video-10832 error=HTTP Error 404: Not Found
vision_push_failed frame_id=mock-video-10833 error=HTTP Error 404: Not Found
vision_push_failed frame_id=mock-video-10834 error=HTTP Error 404: Not Found
vision_push_failed frame_id=mock-video-10835 error=HTTP Error 404: Not Found
vision_push_failed frame_id=mock-video-10836 error=HTTP Error 404: Not Found
vision_push_failed frame_id=mock-video-10837 error=HTTP Error 404: Not Found
vision_push_failed frame_id=mock-video-10838 error=HTTP Error 404: Not Found
vision_push_failed frame_id=mock-video-10839 error=HTTP Error 404: Not Found
vision_push_failed frame_id=mock-video-10840 error=HTTP Error 404: Not Found
vision_push_failed frame_id=mock-video-10841 error=HTTP Error 404: Not Found
vision_push_failed frame_id=mock-video-10842 error=HTTP Error 404: Not Found
vision_push_failed frame_id=mock-video-10843 error=HTTP Error 404: Not Found
vision_push_failed frame_id=mock-video-10844 error=HTTP Error 404: Not Found
vision_push_failed frame_id=mock-video-10845 error=HTTP Error 404: Not Found
vision_push_failed frame_id=mock-video-10846 error=HTTP Error 404: Not Found
vision_push_failed frame_id=mock-video-10847 error=HTTP Error 404: Not Found
vision_push_failed frame_id=mock-video-10848 error=HTTP Error 404: Not Found
vision_push_failed frame_id=mock-video-10849 error=HTTP Error 404: Not Found
vision_push_failed frame_id=mock-video-10850 error=<urlopen error timed out>
vision_push_failed frame_id=mock-video-10851 error=HTTP Error 404: Not Found
vision_push_failed frame_id=mock-video-10852 error=HTTP Error 404: Not Found
vision_push_failed frame_id=mock-video-10853 error=HTTP Error 404: Not Found
vision_push_failed frame_id=mock-video-10854 error=HTTP Error 404: Not Found
vision_push_failed frame_id=mock-video-10855 error=HTTP Error 404: Not Found
vision_push_failed frame_id=mock-video-10856 error=HTTP Error 404: Not Found
vision_push_failed frame_id=mock-video-10857 error=HTTP Error 404: Not Found
vision_push_failed frame_id=mock-video-10858 error=HTTP Error 404: Not Found
vision_push_failed frame_id=mock-video-10859 error=HTTP Error 404: Not Found
vision_push_failed frame_id=mock-video-10860 error=HTTP Error 404: Not Found
vision_push_failed frame_id=mock-video-10861 error=HTTP Error 404: Not Found
vision_push_failed frame_id=mock-video-10862 error=HTTP Error 404: Not Found
vision_push_failed frame_id=mock-video-10863 error=HTTP Error 404: Not Found
vision_push_failed frame_id=mock-video-10864 error=HTTP Error 404: Not Found
vision_push_failed frame_id=mock-video-10865 error=HTTP Error 404: Not Found
vision_push_failed frame_id=mock-video-10866 error=HTTP Error 404: Not Found
vision_push_failed frame_id=mock-video-10867 error=HTTP Error 404: Not Found
vision_push_failed frame_id=mock-video-10868 error=HTTP Error 404: Not Found
vision_push_failed frame_id=mock-video-10869 error=HTTP Error 404: Not Found
vision_push_failed frame_id=mock-video-10870 error=HTTP Error 404: Not Found
vision_push_failed frame_id=mock-video-10871 error=HTTP Error 404: Not Found
vision_push_failed frame_id=mock-video-10872 error=HTTP Error 404: Not Found
vision_push_failed frame_id=mock-video-10873 error=HTTP Error 404: Not Found
vision_push_failed frame_id=mock-video-10874 error=HTTP Error 404: Not Found
vision_push_failed frame_id=mock-video-10875 error=HTTP Error 404: Not Found
vision_push_failed frame_id=mock-video-10876 error=HTTP Error 404: Not Found
vision_push_failed frame_id=mock-video-10877 error=HTTP Error 404: Not Found
vision_push_failed frame_id=mock-video-10878 error=HTTP Error 404: Not Found
vision_push_failed frame_id=mock-video-10879 error=HTTP Error 404: Not Found
vision_push_failed frame_id=mock-video-10880 error=HTTP Error 404: Not Found
vision_push_failed frame_id=mock-video-10881 error=HTTP Error 404: Not Found
vision_push_failed frame_id=mock-video-10882 error=HTTP Error 404: Not Found
vision_push_failed frame_id=mock-video-10883 error=HTTP Error 404: Not Found
vision_push_failed frame_id=mock-video-10884 error=HTTP Error 404: Not Found
vision_push_failed frame_id=mock-video-10885 error=HTTP Error 404: Not Found
vision_push_failed frame_id=mock-video-10886 error=HTTP Error 404: Not Found
vision_push_failed frame_id=mock-video-10887 error=HTTP Error 404: Not Found
vision_push_failed frame_id=mock-video-10888 error=HTTP Error 404: Not Found
vision_push_failed frame_id=mock-video-10889 error=HTTP Error 404: Not Found
vision_push_failed frame_id=mock-video-10890 error=HTTP Error 404: Not Found
vision_push_failed frame_id=mock-video-10891 error=HTTP Error 404: Not Found
vision_push_failed frame_id=mock-video-10892 error=HTTP Error 404: Not Found
vision_push_failed frame_id=mock-video-10893 error=HTTP Error 404: Not Found
vision_push_failed frame_id=mock-video-10894 error=HTTP Error 404: Not Found
vision_push_failed frame_id=mock-video-10895 error=HTTP Error 404: Not Found
vision_push_failed frame_id=mock-video-10896 error=HTTP Error 404: Not Found
vision_push_failed frame_id=mock-video-10897 error=HTTP Error 404: Not Found
vision_push_failed frame_id=mock-video-10898 error=HTTP Error 404: Not Found
vision_push_failed frame_id=mock-video-10899 error=HTTP Error 404: Not Found
vision_push_failed frame_id=mock-video-10900 error=HTTP Error 404: Not Found
vision_push_failed frame_id=mock-video-10901 error=HTTP Error 404: Not Found
vision_push_failed frame_id=mock-video-10902 error=HTTP Error 404: Not Found
vision_push_failed frame_id=mock-video-10903 error=HTTP Error 404: Not Found
vision_push_failed frame_id=mock-video-10904 error=HTTP Error 404: Not Found
vision_push_failed frame_id=mock-video-10905 error=HTTP Error 404: Not Found
vision_push_failed frame_id=mock-video-10906 error=HTTP Error 404: Not Found
vision_push_failed frame_id=mock-video-10907 error=HTTP Error 404: Not Found
vision_push_failed frame_id=mock-video-10908 error=HTTP Error 404: Not Found
vision_push_failed frame_id=mock-video-10909 error=HTTP Error 404: Not Found
vision_push_failed frame_id=mock-video-10910 error=HTTP Error 404: Not Found
vision_push_failed frame_id=mock-video-10911 error=HTTP Error 404: Not Found
vision_push_failed frame_id=mock-video-10912 error=HTTP Error 404: Not Found
vision_push_failed frame_id=mock-video-10913 error=HTTP Error 404: Not Found
vision_push_failed frame_id=mock-video-10914 error=HTTP Error 404: Not Found
vision_push_failed frame_id=mock-video-10915 error=HTTP Error 404: Not Found
vision_push_failed frame_id=mock-video-10916 error=HTTP Error 404: Not Found
vision_push_failed frame_id=mock-video-10917 error=HTTP Error 404: Not Found
vision_push_failed frame_id=mock-video-10918 error=HTTP Error 404: Not Found
vision_push_failed frame_id=mock-video-10919 error=HTTP Error 404: Not Found
vision_push_failed frame_id=mock-video-10920 error=HTTP Error 404: Not Found
vision_push_failed frame_id=mock-video-10921 error=HTTP Error 404: Not Found
vision_push_failed frame_id=mock-video-10922 error=HTTP Error 404: Not Found
vision_push_failed frame_id=mock-video-10923 error=HTTP Error 404: Not Found
vision_push_failed frame_id=mock-video-10924 error=HTTP Error 404: Not Found
vision_push_failed frame_id=mock-video-10925 error=HTTP Error 404: Not Found
vision_push_failed frame_id=mock-video-10926 error=HTTP Error 404: Not Found
vision_push_failed frame_id=mock-video-10927 error=HTTP Error 404: Not Found
vision_push_failed frame_id=mock-video-10928 error=HTTP Error 404: Not Found
vision_push_failed frame_id=mock-video-10929 error=HTTP Error 404: Not Found
vision_push_failed frame_id=mock-video-10930 error=HTTP Error 404: Not Found
vision_push_failed frame_id=mock-video-10931 error=HTTP Error 404: Not Found
vision_push_failed frame_id=mock-video-10932 error=HTTP Error 404: Not Found
vision_push_failed frame_id=mock-video-10933 error=HTTP Error 404: Not Found
vision_push_failed frame_id=mock-video-10934 error=HTTP Error 404: Not Found
vision_push_failed frame_id=mock-video-10935 error=HTTP Error 404: Not Found
vision_push_failed frame_id=mock-video-10936 error=HTTP Error 404: Not Found
vision_push_failed frame_id=mock-video-10937 error=HTTP Error 404: Not Found
vision_push_failed frame_id=mock-video-10938 error=HTTP Error 404: Not Found
vision_push_failed frame_id=mock-video-10939 error=HTTP Error 404: Not Found
vision_push_failed frame_id=mock-video-10940 error=HTTP Error 404: Not Found
vision_push_failed frame_id=mock-video-10941 error=HTTP Error 404: Not Found
vision_push_failed frame_id=mock-video-10942 error=HTTP Error 404: Not Found
vision_push_failed frame_id=mock-video-10943 error=HTTP Error 404: Not Found
vision_push_failed frame_id=mock-video-10944 error=HTTP Error 404: Not Found
vision_push_failed frame_id=mock-video-10945 error=HTTP Error 404: Not Found
vision_push_failed frame_id=mock-video-10946 error=HTTP Error 404: Not Found
vision_push_failed frame_id=mock-video-10947 error=HTTP Error 404: Not Found
vision_push_failed frame_id=mock-video-10948 error=HTTP Error 404: Not Found
vision_push_failed frame_id=mock-video-10949 error=HTTP Error 404: Not Found
vision_push_failed frame_id=mock-video-10950 error=HTTP Error 404: Not Found
vision_push_failed frame_id=mock-video-10951 error=HTTP Error 404: Not Found
vision_push_failed frame_id=mock-video-10952 error=HTTP Error 404: Not Found
vision_push_failed frame_id=mock-video-10953 error=HTTP Error 404: Not Found
vision_push_failed frame_id=mock-video-10954 error=HTTP Error 404: Not Found
vision_push_failed frame_id=mock-video-10955 error=HTTP Error 404: Not Found
vision_push_failed frame_id=mock-video-10956 error=HTTP Error 404: Not Found
vision_push_failed frame_id=mock-video-10957 error=HTTP Error 404: Not Found
vision_push_failed frame_id=mock-video-10958 error=HTTP Error 404: Not Found
vision_push_failed frame_id=mock-video-10959 error=HTTP Error 404: Not Found
vision_push_failed frame_id=mock-video-10960 error=HTTP Error 404: Not Found
vision_push_failed frame_id=mock-video-10961 error=HTTP Error 404: Not Found
vision_push_failed frame_id=mock-video-10962 error=HTTP Error 404: Not Found
vision_push_failed frame_id=mock-video-10963 error=HTTP Error 404: Not Found
vision_push_failed frame_id=mock-video-10964 error=HTTP Error 404: Not Found
vision_push_failed frame_id=mock-video-10965 error=HTTP Error 404: Not Found
vision_push_failed frame_id=mock-video-10966 error=HTTP Error 404: Not Found
vision_push_failed frame_id=mock-video-10967 error=HTTP Error 404: Not Found
vision_push_failed frame_id=mock-video-10968 error=HTTP Error 404: Not Found
vision_push_failed frame_id=mock-video-10969 error=HTTP Error 404: Not Found
vision_push_failed frame_id=mock-video-10970 error=HTTP Error 404: Not Found
vision_push_failed frame_id=mock-video-10971 error=HTTP Error 404: Not Found
vision_push_failed frame_id=mock-video-10972 error=HTTP Error 404: Not Found
vision_push_failed frame_id=mock-video-10973 error=HTTP Error 404: Not Found
vision_push_failed frame_id=mock-video-10974 error=HTTP Error 404: Not Found
vision_push_failed frame_id=mock-video-10975 error=HTTP Error 404: Not Found
vision_push_failed frame_id=mock-video-10976 error=HTTP Error 404: Not Found
vision_push_failed frame_id=mock-video-10977 error=HTTP Error 404: Not Found
vision_push_failed frame_id=mock-video-10978 error=HTTP Error 404: Not Found
vision_push_failed frame_id=mock-video-10979 error=HTTP Error 404: Not Found
vision_push_failed frame_id=mock-video-10980 error=HTTP Error 404: Not Found
vision_push_failed frame_id=mock-video-10981 error=HTTP Error 404: Not Found
vision_push_failed frame_id=mock-video-10982 error=HTTP Error 404: Not Found
vision_push_failed frame_id=mock-video-10983 error=HTTP Error 404: Not Found
vision_push_failed frame_id=mock-video-10984 error=HTTP Error 404: Not Found
vision_push_failed frame_id=mock-video-10985 error=HTTP Error 404: Not Found
vision_push_failed frame_id=mock-video-10986 error=HTTP Error 404: Not Found
vision_push_failed frame_id=mock-video-10987 error=HTTP Error 404: Not Found
vision_push_failed frame_id=mock-video-10988 error=HTTP Error 404: Not Found
vision_push_failed frame_id=mock-video-10989 error=HTTP Error 404: Not Found
vision_push_failed frame_id=mock-video-10990 error=HTTP Error 404: Not Found
vision_push_failed frame_id=mock-video-10991 error=HTTP Error 404: Not Found
vision_push_failed frame_id=mock-video-10992 error=HTTP Error 404: Not Found
vision_push_failed frame_id=mock-video-10993 error=HTTP Error 404: Not Found
vision_push_failed frame_id=mock-video-10994 error=HTTP Error 404: Not Found
vision_push_failed frame_id=mock-video-10995 error=HTTP Error 404: Not Found
vision_push_failed frame_id=mock-video-10996 error=HTTP Error 404: Not Found
vision_push_failed frame_id=mock-video-10997 error=HTTP Error 404: Not Found
vision_push_failed frame_id=mock-video-10998 error=HTTP Error 404: Not Found
vision_push_failed frame_id=mock-video-10999 error=HTTP Error 404: Not Found
vision_push_failed frame_id=mock-video-11000 error=HTTP Error 404: Not Found
vision_push_failed frame_id=mock-video-11001 error=HTTP Error 404: Not Found
vision_push_failed frame_id=mock-video-11002 error=HTTP Error 404: Not Found
vision_push_failed frame_id=mock-video-11003 error=HTTP Error 404: Not Found
vision_push_failed frame_id=mock-video-11004 error=HTTP Error 404: Not Found
vision_push_failed frame_id=mock-video-11005 error=HTTP Error 404: Not Found
vision_push_failed frame_id=mock-video-11006 error=HTTP Error 404: Not Found
vision_push_failed frame_id=mock-video-11007 error=HTTP Error 404: Not Found
vision_push_failed frame_id=mock-video-11008 error=HTTP Error 404: Not Found
vision_push_failed frame_id=mock-video-11009 error=HTTP Error 404: Not Found
vision_push_failed frame_id=mock-video-11010 error=HTTP Error 404: Not Found
vision_push_failed frame_id=mock-video-11011 error=HTTP Error 404: Not Found
vision_push_failed frame_id=mock-video-11012 error=HTTP Error 404: Not Found
vision_push_failed frame_id=mock-video-11013 error=HTTP Error 404: Not Found
vision_push_failed frame_id=mock-video-11014 error=HTTP Error 404: Not Found
vision_push_failed frame_id=mock-video-11015 error=HTTP Error 404: Not Found
vision_push_failed frame_id=mock-video-11016 error=HTTP Error 404: Not Found
vision_push_failed frame_id=mock-video-11017 error=HTTP Error 404: Not Found
vision_push_failed frame_id=mock-video-11018 error=HTTP Error 404: Not Found
vision_push_failed frame_id=mock-video-11019 error=HTTP Error 404: Not Found
vision_push_failed frame_id=mock-video-11020 error=HTTP Error 404: Not Found
vision_push_failed frame_id=mock-video-11021 error=HTTP Error 404: Not Found
vision_push_failed frame_id=mock-video-11022 error=HTTP Error 404: Not Found
vision_push_failed frame_id=mock-video-11023 error=HTTP Error 404: Not Found
vision_push_failed frame_id=mock-video-11024 error=HTTP Error 404: Not Found
vision_push_failed frame_id=mock-video-11025 error=HTTP Error 404: Not Found
vision_push_failed frame_id=mock-video-11026 error=HTTP Error 404: Not Found
vision_push_failed frame_id=mock-video-11027 error=HTTP Error 404: Not Found
vision_push_failed frame_id=mock-video-11028 error=HTTP Error 404: Not Found
vision_push_failed frame_id=mock-video-11029 error=HTTP Error 404: Not Found
vision_push_failed frame_id=mock-video-11030 error=HTTP Error 404: Not Found
vision_push_failed frame_id=mock-video-11031 error=HTTP Error 404: Not Found
vision_push_failed frame_id=mock-video-11032 error=HTTP Error 404: Not Found
vision_push_failed frame_id=mock-video-11033 error=HTTP Error 404: Not Found
vision_push_failed frame_id=mock-video-11034 error=HTTP Error 404: Not Found
vision_push_failed frame_id=mock-video-11035 error=HTTP Error 404: Not Found
vision_push_failed frame_id=mock-video-11036 error=HTTP Error 404: Not Found
vision_push_failed frame_id=mock-video-11037 error=HTTP Error 404: Not Found
vision_push_failed frame_id=mock-video-11038 error=HTTP Error 404: Not Found
vision_push_failed frame_id=mock-video-11039 error=HTTP Error 404: Not Found
vision_push_failed frame_id=mock-video-11040 error=HTTP Error 404: Not Found
vision_push_failed frame_id=mock-video-11041 error=HTTP Error 404: Not Found
vision_push_failed frame_id=mock-video-11042 error=HTTP Error 404: Not Found
vision_push_failed frame_id=mock-video-11043 error=HTTP Error 404: Not Found
vision_push_failed frame_id=mock-video-11044 error=HTTP Error 404: Not Found
vision_push_failed frame_id=mock-video-11045 error=HTTP Error 404: Not Found
vision_push_failed frame_id=mock-video-11046 error=HTTP Error 404: Not Found
vision_push_failed frame_id=mock-video-11047 error=HTTP Error 404: Not Found
vision_push_failed frame_id=mock-video-11048 error=HTTP Error 404: Not Found
vision_push_failed frame_id=mock-video-11049 error=HTTP Error 404: Not Found
vision_push_failed frame_id=mock-video-11050 error=HTTP Error 404: Not Found
vision_push_failed frame_id=mock-video-11051 error=HTTP Error 404: Not Found
vision_push_failed frame_id=mock-video-11052 error=HTTP Error 404: Not Found
vision_push_failed frame_id=mock-video-11053 error=HTTP Error 404: Not Found
vision_push_failed frame_id=mock-video-11054 error=HTTP Error 404: Not Found
vision_push_failed frame_id=mock-video-11055 error=HTTP Error 404: Not Found
vision_push_failed frame_id=mock-video-11056 error=HTTP Error 404: Not Found
vision_push_failed frame_id=mock-video-11057 error=HTTP Error 404: Not Found
vision_push_failed frame_id=mock-video-11058 error=HTTP Error 404: Not Found
vision_push_failed frame_id=mock-video-11059 error=HTTP Error 404: Not Found
vision_push_failed frame_id=mock-video-11060 error=HTTP Error 404: Not Found
vision_push_failed frame_id=mock-video-11061 error=HTTP Error 404: Not Found
vision_push_failed frame_id=mock-video-11062 error=HTTP Error 404: Not Found
vision_push_failed frame_id=mock-video-11063 error=HTTP Error 404: Not Found
vision_push_failed frame_id=mock-video-11064 error=HTTP Error 404: Not Found
vision_push_failed frame_id=mock-video-11065 error=HTTP Error 404: Not Found
vision_push_failed frame_id=mock-video-11066 error=HTTP Error 404: Not Found
vision_push_failed frame_id=mock-video-11067 error=HTTP Error 404: Not Found
vision_push_failed frame_id=mock-video-11068 error=HTTP Error 404: Not Found
vision_push_failed frame_id=mock-video-11069 error=HTTP Error 404: Not Found
vision_push_failed frame_id=mock-video-11070 error=HTTP Error 404: Not Found
vision_push_failed frame_id=mock-video-11071 error=HTTP Error 404: Not Found
vision_push_failed frame_id=mock-video-11072 error=HTTP Error 404: Not Found
vision_push_failed frame_id=mock-video-11073 error=HTTP Error 404: Not Found
vision_push_failed frame_id=mock-video-11074 error=HTTP Error 404: Not Found
vision_push_failed frame_id=mock-video-11075 error=HTTP Error 404: Not Found
vision_push_failed frame_id=mock-video-11076 error=HTTP Error 404: Not Found
vision_push_failed frame_id=mock-video-11077 error=HTTP Error 404: Not Found
vision_push_failed frame_id=mock-video-11078 error=<urlopen error timed out>
vision_push_failed frame_id=mock-video-11079 error=HTTP Error 404: Not Found
vision_push_failed frame_id=mock-video-11080 error=HTTP Error 404: Not Found
vision_push_failed frame_id=mock-video-11081 error=HTTP Error 404: Not Found
vision_push_failed frame_id=mock-video-11082 error=HTTP Error 404: Not Found
vision_push_failed frame_id=mock-video-11083 error=HTTP Error 404: Not Found
vision_push_failed frame_id=mock-video-11084 error=HTTP Error 404: Not Found
vision_push_failed frame_id=mock-video-11085 error=HTTP Error 404: Not Found
vision_push_failed frame_id=mock-video-11086 error=HTTP Error 404: Not Found
vision_push_failed frame_id=mock-video-11087 error=HTTP Error 404: Not Found
vision_push_failed frame_id=mock-video-11088 error=HTTP Error 404: Not Found
vision_push_failed frame_id=mock-video-11089 error=HTTP Error 404: Not Found
vision_push_failed frame_id=mock-video-11090 error=HTTP Error 404: Not Found
vision_push_failed frame_id=mock-video-11091 error=HTTP Error 404: Not Found
vision_push_failed frame_id=mock-video-11092 error=HTTP Error 404: Not Found
vision_push_failed frame_id=mock-video-11093 error=HTTP Error 404: Not Found
vision_push_failed frame_id=mock-video-11094 error=HTTP Error 404: Not Found
vision_push_failed frame_id=mock-video-11095 error=HTTP Error 404: Not Found
vision_push_failed frame_id=mock-video-11096 error=HTTP Error 404: Not Found
vision_push_failed frame_id=mock-video-11097 error=HTTP Error 404: Not Found
vision_push_failed frame_id=mock-video-11098 error=HTTP Error 404: Not Found
vision_push_failed frame_id=mock-video-11099 error=HTTP Error 404: Not Found
vision_push_failed frame_id=mock-video-11100 error=HTTP Error 404: Not Found
vision_push_failed frame_id=mock-video-11101 error=HTTP Error 404: Not Found
vision_push_failed frame_id=mock-video-11102 error=HTTP Error 404: Not Found
vision_push_failed frame_id=mock-video-11103 error=HTTP Error 404: Not Found
vision_push_failed frame_id=mock-video-11104 error=HTTP Error 404: Not Found
vision_push_failed frame_id=mock-video-11105 error=HTTP Error 404: Not Found
vision_push_failed frame_id=mock-video-11106 error=HTTP Error 404: Not Found
vision_push_failed frame_id=mock-video-11107 error=HTTP Error 404: Not Found
vision_push_failed frame_id=mock-video-11108 error=HTTP Error 404: Not Found
vision_push_failed frame_id=mock-video-11109 error=HTTP Error 404: Not Found
vision_push_failed frame_id=mock-video-11110 error=<urlopen error timed out>
vision_push_failed frame_id=mock-video-11111 error=HTTP Error 404: Not Found
vision_push_failed frame_id=mock-video-11112 error=HTTP Error 404: Not Found
vision_push_failed frame_id=mock-video-11113 error=HTTP Error 404: Not Found
vision_push_failed frame_id=mock-video-11114 error=HTTP Error 404: Not Found
vision_push_failed frame_id=mock-video-11115 error=HTTP Error 404: Not Found
vision_push_failed frame_id=mock-video-11116 error=HTTP Error 404: Not Found
vision_push_failed frame_id=mock-video-11117 error=HTTP Error 404: Not Found
vision_push_failed frame_id=mock-video-11118 error=HTTP Error 404: Not Found
vision_push_failed frame_id=mock-video-11119 error=HTTP Error 404: Not Found
vision_push_failed frame_id=mock-video-11120 error=HTTP Error 404: Not Found
vision_push_failed frame_id=mock-video-11121 error=HTTP Error 404: Not Found
vision_push_failed frame_id=mock-video-11122 error=HTTP Error 404: Not Found
vision_push_failed frame_id=mock-video-11123 error=HTTP Error 404: Not Found
vision_push_failed frame_id=mock-video-11124 error=HTTP Error 404: Not Found
vision_push_failed frame_id=mock-video-11125 error=HTTP Error 404: Not Found
vision_push_failed frame_id=mock-video-11126 error=HTTP Error 404: Not Found
vision_push_failed frame_id=mock-video-11127 error=HTTP Error 404: Not Found
vision_push_failed frame_id=mock-video-11128 error=HTTP Error 404: Not Found
vision_push_failed frame_id=mock-video-11129 error=HTTP Error 404: Not Found
vision_push_failed frame_id=mock-video-11130 error=HTTP Error 404: Not Found
vision_push_failed frame_id=mock-video-11131 error=HTTP Error 404: Not Found
vision_push_failed frame_id=mock-video-11132 error=HTTP Error 404: Not Found
vision_push_failed frame_id=mock-video-11133 error=HTTP Error 404: Not Found
vision_push_failed frame_id=mock-video-11134 error=HTTP Error 404: Not Found
vision_push_failed frame_id=mock-video-11135 error=HTTP Error 404: Not Found
vision_push_failed frame_id=mock-video-11136 error=HTTP Error 404: Not Found
vision_push_failed frame_id=mock-video-11137 error=HTTP Error 404: Not Found
vision_push_failed frame_id=mock-video-11138 error=HTTP Error 404: Not Found
vision_push_failed frame_id=mock-video-11139 error=HTTP Error 404: Not Found
vision_push_failed frame_id=mock-video-11140 error=HTTP Error 404: Not Found
vision_push_failed frame_id=mock-video-11141 error=HTTP Error 404: Not Found
vision_push_failed frame_id=mock-video-11142 error=HTTP Error 404: Not Found
vision_push_failed frame_id=mock-video-11143 error=HTTP Error 404: Not Found
vision_push_failed frame_id=mock-video-11144 error=HTTP Error 404: Not Found
vision_push_failed frame_id=mock-video-11145 error=HTTP Error 404: Not Found
vision_push_failed frame_id=mock-video-11146 error=HTTP Error 404: Not Found
vision_push_failed frame_id=mock-video-11147 error=HTTP Error 404: Not Found
vision_push_failed frame_id=mock-video-11148 error=HTTP Error 404: Not Found
vision_push_failed frame_id=mock-video-11149 error=HTTP Error 404: Not Found
vision_push_failed frame_id=mock-video-11150 error=HTTP Error 404: Not Found
vision_push_failed frame_id=mock-video-11151 error=HTTP Error 404: Not Found
vision_push_failed frame_id=mock-video-11152 error=HTTP Error 404: Not Found
vision_push_failed frame_id=mock-video-11153 error=HTTP Error 404: Not Found
vision_push_failed frame_id=mock-video-11154 error=HTTP Error 404: Not Found
vision_push_failed frame_id=mock-video-11155 error=HTTP Error 404: Not Found
vision_push_failed frame_id=mock-video-11156 error=HTTP Error 404: Not Found
vision_push_failed frame_id=mock-video-11157 error=HTTP Error 404: Not Found
vision_push_failed frame_id=mock-video-11158 error=HTTP Error 404: Not Found
vision_push_failed frame_id=mock-video-11159 error=HTTP Error 404: Not Found
vision_push_failed frame_id=mock-video-11160 error=HTTP Error 404: Not Found
vision_push_failed frame_id=mock-video-11161 error=HTTP Error 404: Not Found
vision_push_failed frame_id=mock-video-11162 error=HTTP Error 404: Not Found
vision_push_failed frame_id=mock-video-11163 error=HTTP Error 404: Not Found
vision_push_failed frame_id=mock-video-11164 error=HTTP Error 404: Not Found
vision_push_failed frame_id=mock-video-11165 error=HTTP Error 404: Not Found
vision_push_failed frame_id=mock-video-11166 error=HTTP Error 404: Not Found
vision_push_failed frame_id=mock-video-11167 error=HTTP Error 404: Not Found
vision_push_failed frame_id=mock-video-11168 error=HTTP Error 404: Not Found
vision_push_failed frame_id=mock-video-11169 error=HTTP Error 404: Not Found
vision_push_failed frame_id=mock-video-11170 error=HTTP Error 404: Not Found
vision_push_failed frame_id=mock-video-11171 error=HTTP Error 404: Not Found
vision_push_failed frame_id=mock-video-11172 error=HTTP Error 404: Not Found
vision_push_failed frame_id=mock-video-11173 error=HTTP Error 404: Not Found
vision_push_failed frame_id=mock-video-11174 error=HTTP Error 404: Not Found
vision_push_failed frame_id=mock-video-11175 error=HTTP Error 404: Not Found
vision_push_failed frame_id=mock-video-11176 error=HTTP Error 404: Not Found
vision_push_failed frame_id=mock-video-11177 error=HTTP Error 404: Not Found
vision_push_failed frame_id=mock-video-11178 error=HTTP Error 404: Not Found
vision_push_failed frame_id=mock-video-11179 error=HTTP Error 404: Not Found
vision_push_failed frame_id=mock-video-11180 error=HTTP Error 404: Not Found
vision_push_failed frame_id=mock-video-11181 error=HTTP Error 404: Not Found
vision_push_failed frame_id=mock-video-11182 error=HTTP Error 404: Not Found
vision_push_failed frame_id=mock-video-11183 error=HTTP Error 404: Not Found
vision_push_failed frame_id=mock-video-11184 error=HTTP Error 404: Not Found
vision_push_failed frame_id=mock-video-11185 error=HTTP Error 404: Not Found
vision_push_failed frame_id=mock-video-11186 error=HTTP Error 404: Not Found
vision_push_failed frame_id=mock-video-11187 error=HTTP Error 404: Not Found
vision_push_failed frame_id=mock-video-11188 error=HTTP Error 404: Not Found
vision_push_failed frame_id=mock-video-11189 error=HTTP Error 404: Not Found
vision_push_failed frame_id=mock-video-11190 error=HTTP Error 404: Not Found
vision_push_failed frame_id=mock-video-11191 error=HTTP Error 404: Not Found
vision_push_failed frame_id=mock-video-11192 error=HTTP Error 404: Not Found
vision_push_failed frame_id=mock-video-11193 error=HTTP Error 404: Not Found
vision_push_failed frame_id=mock-video-11194 error=HTTP Error 404: Not Found
vision_push_failed frame_id=mock-video-11195 error=HTTP Error 404: Not Found
vision_push_failed frame_id=mock-video-11196 error=HTTP Error 404: Not Found
vision_push_failed frame_id=mock-video-11197 error=HTTP Error 404: Not Found
vision_push_failed frame_id=mock-video-11198 error=HTTP Error 404: Not Found
vision_push_failed frame_id=mock-video-11199 error=HTTP Error 404: Not Found
vision_push_failed frame_id=mock-video-11200 error=HTTP Error 404: Not Found
vision_push_failed frame_id=mock-video-11201 error=HTTP Error 404: Not Found
vision_push_failed frame_id=mock-video-11202 error=HTTP Error 404: Not Found
vision_push_failed frame_id=mock-video-11203 error=HTTP Error 404: Not Found
vision_push_failed frame_id=mock-video-11204 error=HTTP Error 404: Not Found
vision_push_failed frame_id=mock-video-11205 error=HTTP Error 404: Not Found
vision_push_failed frame_id=mock-video-11206 error=HTTP Error 404: Not Found
vision_push_failed frame_id=mock-video-11207 error=HTTP Error 404: Not Found
vision_push_failed frame_id=mock-video-11208 error=HTTP Error 404: Not Found
vision_push_failed frame_id=mock-video-11209 error=HTTP Error 404: Not Found
vision_push_failed frame_id=mock-video-11210 error=HTTP Error 404: Not Found
vision_push_failed frame_id=mock-video-11211 error=HTTP Error 404: Not Found
vision_push_failed frame_id=mock-video-11212 error=HTTP Error 404: Not Found
vision_push_failed frame_id=mock-video-11213 error=HTTP Error 404: Not Found
vision_push_failed frame_id=mock-video-11214 error=HTTP Error 404: Not Found
vision_push_failed frame_id=mock-video-11215 error=HTTP Error 404: Not Found
vision_push_failed frame_id=mock-video-11216 error=HTTP Error 404: Not Found
vision_push_failed frame_id=mock-video-11217 error=HTTP Error 404: Not Found
vision_push_failed frame_id=mock-video-11218 error=HTTP Error 404: Not Found
vision_push_failed frame_id=mock-video-11219 error=HTTP Error 404: Not Found
vision_push_failed frame_id=mock-video-11220 error=HTTP Error 404: Not Found
vision_push_failed frame_id=mock-video-11221 error=HTTP Error 404: Not Found
vision_push_failed frame_id=mock-video-11222 error=HTTP Error 404: Not Found
vision_push_failed frame_id=mock-video-11223 error=HTTP Error 404: Not Found
vision_push_failed frame_id=mock-video-11224 error=HTTP Error 404: Not Found
vision_push_failed frame_id=mock-video-11225 error=HTTP Error 404: Not Found
vision_push_failed frame_id=mock-video-11226 error=HTTP Error 404: Not Found
vision_push_failed frame_id=mock-video-11227 error=HTTP Error 404: Not Found
vision_push_failed frame_id=mock-video-11228 error=HTTP Error 404: Not Found
vision_push_failed frame_id=mock-video-11229 error=HTTP Error 404: Not Found
vision_push_failed frame_id=mock-video-11230 error=HTTP Error 404: Not Found
vision_push_failed frame_id=mock-video-11231 error=HTTP Error 404: Not Found
vision_push_failed frame_id=mock-video-11232 error=HTTP Error 404: Not Found
vision_push_failed frame_id=mock-video-11233 error=HTTP Error 404: Not Found
vision_push_failed frame_id=mock-video-11234 error=HTTP Error 404: Not Found
vision_push_failed frame_id=mock-video-11235 error=HTTP Error 404: Not Found
vision_push_failed frame_id=mock-video-11236 error=HTTP Error 404: Not Found
vision_push_failed frame_id=mock-video-11237 error=HTTP Error 404: Not Found
vision_push_failed frame_id=mock-video-11238 error=HTTP Error 404: Not Found
vision_push_failed frame_id=mock-video-11239 error=HTTP Error 404: Not Found
vision_push_failed frame_id=mock-video-11240 error=HTTP Error 404: Not Found
vision_push_failed frame_id=mock-video-11241 error=HTTP Error 404: Not Found
vision_push_failed frame_id=mock-video-11242 error=HTTP Error 404: Not Found
vision_push_failed frame_id=mock-video-11243 error=HTTP Error 404: Not Found
vision_push_failed frame_id=mock-video-11244 error=HTTP Error 404: Not Found
vision_push_failed frame_id=mock-video-11245 error=HTTP Error 404: Not Found
vision_push_failed frame_id=mock-video-11246 error=HTTP Error 404: Not Found
vision_push_failed frame_id=mock-video-11247 error=HTTP Error 404: Not Found
vision_push_failed frame_id=mock-video-11248 error=HTTP Error 404: Not Found
vision_push_failed frame_id=mock-video-11249 error=HTTP Error 404: Not Found
vision_push_failed frame_id=mock-video-11250 error=HTTP Error 404: Not Found
vision_push_failed frame_id=mock-video-11251 error=HTTP Error 404: Not Found
vision_push_failed frame_id=mock-video-11252 error=HTTP Error 404: Not Found
vision_push_failed frame_id=mock-video-11253 error=HTTP Error 404: Not Found
vision_push_failed frame_id=mock-video-11254 error=HTTP Error 404: Not Found
vision_push_failed frame_id=mock-video-11255 error=HTTP Error 404: Not Found
vision_push_failed frame_id=mock-video-11256 error=HTTP Error 404: Not Found
vision_push_failed frame_id=mock-video-11257 error=HTTP Error 404: Not Found
vision_push_failed frame_id=mock-video-11258 error=HTTP Error 404: Not Found
vision_push_failed frame_id=mock-video-11259 error=HTTP Error 404: Not Found
vision_push_failed frame_id=mock-video-11260 error=HTTP Error 404: Not Found
vision_push_failed frame_id=mock-video-11261 error=HTTP Error 404: Not Found
vision_push_failed frame_id=mock-video-11262 error=HTTP Error 404: Not Found
vision_push_failed frame_id=mock-video-11263 error=HTTP Error 404: Not Found
vision_push_failed frame_id=mock-video-11264 error=HTTP Error 404: Not Found
vision_push_failed frame_id=mock-video-11265 error=HTTP Error 404: Not Found
vision_push_failed frame_id=mock-video-11266 error=HTTP Error 404: Not Found
vision_push_failed frame_id=mock-video-11267 error=HTTP Error 404: Not Found
vision_push_failed frame_id=mock-video-11268 error=HTTP Error 404: Not Found
vision_push_failed frame_id=mock-video-11269 error=HTTP Error 404: Not Found
vision_push_failed frame_id=mock-video-11270 error=HTTP Error 404: Not Found
vision_push_failed frame_id=mock-video-11271 error=HTTP Error 404: Not Found
vision_push_failed frame_id=mock-video-11272 error=HTTP Error 404: Not Found
vision_push_failed frame_id=mock-video-11273 error=HTTP Error 404: Not Found
vision_push_failed frame_id=mock-video-11274 error=HTTP Error 404: Not Found
vision_push_failed frame_id=mock-video-11275 error=HTTP Error 404: Not Found
vision_push_failed frame_id=mock-video-11276 error=HTTP Error 404: Not Found
vision_push_failed frame_id=mock-video-11277 error=HTTP Error 404: Not Found
vision_push_failed frame_id=mock-video-11278 error=HTTP Error 404: Not Found
vision_push_failed frame_id=mock-video-11279 error=HTTP Error 404: Not Found
vision_push_failed frame_id=mock-video-11280 error=<urlopen error timed out>
vision_push_failed frame_id=mock-video-11281 error=HTTP Error 404: Not Found
vision_push_failed frame_id=mock-video-11282 error=HTTP Error 404: Not Found
vision_push_failed frame_id=mock-video-11283 error=HTTP Error 404: Not Found
vision_push_failed frame_id=mock-video-11284 error=HTTP Error 404: Not Found
vision_push_failed frame_id=mock-video-11285 error=HTTP Error 404: Not Found
vision_push_failed frame_id=mock-video-11286 error=HTTP Error 404: Not Found
vision_push_failed frame_id=mock-video-11287 error=HTTP Error 404: Not Found
vision_push_failed frame_id=mock-video-11288 error=HTTP Error 404: Not Found
vision_push_failed frame_id=mock-video-11289 error=HTTP Error 404: Not Found
vision_push_failed frame_id=mock-video-11290 error=HTTP Error 404: Not Found
vision_push_failed frame_id=mock-video-11291 error=HTTP Error 404: Not Found
vision_push_failed frame_id=mock-video-11292 error=HTTP Error 404: Not Found
vision_push_failed frame_id=mock-video-11293 error=HTTP Error 404: Not Found
vision_push_failed frame_id=mock-video-11294 error=HTTP Error 404: Not Found
vision_push_failed frame_id=mock-video-11295 error=HTTP Error 404: Not Found
vision_push_failed frame_id=mock-video-11296 error=HTTP Error 404: Not Found
vision_push_failed frame_id=mock-video-11297 error=HTTP Error 404: Not Found
vision_push_failed frame_id=mock-video-11298 error=HTTP Error 404: Not Found
vision_push_failed frame_id=mock-video-11299 error=HTTP Error 404: Not Found
vision_push_failed frame_id=mock-video-11300 error=HTTP Error 404: Not Found
vision_push_failed frame_id=mock-video-11301 error=HTTP Error 404: Not Found
vision_push_failed frame_id=mock-video-11302 error=HTTP Error 404: Not Found
vision_push_failed frame_id=mock-video-11303 error=HTTP Error 404: Not Found
vision_push_failed frame_id=mock-video-11304 error=HTTP Error 404: Not Found
vision_push_failed frame_id=mock-video-11305 error=HTTP Error 404: Not Found
vision_push_failed frame_id=mock-video-11306 error=HTTP Error 404: Not Found
vision_push_failed frame_id=mock-video-11307 error=HTTP Error 404: Not Found
vision_push_failed frame_id=mock-video-11308 error=HTTP Error 404: Not Found
vision_push_failed frame_id=mock-video-11309 error=HTTP Error 404: Not Found
vision_push_failed frame_id=mock-video-11310 error=HTTP Error 404: Not Found
vision_push_failed frame_id=mock-video-11311 error=HTTP Error 404: Not Found
vision_push_failed frame_id=mock-video-11312 error=HTTP Error 404: Not Found
vision_push_failed frame_id=mock-video-11313 error=HTTP Error 404: Not Found
vision_push_failed frame_id=mock-video-11314 error=HTTP Error 404: Not Found
vision_push_failed frame_id=mock-video-11315 error=HTTP Error 404: Not Found
vision_push_failed frame_id=mock-video-11316 error=HTTP Error 404: Not Found
vision_push_failed frame_id=mock-video-11317 error=HTTP Error 404: Not Found
vision_push_failed frame_id=mock-video-11318 error=HTTP Error 404: Not Found
vision_push_failed frame_id=mock-video-11319 error=HTTP Error 404: Not Found
vision_push_failed frame_id=mock-video-11320 error=HTTP Error 404: Not Found
vision_push_failed frame_id=mock-video-11321 error=HTTP Error 404: Not Found
vision_push_failed frame_id=mock-video-11322 error=HTTP Error 404: Not Found
vision_push_failed frame_id=mock-video-11323 error=HTTP Error 404: Not Found
vision_push_failed frame_id=mock-video-11324 error=HTTP Error 404: Not Found
vision_push_failed frame_id=mock-video-11325 error=HTTP Error 404: Not Found
vision_push_failed frame_id=mock-video-11326 error=HTTP Error 404: Not Found
vision_push_failed frame_id=mock-video-11327 error=HTTP Error 404: Not Found
vision_push_failed frame_id=mock-video-11328 error=HTTP Error 404: Not Found
vision_push_failed frame_id=mock-video-11329 error=HTTP Error 404: Not Found
vision_push_failed frame_id=mock-video-11330 error=HTTP Error 404: Not Found
vision_push_failed frame_id=mock-video-11331 error=HTTP Error 404: Not Found
vision_push_failed frame_id=mock-video-11332 error=HTTP Error 404: Not Found
vision_push_failed frame_id=mock-video-11333 error=HTTP Error 404: Not Found
vision_push_failed frame_id=mock-video-11334 error=HTTP Error 404: Not Found
vision_push_failed frame_id=mock-video-11335 error=HTTP Error 404: Not Found
vision_push_failed frame_id=mock-video-11336 error=HTTP Error 404: Not Found
vision_push_failed frame_id=mock-video-11337 error=HTTP Error 404: Not Found
vision_push_failed frame_id=mock-video-11338 error=HTTP Error 404: Not Found
vision_push_failed frame_id=mock-video-11339 error=HTTP Error 404: Not Found
vision_push_failed frame_id=mock-video-11340 error=HTTP Error 404: Not Found
vision_push_failed frame_id=mock-video-11341 error=HTTP Error 404: Not Found
vision_push_failed frame_id=mock-video-11342 error=HTTP Error 404: Not Found
vision_push_failed frame_id=mock-video-11343 error=HTTP Error 404: Not Found
vision_push_failed frame_id=mock-video-11344 error=HTTP Error 404: Not Found
vision_push_failed frame_id=mock-video-11345 error=HTTP Error 404: Not Found
vision_push_failed frame_id=mock-video-11346 error=HTTP Error 404: Not Found
vision_push_failed frame_id=mock-video-11347 error=HTTP Error 404: Not Found
vision_push_failed frame_id=mock-video-11348 error=HTTP Error 404: Not Found
vision_push_failed frame_id=mock-video-11349 error=HTTP Error 404: Not Found
vision_push_failed frame_id=mock-video-11350 error=HTTP Error 404: Not Found
vision_push_failed frame_id=mock-video-11351 error=HTTP Error 404: Not Found
vision_push_failed frame_id=mock-video-11352 error=HTTP Error 404: Not Found
vision_push_failed frame_id=mock-video-11353 error=HTTP Error 404: Not Found
vision_push_failed frame_id=mock-video-11354 error=HTTP Error 404: Not Found
vision_push_failed frame_id=mock-video-11355 error=HTTP Error 404: Not Found
vision_push_failed frame_id=mock-video-11356 error=HTTP Error 404: Not Found
vision_push_failed frame_id=mock-video-11357 error=HTTP Error 404: Not Found
vision_push_failed frame_id=mock-video-11358 error=HTTP Error 404: Not Found
vision_push_failed frame_id=mock-video-11359 error=HTTP Error 404: Not Found
vision_push_failed frame_id=mock-video-11360 error=HTTP Error 404: Not Found
vision_push_failed frame_id=mock-video-11361 error=HTTP Error 404: Not Found
vision_push_failed frame_id=mock-video-11362 error=HTTP Error 404: Not Found
vision_push_failed frame_id=mock-video-11363 error=HTTP Error 404: Not Found
vision_push_failed frame_id=mock-video-11364 error=HTTP Error 404: Not Found
vision_push_failed frame_id=mock-video-11365 error=HTTP Error 404: Not Found
vision_push_failed frame_id=mock-video-11366 error=HTTP Error 404: Not Found
vision_push_failed frame_id=mock-video-11367 error=HTTP Error 404: Not Found
vision_push_failed frame_id=mock-video-11368 error=HTTP Error 404: Not Found
vision_push_failed frame_id=mock-video-11369 error=HTTP Error 404: Not Found
vision_push_failed frame_id=mock-video-11370 error=HTTP Error 404: Not Found
vision_push_failed frame_id=mock-video-11371 error=HTTP Error 404: Not Found
vision_push_failed frame_id=mock-video-11372 error=HTTP Error 404: Not Found
vision_push_failed frame_id=mock-video-11373 error=HTTP Error 404: Not Found
vision_push_failed frame_id=mock-video-11374 error=HTTP Error 404: Not Found
vision_push_failed frame_id=mock-video-11375 error=HTTP Error 404: Not Found
vision_push_failed frame_id=mock-video-11376 error=HTTP Error 404: Not Found
vision_push_failed frame_id=mock-video-11377 error=HTTP Error 404: Not Found
vision_push_failed frame_id=mock-video-11378 error=HTTP Error 404: Not Found
vision_push_failed frame_id=mock-video-11379 error=HTTP Error 404: Not Found
vision_push_failed frame_id=mock-video-11380 error=HTTP Error 404: Not Found
vision_push_failed frame_id=mock-video-11381 error=HTTP Error 404: Not Found
vision_push_failed frame_id=mock-video-11382 error=HTTP Error 404: Not Found
vision_push_failed frame_id=mock-video-11383 error=HTTP Error 404: Not Found
vision_push_failed frame_id=mock-video-11384 error=HTTP Error 404: Not Found
vision_push_failed frame_id=mock-video-11385 error=HTTP Error 404: Not Found
vision_push_failed frame_id=mock-video-11386 error=HTTP Error 404: Not Found
vision_push_failed frame_id=mock-video-11387 error=HTTP Error 404: Not Found
vision_push_failed frame_id=mock-video-11388 error=HTTP Error 404: Not Found
vision_push_failed frame_id=mock-video-11389 error=HTTP Error 404: Not Found
vision_push_failed frame_id=mock-video-11390 error=HTTP Error 404: Not Found
vision_push_failed frame_id=mock-video-11391 error=HTTP Error 404: Not Found
vision_push_failed frame_id=mock-video-11392 error=HTTP Error 404: Not Found
vision_push_failed frame_id=mock-video-11393 error=HTTP Error 404: Not Found
vision_push_failed frame_id=mock-video-11394 error=HTTP Error 404: Not Found
vision_push_failed frame_id=mock-video-11395 error=HTTP Error 404: Not Found
vision_push_failed frame_id=mock-video-11396 error=HTTP Error 404: Not Found
vision_push_failed frame_id=mock-video-11397 error=HTTP Error 404: Not Found
vision_push_failed frame_id=mock-video-11398 error=HTTP Error 404: Not Found
vision_push_failed frame_id=mock-video-11399 error=HTTP Error 404: Not Found
vision_push_failed frame_id=mock-video-11400 error=HTTP Error 404: Not Found
vision_push_failed frame_id=mock-video-11401 error=HTTP Error 404: Not Found
vision_push_failed frame_id=mock-video-11402 error=HTTP Error 404: Not Found
vision_push_failed frame_id=mock-video-11403 error=HTTP Error 404: Not Found
vision_push_failed frame_id=mock-video-11404 error=<urlopen error timed out>
vision_push_failed frame_id=mock-video-11405 error=HTTP Error 404: Not Found
vision_push_failed frame_id=mock-video-11406 error=HTTP Error 404: Not Found
vision_push_failed frame_id=mock-video-11407 error=HTTP Error 404: Not Found
vision_push_failed frame_id=mock-video-11408 error=HTTP Error 404: Not Found
vision_push_failed frame_id=mock-video-11409 error=HTTP Error 404: Not Found
vision_push_failed frame_id=mock-video-11410 error=HTTP Error 404: Not Found
vision_push_failed frame_id=mock-video-11411 error=HTTP Error 404: Not Found
vision_push_failed frame_id=mock-video-11412 error=HTTP Error 404: Not Found
vision_push_failed frame_id=mock-video-11413 error=HTTP Error 404: Not Found
vision_push_failed frame_id=mock-video-11414 error=HTTP Error 404: Not Found
vision_push_failed frame_id=mock-video-11415 error=HTTP Error 404: Not Found
vision_push_failed frame_id=mock-video-11416 error=HTTP Error 404: Not Found
vision_push_failed frame_id=mock-video-11417 error=HTTP Error 404: Not Found
vision_push_failed frame_id=mock-video-11418 error=HTTP Error 404: Not Found
vision_push_failed frame_id=mock-video-11419 error=HTTP Error 404: Not Found
vision_push_failed frame_id=mock-video-11420 error=HTTP Error 404: Not Found
vision_push_failed frame_id=mock-video-11421 error=HTTP Error 404: Not Found
vision_push_failed frame_id=mock-video-11422 error=HTTP Error 404: Not Found
vision_push_failed frame_id=mock-video-11423 error=HTTP Error 404: Not Found
vision_push_failed frame_id=mock-video-11424 error=HTTP Error 404: Not Found
vision_push_failed frame_id=mock-video-11425 error=HTTP Error 404: Not Found
vision_push_failed frame_id=mock-video-11426 error=HTTP Error 404: Not Found
vision_push_failed frame_id=mock-video-11427 error=HTTP Error 404: Not Found
vision_push_failed frame_id=mock-video-11428 error=HTTP Error 404: Not Found
vision_push_failed frame_id=mock-video-11429 error=HTTP Error 404: Not Found
vision_push_failed frame_id=mock-video-11430 error=HTTP Error 404: Not Found
vision_push_failed frame_id=mock-video-11431 error=HTTP Error 404: Not Found
vision_push_failed frame_id=mock-video-11432 error=HTTP Error 404: Not Found
vision_push_failed frame_id=mock-video-11433 error=HTTP Error 404: Not Found
vision_push_failed frame_id=mock-video-11434 error=HTTP Error 404: Not Found
vision_push_failed frame_id=mock-video-11435 error=HTTP Error 404: Not Found
vision_push_failed frame_id=mock-video-11436 error=HTTP Error 404: Not Found
vision_push_failed frame_id=mock-video-11437 error=HTTP Error 404: Not Found
vision_push_failed frame_id=mock-video-11438 error=HTTP Error 404: Not Found
vision_push_failed frame_id=mock-video-11439 error=HTTP Error 404: Not Found
vision_push_failed frame_id=mock-video-11440 error=HTTP Error 404: Not Found
vision_push_failed frame_id=mock-video-11441 error=HTTP Error 404: Not Found
vision_push_failed frame_id=mock-video-11442 error=HTTP Error 404: Not Found
vision_push_failed frame_id=mock-video-11443 error=HTTP Error 404: Not Found
vision_push_failed frame_id=mock-video-11444 error=HTTP Error 404: Not Found
vision_push_failed frame_id=mock-video-11445 error=HTTP Error 404: Not Found
vision_push_failed frame_id=mock-video-11446 error=HTTP Error 404: Not Found
vision_push_failed frame_id=mock-video-11447 error=HTTP Error 404: Not Found
vision_push_failed frame_id=mock-video-11448 error=HTTP Error 404: Not Found
vision_push_failed frame_id=mock-video-11449 error=HTTP Error 404: Not Found
vision_push_failed frame_id=mock-video-11450 error=HTTP Error 404: Not Found
vision_push_failed frame_id=mock-video-11451 error=HTTP Error 404: Not Found
vision_push_failed frame_id=mock-video-11452 error=HTTP Error 404: Not Found
vision_push_failed frame_id=mock-video-11453 error=HTTP Error 404: Not Found
vision_push_failed frame_id=mock-video-11454 error=HTTP Error 404: Not Found
vision_push_failed frame_id=mock-video-11455 error=HTTP Error 404: Not Found
vision_push_failed frame_id=mock-video-11456 error=HTTP Error 404: Not Found
vision_push_failed frame_id=mock-video-11457 error=HTTP Error 404: Not Found
vision_push_failed frame_id=mock-video-11458 error=HTTP Error 404: Not Found
vision_push_failed frame_id=mock-video-11459 error=HTTP Error 404: Not Found
vision_push_failed frame_id=mock-video-11460 error=HTTP Error 404: Not Found
vision_push_failed frame_id=mock-video-11461 error=HTTP Error 404: Not Found
vision_push_failed frame_id=mock-video-11462 error=HTTP Error 404: Not Found
vision_push_failed frame_id=mock-video-11463 error=HTTP Error 404: Not Found
vision_push_failed frame_id=mock-video-11464 error=HTTP Error 404: Not Found
vision_push_failed frame_id=mock-video-11465 error=HTTP Error 404: Not Found
vision_push_failed frame_id=mock-video-11466 error=HTTP Error 404: Not Found
vision_push_failed frame_id=mock-video-11467 error=HTTP Error 404: Not Found
vision_push_failed frame_id=mock-video-11468 error=HTTP Error 404: Not Found
vision_push_failed frame_id=mock-video-11469 error=HTTP Error 404: Not Found
vision_push_failed frame_id=mock-video-11470 error=HTTP Error 404: Not Found
vision_push_failed frame_id=mock-video-11471 error=HTTP Error 404: Not Found
vision_push_failed frame_id=mock-video-11472 error=HTTP Error 404: Not Found
vision_push_failed frame_id=mock-video-11473 error=HTTP Error 404: Not Found
vision_push_failed frame_id=mock-video-11474 error=HTTP Error 404: Not Found
vision_push_failed frame_id=mock-video-11475 error=HTTP Error 404: Not Found
vision_push_failed frame_id=mock-video-11476 error=HTTP Error 404: Not Found
vision_push_failed frame_id=mock-video-11477 error=HTTP Error 404: Not Found
vision_push_failed frame_id=mock-video-11478 error=HTTP Error 404: Not Found
vision_push_failed frame_id=mock-video-11479 error=HTTP Error 404: Not Found
vision_push_failed frame_id=mock-video-11480 error=HTTP Error 404: Not Found
vision_push_failed frame_id=mock-video-11481 error=HTTP Error 404: Not Found
vision_push_failed frame_id=mock-video-11482 error=HTTP Error 404: Not Found
vision_push_failed frame_id=mock-video-11483 error=HTTP Error 404: Not Found
vision_push_failed frame_id=mock-video-11484 error=HTTP Error 404: Not Found
vision_push_failed frame_id=mock-video-11485 error=HTTP Error 404: Not Found
vision_push_failed frame_id=mock-video-11486 error=HTTP Error 404: Not Found
vision_push_failed frame_id=mock-video-11487 error=HTTP Error 404: Not Found
vision_push_failed frame_id=mock-video-11488 error=HTTP Error 404: Not Found
vision_push_failed frame_id=mock-video-11489 error=HTTP Error 404: Not Found
vision_push_failed frame_id=mock-video-11490 error=HTTP Error 404: Not Found
vision_push_failed frame_id=mock-video-11491 error=HTTP Error 404: Not Found
vision_push_failed frame_id=mock-video-11492 error=HTTP Error 404: Not Found
vision_push_failed frame_id=mock-video-11493 error=HTTP Error 404: Not Found
vision_push_failed frame_id=mock-video-11494 error=HTTP Error 404: Not Found
vision_push_failed frame_id=mock-video-11495 error=HTTP Error 404: Not Found
vision_push_failed frame_id=mock-video-11496 error=HTTP Error 404: Not Found
vision_push_failed frame_id=mock-video-11497 error=HTTP Error 404: Not Found
vision_push_failed frame_id=mock-video-11498 error=HTTP Error 404: Not Found
vision_push_failed frame_id=mock-video-11499 error=HTTP Error 404: Not Found
vision_push_failed frame_id=mock-video-11500 error=HTTP Error 404: Not Found
vision_push_failed frame_id=mock-video-11501 error=HTTP Error 404: Not Found
vision_push_failed frame_id=mock-video-11502 error=HTTP Error 404: Not Found
vision_push_failed frame_id=mock-video-11503 error=HTTP Error 404: Not Found
vision_push_failed frame_id=mock-video-11504 error=HTTP Error 404: Not Found
vision_push_failed frame_id=mock-video-11505 error=HTTP Error 404: Not Found
vision_push_failed frame_id=mock-video-11506 error=HTTP Error 404: Not Found
vision_push_failed frame_id=mock-video-11507 error=HTTP Error 404: Not Found
vision_push_failed frame_id=mock-video-11508 error=HTTP Error 404: Not Found
vision_push_failed frame_id=mock-video-11509 error=HTTP Error 404: Not Found
vision_push_failed frame_id=mock-video-11510 error=HTTP Error 404: Not Found
vision_push_failed frame_id=mock-video-11511 error=HTTP Error 404: Not Found
vision_push_failed frame_id=mock-video-11512 error=HTTP Error 404: Not Found
vision_push_failed frame_id=mock-video-11513 error=HTTP Error 404: Not Found
vision_push_failed frame_id=mock-video-11514 error=HTTP Error 404: Not Found
vision_push_failed frame_id=mock-video-11515 error=HTTP Error 404: Not Found
vision_push_failed frame_id=mock-video-11516 error=HTTP Error 404: Not Found
vision_push_failed frame_id=mock-video-11517 error=HTTP Error 404: Not Found
vision_push_failed frame_id=mock-video-11518 error=HTTP Error 404: Not Found
vision_push_failed frame_id=mock-video-11519 error=HTTP Error 404: Not Found
vision_push_failed frame_id=mock-video-11520 error=HTTP Error 404: Not Found
vision_push_failed frame_id=mock-video-11521 error=HTTP Error 404: Not Found
vision_push_failed frame_id=mock-video-11522 error=HTTP Error 404: Not Found
vision_push_failed frame_id=mock-video-11523 error=HTTP Error 404: Not Found
vision_push_failed frame_id=mock-video-11524 error=HTTP Error 404: Not Found
vision_push_failed frame_id=mock-video-11525 error=HTTP Error 404: Not Found
vision_push_failed frame_id=mock-video-11526 error=HTTP Error 404: Not Found
vision_push_failed frame_id=mock-video-11527 error=HTTP Error 404: Not Found
vision_push_failed frame_id=mock-video-11528 error=HTTP Error 404: Not Found
vision_push_failed frame_id=mock-video-11529 error=HTTP Error 404: Not Found
vision_push_failed frame_id=mock-video-11530 error=HTTP Error 404: Not Found
vision_push_failed frame_id=mock-video-11531 error=HTTP Error 404: Not Found
vision_push_failed frame_id=mock-video-11532 error=HTTP Error 404: Not Found
vision_push_failed frame_id=mock-video-11533 error=HTTP Error 404: Not Found
vision_push_failed frame_id=mock-video-11534 error=HTTP Error 404: Not Found
vision_push_failed frame_id=mock-video-11535 error=HTTP Error 404: Not Found
vision_push_failed frame_id=mock-video-11536 error=HTTP Error 404: Not Found
vision_push_failed frame_id=mock-video-11537 error=HTTP Error 404: Not Found
vision_push_failed frame_id=mock-video-11538 error=HTTP Error 404: Not Found
vision_push_failed frame_id=mock-video-11539 error=HTTP Error 404: Not Found
vision_push_failed frame_id=mock-video-11540 error=HTTP Error 404: Not Found
vision_push_failed frame_id=mock-video-11541 error=HTTP Error 404: Not Found
vision_push_failed frame_id=mock-video-11542 error=HTTP Error 404: Not Found
vision_push_failed frame_id=mock-video-11543 error=HTTP Error 404: Not Found
vision_push_failed frame_id=mock-video-11544 error=HTTP Error 404: Not Found
vision_push_failed frame_id=mock-video-11545 error=HTTP Error 404: Not Found
vision_push_failed frame_id=mock-video-11546 error=HTTP Error 404: Not Found
vision_push_failed frame_id=mock-video-11547 error=HTTP Error 404: Not Found
vision_push_failed frame_id=mock-video-11548 error=HTTP Error 404: Not Found
vision_push_failed frame_id=mock-video-11549 error=HTTP Error 404: Not Found
vision_push_failed frame_id=mock-video-11550 error=HTTP Error 404: Not Found
vision_push_failed frame_id=mock-video-11551 error=HTTP Error 404: Not Found
vision_push_failed frame_id=mock-video-11552 error=HTTP Error 404: Not Found
vision_push_failed frame_id=mock-video-11553 error=HTTP Error 404: Not Found
vision_push_failed frame_id=mock-video-11554 error=HTTP Error 404: Not Found
vision_push_failed frame_id=mock-video-11555 error=HTTP Error 404: Not Found
vision_push_failed frame_id=mock-video-11556 error=HTTP Error 404: Not Found
vision_push_failed frame_id=mock-video-11557 error=HTTP Error 404: Not Found
vision_push_failed frame_id=mock-video-11558 error=HTTP Error 404: Not Found
vision_push_failed frame_id=mock-video-11559 error=HTTP Error 404: Not Found
vision_push_failed frame_id=mock-video-11560 error=HTTP Error 404: Not Found
vision_push_failed frame_id=mock-video-11561 error=HTTP Error 404: Not Found
vision_push_failed frame_id=mock-video-11562 error=HTTP Error 404: Not Found
vision_push_failed frame_id=mock-video-11563 error=HTTP Error 404: Not Found
vision_push_failed frame_id=mock-video-11564 error=HTTP Error 404: Not Found
vision_push_failed frame_id=mock-video-11565 error=HTTP Error 404: Not Found
vision_push_failed frame_id=mock-video-11566 error=HTTP Error 404: Not Found
vision_push_failed frame_id=mock-video-11567 error=HTTP Error 404: Not Found
vision_push_failed frame_id=mock-video-11568 error=HTTP Error 404: Not Found
vision_push_failed frame_id=mock-video-11569 error=HTTP Error 404: Not Found
vision_push_failed frame_id=mock-video-11570 error=HTTP Error 404: Not Found
vision_push_failed frame_id=mock-video-11571 error=HTTP Error 404: Not Found
vision_push_failed frame_id=mock-video-11572 error=HTTP Error 404: Not Found
vision_push_failed frame_id=mock-video-11573 error=HTTP Error 404: Not Found
vision_push_failed frame_id=mock-video-11574 error=HTTP Error 404: Not Found
vision_push_failed frame_id=mock-video-11575 error=HTTP Error 404: Not Found
vision_push_failed frame_id=mock-video-11576 error=HTTP Error 404: Not Found
vision_push_failed frame_id=mock-video-11577 error=HTTP Error 404: Not Found
vision_push_failed frame_id=mock-video-11578 error=HTTP Error 404: Not Found
vision_push_failed frame_id=mock-video-11579 error=HTTP Error 404: Not Found
vision_push_failed frame_id=mock-video-11580 error=HTTP Error 404: Not Found
vision_push_failed frame_id=mock-video-11581 error=HTTP Error 404: Not Found
vision_push_failed frame_id=mock-video-11582 error=HTTP Error 404: Not Found
vision_push_failed frame_id=mock-video-11583 error=HTTP Error 404: Not Found
vision_push_failed frame_id=mock-video-11584 error=HTTP Error 404: Not Found
vision_push_failed frame_id=mock-video-11585 error=HTTP Error 404: Not Found
vision_push_failed frame_id=mock-video-11586 error=HTTP Error 404: Not Found
vision_push_failed frame_id=mock-video-11587 error=HTTP Error 404: Not Found
vision_push_failed frame_id=mock-video-11588 error=HTTP Error 404: Not Found
vision_push_failed frame_id=mock-video-11589 error=HTTP Error 404: Not Found
vision_push_failed frame_id=mock-video-11590 error=HTTP Error 404: Not Found
vision_push_failed frame_id=mock-video-11591 error=HTTP Error 404: Not Found
vision_push_failed frame_id=mock-video-11592 error=HTTP Error 404: Not Found
vision_push_failed frame_id=mock-video-11593 error=HTTP Error 404: Not Found
vision_push_failed frame_id=mock-video-11594 error=HTTP Error 404: Not Found
vision_push_failed frame_id=mock-video-11595 error=HTTP Error 404: Not Found
vision_push_failed frame_id=mock-video-11596 error=HTTP Error 404: Not Found
vision_push_failed frame_id=mock-video-11597 error=HTTP Error 404: Not Found
vision_push_failed frame_id=mock-video-11598 error=HTTP Error 404: Not Found
vision_push_failed frame_id=mock-video-11599 error=HTTP Error 404: Not Found
vision_push_failed frame_id=mock-video-11600 error=HTTP Error 404: Not Found
vision_push_failed frame_id=mock-video-11601 error=HTTP Error 404: Not Found
vision_push_failed frame_id=mock-video-11602 error=HTTP Error 404: Not Found
vision_push_failed frame_id=mock-video-11603 error=HTTP Error 404: Not Found
vision_push_failed frame_id=mock-video-11604 error=HTTP Error 404: Not Found
vision_push_failed frame_id=mock-video-11605 error=HTTP Error 404: Not Found
vision_push_failed frame_id=mock-video-11606 error=HTTP Error 404: Not Found
vision_push_failed frame_id=mock-video-11607 error=HTTP Error 404: Not Found
vision_push_failed frame_id=mock-video-11608 error=HTTP Error 404: Not Found
vision_push_failed frame_id=mock-video-11609 error=HTTP Error 404: Not Found
vision_push_failed frame_id=mock-video-11610 error=HTTP Error 404: Not Found
vision_push_failed frame_id=mock-video-11611 error=HTTP Error 404: Not Found
vision_push_failed frame_id=mock-video-11612 error=HTTP Error 404: Not Found
vision_push_failed frame_id=mock-video-11613 error=HTTP Error 404: Not Found
vision_push_failed frame_id=mock-video-11614 error=HTTP Error 404: Not Found
vision_push_failed frame_id=mock-video-11615 error=HTTP Error 404: Not Found
vision_push_failed frame_id=mock-video-11616 error=HTTP Error 404: Not Found
vision_push_failed frame_id=mock-video-11617 error=HTTP Error 404: Not Found
vision_push_failed frame_id=mock-video-11618 error=HTTP Error 404: Not Found
vision_push_failed frame_id=mock-video-11619 error=HTTP Error 404: Not Found
vision_push_failed frame_id=mock-video-11620 error=HTTP Error 404: Not Found
vision_push_failed frame_id=mock-video-11621 error=HTTP Error 404: Not Found
vision_push_failed frame_id=mock-video-11622 error=HTTP Error 404: Not Found
vision_push_failed frame_id=mock-video-11623 error=HTTP Error 404: Not Found
vision_push_failed frame_id=mock-video-11624 error=HTTP Error 404: Not Found
vision_push_failed frame_id=mock-video-11625 error=HTTP Error 404: Not Found
vision_push_failed frame_id=mock-video-11626 error=HTTP Error 404: Not Found
vision_push_failed frame_id=mock-video-11627 error=HTTP Error 404: Not Found
vision_push_failed frame_id=mock-video-11628 error=HTTP Error 404: Not Found
vision_push_failed frame_id=mock-video-11629 error=HTTP Error 404: Not Found
vision_push_failed frame_id=mock-video-11630 error=HTTP Error 404: Not Found
vision_push_failed frame_id=mock-video-11631 error=HTTP Error 404: Not Found
vision_push_failed frame_id=mock-video-11632 error=HTTP Error 404: Not Found
vision_push_failed frame_id=mock-video-11633 error=HTTP Error 404: Not Found
vision_push_failed frame_id=mock-video-11634 error=HTTP Error 404: Not Found
vision_push_failed frame_id=mock-video-11635 error=HTTP Error 404: Not Found
vision_push_failed frame_id=mock-video-11636 error=HTTP Error 404: Not Found
vision_push_failed frame_id=mock-video-11637 error=HTTP Error 404: Not Found
vision_push_failed frame_id=mock-video-11638 error=HTTP Error 404: Not Found
vision_push_failed frame_id=mock-video-11639 error=HTTP Error 404: Not Found
vision_push_failed frame_id=mock-video-11640 error=HTTP Error 404: Not Found
vision_push_failed frame_id=mock-video-11641 error=HTTP Error 404: Not Found
vision_push_failed frame_id=mock-video-11642 error=HTTP Error 404: Not Found
vision_push_failed frame_id=mock-video-11643 error=HTTP Error 404: Not Found
vision_push_failed frame_id=mock-video-11644 error=HTTP Error 404: Not Found
vision_push_failed frame_id=mock-video-11645 error=HTTP Error 404: Not Found
vision_push_failed frame_id=mock-video-11646 error=HTTP Error 404: Not Found
vision_push_failed frame_id=mock-video-11647 error=HTTP Error 404: Not Found
vision_push_failed frame_id=mock-video-11648 error=HTTP Error 404: Not Found
vision_push_failed frame_id=mock-video-11649 error=HTTP Error 404: Not Found
vision_push_failed frame_id=mock-video-11650 error=HTTP Error 404: Not Found
vision_push_failed frame_id=mock-video-11651 error=HTTP Error 404: Not Found
vision_push_failed frame_id=mock-video-11652 error=HTTP Error 404: Not Found
vision_push_failed frame_id=mock-video-11653 error=HTTP Error 404: Not Found
vision_push_failed frame_id=mock-video-11654 error=HTTP Error 404: Not Found
vision_push_failed frame_id=mock-video-11655 error=HTTP Error 404: Not Found
vision_push_failed frame_id=mock-video-11656 error=HTTP Error 404: Not Found
vision_push_failed frame_id=mock-video-11657 error=HTTP Error 404: Not Found
vision_push_failed frame_id=mock-video-11658 error=HTTP Error 404: Not Found
vision_push_failed frame_id=mock-video-11659 error=HTTP Error 404: Not Found
vision_push_failed frame_id=mock-video-11660 error=HTTP Error 404: Not Found
vision_push_failed frame_id=mock-video-11661 error=HTTP Error 404: Not Found
vision_push_failed frame_id=mock-video-11662 error=HTTP Error 404: Not Found
vision_push_failed frame_id=mock-video-11663 error=HTTP Error 404: Not Found
vision_push_failed frame_id=mock-video-11664 error=HTTP Error 404: Not Found
vision_push_failed frame_id=mock-video-11665 error=HTTP Error 404: Not Found
vision_push_failed frame_id=mock-video-11666 error=HTTP Error 404: Not Found
vision_push_failed frame_id=mock-video-11667 error=HTTP Error 404: Not Found
vision_push_failed frame_id=mock-video-11668 error=HTTP Error 404: Not Found
vision_push_failed frame_id=mock-video-11669 error=HTTP Error 404: Not Found
vision_push_failed frame_id=mock-video-11670 error=HTTP Error 404: Not Found
vision_push_failed frame_id=mock-video-11671 error=HTTP Error 404: Not Found
vision_push_failed frame_id=mock-video-11672 error=HTTP Error 404: Not Found
vision_push_failed frame_id=mock-video-11673 error=HTTP Error 404: Not Found
vision_push_failed frame_id=mock-video-11674 error=HTTP Error 404: Not Found
vision_push_failed frame_id=mock-video-11675 error=HTTP Error 404: Not Found
vision_push_failed frame_id=mock-video-11676 error=HTTP Error 404: Not Found
vision_push_failed frame_id=mock-video-11677 error=HTTP Error 404: Not Found
vision_push_failed frame_id=mock-video-11678 error=HTTP Error 404: Not Found
vision_push_failed frame_id=mock-video-11679 error=HTTP Error 404: Not Found
vision_push_failed frame_id=mock-video-11680 error=HTTP Error 404: Not Found
vision_push_failed frame_id=mock-video-11681 error=HTTP Error 404: Not Found
vision_push_failed frame_id=mock-video-11682 error=HTTP Error 404: Not Found
vision_push_failed frame_id=mock-video-11683 error=HTTP Error 404: Not Found
vision_push_failed frame_id=mock-video-11684 error=HTTP Error 404: Not Found
vision_push_failed frame_id=mock-video-11685 error=HTTP Error 404: Not Found
vision_push_failed frame_id=mock-video-11686 error=HTTP Error 404: Not Found
vision_push_failed frame_id=mock-video-11687 error=HTTP Error 404: Not Found
vision_push_failed frame_id=mock-video-11688 error=HTTP Error 404: Not Found
vision_push_failed frame_id=mock-video-11689 error=HTTP Error 404: Not Found
vision_push_failed frame_id=mock-video-11690 error=HTTP Error 404: Not Found
vision_push_failed frame_id=mock-video-11691 error=HTTP Error 404: Not Found
vision_push_failed frame_id=mock-video-11692 error=HTTP Error 404: Not Found
vision_push_failed frame_id=mock-video-11693 error=HTTP Error 404: Not Found
vision_push_failed frame_id=mock-video-11694 error=HTTP Error 404: Not Found
vision_push_failed frame_id=mock-video-11695 error=HTTP Error 404: Not Found
vision_push_failed frame_id=mock-video-11696 error=HTTP Error 404: Not Found
vision_push_failed frame_id=mock-video-11697 error=HTTP Error 404: Not Found
vision_push_failed frame_id=mock-video-11698 error=HTTP Error 404: Not Found
vision_push_failed frame_id=mock-video-11699 error=HTTP Error 404: Not Found
vision_push_failed frame_id=mock-video-11700 error=HTTP Error 404: Not Found
vision_push_failed frame_id=mock-video-11701 error=HTTP Error 404: Not Found
vision_push_failed frame_id=mock-video-11702 error=HTTP Error 404: Not Found
vision_push_failed frame_id=mock-video-11703 error=HTTP Error 404: Not Found
vision_push_failed frame_id=mock-video-11704 error=HTTP Error 404: Not Found
vision_push_failed frame_id=mock-video-11705 error=HTTP Error 404: Not Found
vision_push_failed frame_id=mock-video-11706 error=HTTP Error 404: Not Found
vision_push_failed frame_id=mock-video-11707 error=HTTP Error 404: Not Found
vision_push_failed frame_id=mock-video-11708 error=HTTP Error 404: Not Found
vision_push_failed frame_id=mock-video-11709 error=HTTP Error 404: Not Found
vision_push_failed frame_id=mock-video-11710 error=HTTP Error 404: Not Found
vision_push_failed frame_id=mock-video-11711 error=HTTP Error 404: Not Found
vision_push_failed frame_id=mock-video-11712 error=HTTP Error 404: Not Found
vision_push_failed frame_id=mock-video-11713 error=HTTP Error 404: Not Found
vision_push_failed frame_id=mock-video-11714 error=HTTP Error 404: Not Found
vision_push_failed frame_id=mock-video-11715 error=HTTP Error 404: Not Found
vision_push_failed frame_id=mock-video-11716 error=HTTP Error 404: Not Found
vision_push_failed frame_id=mock-video-11717 error=HTTP Error 404: Not Found
vision_push_failed frame_id=mock-video-11718 error=HTTP Error 404: Not Found
vision_push_failed frame_id=mock-video-11719 error=HTTP Error 404: Not Found
vision_push_failed frame_id=mock-video-11720 error=HTTP Error 404: Not Found
vision_push_failed frame_id=mock-video-11721 error=HTTP Error 404: Not Found
vision_push_failed frame_id=mock-video-11722 error=HTTP Error 404: Not Found
vision_push_failed frame_id=mock-video-11723 error=HTTP Error 404: Not Found
vision_push_failed frame_id=mock-video-11724 error=HTTP Error 404: Not Found
vision_push_failed frame_id=mock-video-11725 error=HTTP Error 404: Not Found
vision_push_failed frame_id=mock-video-11726 error=HTTP Error 404: Not Found
vision_push_failed frame_id=mock-video-11727 error=HTTP Error 404: Not Found
vision_push_failed frame_id=mock-video-11728 error=HTTP Error 404: Not Found
vision_push_failed frame_id=mock-video-11729 error=HTTP Error 404: Not Found
vision_push_failed frame_id=mock-video-11730 error=HTTP Error 404: Not Found
vision_push_failed frame_id=mock-video-11731 error=HTTP Error 404: Not Found
vision_push_failed frame_id=mock-video-11732 error=HTTP Error 404: Not Found
vision_push_failed frame_id=mock-video-11733 error=HTTP Error 404: Not Found
vision_push_failed frame_id=mock-video-11734 error=HTTP Error 404: Not Found
vision_push_failed frame_id=mock-video-11735 error=HTTP Error 404: Not Found
vision_push_failed frame_id=mock-video-11736 error=HTTP Error 404: Not Found
vision_push_failed frame_id=mock-video-11737 error=HTTP Error 404: Not Found
vision_push_failed frame_id=mock-video-11738 error=HTTP Error 404: Not Found
vision_push_failed frame_id=mock-video-11739 error=HTTP Error 404: Not Found
vision_push_failed frame_id=mock-video-11740 error=HTTP Error 404: Not Found
vision_push_failed frame_id=mock-video-11741 error=HTTP Error 404: Not Found
vision_push_failed frame_id=mock-video-11742 error=HTTP Error 404: Not Found
vision_push_failed frame_id=mock-video-11743 error=HTTP Error 404: Not Found
vision_push_failed frame_id=mock-video-11744 error=HTTP Error 404: Not Found
vision_push_failed frame_id=mock-video-11745 error=HTTP Error 404: Not Found
vision_push_failed frame_id=mock-video-11746 error=HTTP Error 404: Not Found
vision_push_failed frame_id=mock-video-11747 error=HTTP Error 404: Not Found
vision_push_failed frame_id=mock-video-11748 error=HTTP Error 404: Not Found
vision_push_failed frame_id=mock-video-11749 error=HTTP Error 404: Not Found
vision_push_failed frame_id=mock-video-11750 error=HTTP Error 404: Not Found
vision_push_failed frame_id=mock-video-11751 error=HTTP Error 404: Not Found
vision_push_failed frame_id=mock-video-11752 error=HTTP Error 404: Not Found
vision_push_failed frame_id=mock-video-11753 error=HTTP Error 404: Not Found
vision_push_failed frame_id=mock-video-11754 error=HTTP Error 404: Not Found
vision_push_failed frame_id=mock-video-11755 error=HTTP Error 404: Not Found
vision_push_failed frame_id=mock-video-11756 error=HTTP Error 404: Not Found
vision_push_failed frame_id=mock-video-11757 error=HTTP Error 404: Not Found
vision_push_failed frame_id=mock-video-11758 error=HTTP Error 404: Not Found
vision_push_failed frame_id=mock-video-11759 error=HTTP Error 404: Not Found
vision_push_failed frame_id=mock-video-11760 error=HTTP Error 404: Not Found
vision_push_failed frame_id=mock-video-11761 error=HTTP Error 404: Not Found
vision_push_failed frame_id=mock-video-11762 error=HTTP Error 404: Not Found
vision_push_failed frame_id=mock-video-11763 error=HTTP Error 404: Not Found
vision_push_failed frame_id=mock-video-11764 error=HTTP Error 404: Not Found
vision_push_failed frame_id=mock-video-11765 error=HTTP Error 404: Not Found
vision_push_failed frame_id=mock-video-11766 error=HTTP Error 404: Not Found
vision_push_failed frame_id=mock-video-11767 error=HTTP Error 404: Not Found
vision_push_failed frame_id=mock-video-11768 error=HTTP Error 404: Not Found
vision_push_failed frame_id=mock-video-11769 error=HTTP Error 404: Not Found
vision_push_failed frame_id=mock-video-11770 error=HTTP Error 404: Not Found
vision_push_failed frame_id=mock-video-11771 error=HTTP Error 404: Not Found
vision_push_failed frame_id=mock-video-11772 error=HTTP Error 404: Not Found
vision_push_failed frame_id=mock-video-11773 error=HTTP Error 404: Not Found
vision_push_failed frame_id=mock-video-11774 error=HTTP Error 404: Not Found
vision_push_failed frame_id=mock-video-11775 error=HTTP Error 404: Not Found
vision_push_failed frame_id=mock-video-11776 error=HTTP Error 404: Not Found
vision_push_failed frame_id=mock-video-11777 error=HTTP Error 404: Not Found
vision_push_failed frame_id=mock-video-11778 error=HTTP Error 404: Not Found
vision_push_failed frame_id=mock-video-11779 error=HTTP Error 404: Not Found
vision_push_failed frame_id=mock-video-11780 error=HTTP Error 404: Not Found
vision_push_failed frame_id=mock-video-11781 error=HTTP Error 404: Not Found
vision_push_failed frame_id=mock-video-11782 error=HTTP Error 404: Not Found
vision_push_failed frame_id=mock-video-11783 error=HTTP Error 404: Not Found
vision_push_failed frame_id=mock-video-11784 error=HTTP Error 404: Not Found
vision_push_failed frame_id=mock-video-11785 error=HTTP Error 404: Not Found
vision_push_failed frame_id=mock-video-11786 error=HTTP Error 404: Not Found
vision_push_failed frame_id=mock-video-11787 error=HTTP Error 404: Not Found
vision_push_failed frame_id=mock-video-11788 error=HTTP Error 404: Not Found
vision_push_failed frame_id=mock-video-11789 error=HTTP Error 404: Not Found
vision_push_failed frame_id=mock-video-11790 error=HTTP Error 404: Not Found
vision_push_failed frame_id=mock-video-11791 error=HTTP Error 404: Not Found
vision_push_failed frame_id=mock-video-11792 error=HTTP Error 404: Not Found
vision_push_failed frame_id=mock-video-11793 error=HTTP Error 404: Not Found
vision_push_failed frame_id=mock-video-11794 error=HTTP Error 404: Not Found
vision_push_failed frame_id=mock-video-11795 error=HTTP Error 404: Not Found
vision_push_failed frame_id=mock-video-11796 error=HTTP Error 404: Not Found
vision_push_failed frame_id=mock-video-11797 error=HTTP Error 404: Not Found
vision_push_failed frame_id=mock-video-11798 error=HTTP Error 404: Not Found
vision_push_failed frame_id=mock-video-11799 error=HTTP Error 404: Not Found
vision_push_failed frame_id=mock-video-11800 error=HTTP Error 404: Not Found
vision_push_failed frame_id=mock-video-11801 error=HTTP Error 404: Not Found
vision_push_failed frame_id=mock-video-11802 error=HTTP Error 404: Not Found
vision_push_failed frame_id=mock-video-11803 error=HTTP Error 404: Not Found
vision_push_failed frame_id=mock-video-11804 error=HTTP Error 404: Not Found
vision_push_failed frame_id=mock-video-11805 error=HTTP Error 404: Not Found
vision_push_failed frame_id=mock-video-11806 error=HTTP Error 404: Not Found
vision_push_failed frame_id=mock-video-11807 error=HTTP Error 404: Not Found
vision_push_failed frame_id=mock-video-11808 error=HTTP Error 404: Not Found
vision_push_failed frame_id=mock-video-11809 error=HTTP Error 404: Not Found
vision_push_failed frame_id=mock-video-11810 error=HTTP Error 404: Not Found
vision_push_failed frame_id=mock-video-11811 error=HTTP Error 404: Not Found
vision_push_failed frame_id=mock-video-11812 error=HTTP Error 404: Not Found
vision_push_failed frame_id=mock-video-11813 error=HTTP Error 404: Not Found
vision_push_failed frame_id=mock-video-11814 error=HTTP Error 404: Not Found
vision_push_failed frame_id=mock-video-11815 error=HTTP Error 404: Not Found
vision_push_failed frame_id=mock-video-11816 error=HTTP Error 404: Not Found
vision_push_failed frame_id=mock-video-11817 error=HTTP Error 404: Not Found
vision_push_failed frame_id=mock-video-11818 error=HTTP Error 404: Not Found
vision_push_failed frame_id=mock-video-11819 error=HTTP Error 404: Not Found
vision_push_failed frame_id=mock-video-11820 error=HTTP Error 404: Not Found
vision_push_failed frame_id=mock-video-11821 error=HTTP Error 404: Not Found
vision_push_failed frame_id=mock-video-11822 error=HTTP Error 404: Not Found
vision_push_failed frame_id=mock-video-11823 error=HTTP Error 404: Not Found
vision_push_failed frame_id=mock-video-11824 error=HTTP Error 404: Not Found
vision_push_failed frame_id=mock-video-11825 error=HTTP Error 404: Not Found
vision_push_failed frame_id=mock-video-11826 error=HTTP Error 404: Not Found
vision_push_failed frame_id=mock-video-11827 error=HTTP Error 404: Not Found
vision_push_failed frame_id=mock-video-11828 error=HTTP Error 404: Not Found
vision_push_failed frame_id=mock-video-11829 error=HTTP Error 404: Not Found
vision_push_failed frame_id=mock-video-11830 error=HTTP Error 404: Not Found
vision_push_failed frame_id=mock-video-11831 error=HTTP Error 404: Not Found
vision_push_failed frame_id=mock-video-11832 error=HTTP Error 404: Not Found
vision_push_failed frame_id=mock-video-11833 error=HTTP Error 404: Not Found
vision_push_failed frame_id=mock-video-11834 error=HTTP Error 404: Not Found
vision_push_failed frame_id=mock-video-11835 error=HTTP Error 404: Not Found
vision_push_failed frame_id=mock-video-11836 error=HTTP Error 404: Not Found
vision_push_failed frame_id=mock-video-11837 error=HTTP Error 404: Not Found
vision_push_failed frame_id=mock-video-11838 error=HTTP Error 404: Not Found
vision_push_failed frame_id=mock-video-11839 error=HTTP Error 404: Not Found
vision_push_failed frame_id=mock-video-11840 error=HTTP Error 502: Bad Gateway
vision_push_failed frame_id=mock-video-11841 error=HTTP Error 404: Not Found
vision_push_failed frame_id=mock-video-11842 error=HTTP Error 404: Not Found
vision_push_failed frame_id=mock-video-11843 error=HTTP Error 404: Not Found
vision_push_failed frame_id=mock-video-11844 error=HTTP Error 404: Not Found
vision_push_failed frame_id=mock-video-11845 error=HTTP Error 404: Not Found
vision_push_failed frame_id=mock-video-11846 error=HTTP Error 404: Not Found
vision_push_failed frame_id=mock-video-11847 error=HTTP Error 404: Not Found
vision_push_failed frame_id=mock-video-11848 error=HTTP Error 404: Not Found
vision_push_failed frame_id=mock-video-11849 error=HTTP Error 502: Bad Gateway
vision_push_failed frame_id=mock-video-11850 error=HTTP Error 404: Not Found
vision_push_failed frame_id=mock-video-11851 error=HTTP Error 404: Not Found
vision_push_failed frame_id=mock-video-11852 error=HTTP Error 502: Bad Gateway
vision_push_failed frame_id=mock-video-11853 error=HTTP Error 502: Bad Gateway
vision_push_failed frame_id=mock-video-11854 error=HTTP Error 404: Not Found
vision_push_failed frame_id=mock-video-11855 error=HTTP Error 404: Not Found
vision_push_failed frame_id=mock-video-11856 error=HTTP Error 502: Bad Gateway
vision_push_failed frame_id=mock-video-11857 error=HTTP Error 404: Not Found
vision_push_failed frame_id=mock-video-11858 error=HTTP Error 404: Not Found
vision_push_failed frame_id=mock-video-11859 error=HTTP Error 404: Not Found
vision_push_failed frame_id=mock-video-11860 error=HTTP Error 404: Not Found
vision_push_failed frame_id=mock-video-11861 error=HTTP Error 404: Not Found
vision_push_failed frame_id=mock-video-11862 error=HTTP Error 404: Not Found
vision_push_failed frame_id=mock-video-11863 error=HTTP Error 404: Not Found
vision_push_failed frame_id=mock-video-11864 error=HTTP Error 404: Not Found
vision_push_failed frame_id=mock-video-11865 error=HTTP Error 404: Not Found
vision_push_failed frame_id=mock-video-11866 error=HTTP Error 404: Not Found
vision_push_failed frame_id=mock-video-11867 error=HTTP Error 404: Not Found
vision_push_failed frame_id=mock-video-11868 error=HTTP Error 404: Not Found
vision_push_failed frame_id=mock-video-11869 error=HTTP Error 404: Not Found
vision_push_failed frame_id=mock-video-11870 error=HTTP Error 404: Not Found
vision_push_failed frame_id=mock-video-11871 error=HTTP Error 404: Not Found
vision_push_failed frame_id=mock-video-11872 error=HTTP Error 404: Not Found
vision_push_failed frame_id=mock-video-11873 error=HTTP Error 404: Not Found
vision_push_failed frame_id=mock-video-11874 error=HTTP Error 404: Not Found
vision_push_failed frame_id=mock-video-11875 error=HTTP Error 404: Not Found
vision_push_failed frame_id=mock-video-11876 error=HTTP Error 404: Not Found
vision_push_failed frame_id=mock-video-11877 error=HTTP Error 404: Not Found
vision_push_failed frame_id=mock-video-11878 error=HTTP Error 404: Not Found
vision_push_failed frame_id=mock-video-11879 error=HTTP Error 404: Not Found
vision_push_failed frame_id=mock-video-11880 error=HTTP Error 404: Not Found
vision_push_failed frame_id=mock-video-11881 error=HTTP Error 404: Not Found
vision_push_failed frame_id=mock-video-11882 error=HTTP Error 404: Not Found
vision_push_failed frame_id=mock-video-11883 error=HTTP Error 404: Not Found
vision_push_failed frame_id=mock-video-11884 error=<urlopen error timed out>
vision_push_failed frame_id=mock-video-11885 error=HTTP Error 404: Not Found
vision_push_failed frame_id=mock-video-11886 error=HTTP Error 404: Not Found
vision_push_failed frame_id=mock-video-11887 error=HTTP Error 404: Not Found
vision_push_failed frame_id=mock-video-11888 error=HTTP Error 404: Not Found
vision_push_failed frame_id=mock-video-11889 error=HTTP Error 404: Not Found
vision_push_failed frame_id=mock-video-11890 error=HTTP Error 404: Not Found
vision_push_failed frame_id=mock-video-11891 error=HTTP Error 404: Not Found
vision_push_failed frame_id=mock-video-11892 error=HTTP Error 404: Not Found
vision_push_failed frame_id=mock-video-11893 error=HTTP Error 404: Not Found
vision_push_failed frame_id=mock-video-11894 error=HTTP Error 404: Not Found
vision_push_failed frame_id=mock-video-11895 error=HTTP Error 404: Not Found
vision_push_failed frame_id=mock-video-11896 error=HTTP Error 404: Not Found
vision_push_failed frame_id=mock-video-11897 error=HTTP Error 404: Not Found
vision_push_failed frame_id=mock-video-11898 error=HTTP Error 404: Not Found
vision_push_failed frame_id=mock-video-11899 error=HTTP Error 404: Not Found
vision_push_failed frame_id=mock-video-11900 error=HTTP Error 404: Not Found
vision_push_failed frame_id=mock-video-11901 error=HTTP Error 404: Not Found
vision_push_failed frame_id=mock-video-11902 error=HTTP Error 404: Not Found
vision_push_failed frame_id=mock-video-11903 error=HTTP Error 404: Not Found
vision_push_failed frame_id=mock-video-11904 error=HTTP Error 404: Not Found
vision_push_failed frame_id=mock-video-11905 error=HTTP Error 404: Not Found
vision_push_failed frame_id=mock-video-11906 error=HTTP Error 404: Not Found
vision_push_failed frame_id=mock-video-11907 error=HTTP Error 404: Not Found
vision_push_failed frame_id=mock-video-11908 error=HTTP Error 404: Not Found
vision_push_failed frame_id=mock-video-11909 error=HTTP Error 404: Not Found
vision_push_failed frame_id=mock-video-11910 error=HTTP Error 404: Not Found
vision_push_failed frame_id=mock-video-11911 error=HTTP Error 404: Not Found
vision_push_failed frame_id=mock-video-11912 error=HTTP Error 404: Not Found
vision_push_failed frame_id=mock-video-11913 error=HTTP Error 404: Not Found
vision_push_failed frame_id=mock-video-11914 error=HTTP Error 404: Not Found
vision_push_failed frame_id=mock-video-11915 error=HTTP Error 404: Not Found
vision_push_failed frame_id=mock-video-11916 error=HTTP Error 404: Not Found
vision_push_failed frame_id=mock-video-11917 error=HTTP Error 404: Not Found
vision_push_failed frame_id=mock-video-11918 error=HTTP Error 404: Not Found
vision_push_failed frame_id=mock-video-11919 error=HTTP Error 404: Not Found
vision_push_failed frame_id=mock-video-11920 error=HTTP Error 404: Not Found
vision_push_failed frame_id=mock-video-11921 error=HTTP Error 404: Not Found
vision_push_failed frame_id=mock-video-11922 error=HTTP Error 404: Not Found
vision_push_failed frame_id=mock-video-11923 error=HTTP Error 404: Not Found
vision_push_failed frame_id=mock-video-11924 error=HTTP Error 404: Not Found
vision_push_failed frame_id=mock-video-11925 error=HTTP Error 404: Not Found
vision_push_failed frame_id=mock-video-11926 error=HTTP Error 404: Not Found
vision_push_failed frame_id=mock-video-11927 error=HTTP Error 404: Not Found
vision_push_failed frame_id=mock-video-11928 error=HTTP Error 404: Not Found
vision_push_failed frame_id=mock-video-11929 error=HTTP Error 404: Not Found
vision_push_failed frame_id=mock-video-11930 error=HTTP Error 404: Not Found
vision_push_failed frame_id=mock-video-11931 error=HTTP Error 404: Not Found
vision_push_failed frame_id=mock-video-11932 error=HTTP Error 404: Not Found
vision_push_failed frame_id=mock-video-11933 error=HTTP Error 404: Not Found
vision_push_failed frame_id=mock-video-11934 error=HTTP Error 404: Not Found
vision_push_failed frame_id=mock-video-11935 error=HTTP Error 404: Not Found
vision_push_failed frame_id=mock-video-11936 error=HTTP Error 404: Not Found
vision_push_failed frame_id=mock-video-11937 error=HTTP Error 404: Not Found
vision_push_failed frame_id=mock-video-11938 error=HTTP Error 404: Not Found
vision_push_failed frame_id=mock-video-11939 error=HTTP Error 404: Not Found
vision_push_failed frame_id=mock-video-11940 error=HTTP Error 404: Not Found
vision_push_failed frame_id=mock-video-11941 error=HTTP Error 404: Not Found
vision_push_failed frame_id=mock-video-11942 error=HTTP Error 404: Not Found
vision_push_failed frame_id=mock-video-11943 error=HTTP Error 404: Not Found
vision_push_failed frame_id=mock-video-11944 error=HTTP Error 404: Not Found
vision_push_failed frame_id=mock-video-11945 error=HTTP Error 404: Not Found
vision_push_failed frame_id=mock-video-11946 error=HTTP Error 404: Not Found
vision_push_failed frame_id=mock-video-11947 error=HTTP Error 404: Not Found
vision_push_failed frame_id=mock-video-11948 error=HTTP Error 404: Not Found
vision_push_failed frame_id=mock-video-11949 error=HTTP Error 404: Not Found
vision_push_failed frame_id=mock-video-11950 error=HTTP Error 404: Not Found
vision_push_failed frame_id=mock-video-11951 error=HTTP Error 404: Not Found
vision_push_failed frame_id=mock-video-11952 error=HTTP Error 404: Not Found
vision_push_failed frame_id=mock-video-11953 error=HTTP Error 404: Not Found
vision_push_failed frame_id=mock-video-11954 error=HTTP Error 404: Not Found
vision_push_failed frame_id=mock-video-11955 error=HTTP Error 404: Not Found
vision_push_failed frame_id=mock-video-11956 error=HTTP Error 404: Not Found
vision_push_failed frame_id=mock-video-11957 error=HTTP Error 404: Not Found
vision_push_failed frame_id=mock-video-11958 error=HTTP Error 404: Not Found
vision_push_failed frame_id=mock-video-11959 error=HTTP Error 404: Not Found
vision_push_failed frame_id=mock-video-11960 error=HTTP Error 404: Not Found
vision_push_failed frame_id=mock-video-11961 error=HTTP Error 404: Not Found
vision_push_failed frame_id=mock-video-11962 error=HTTP Error 404: Not Found
vision_push_failed frame_id=mock-video-11963 error=HTTP Error 404: Not Found
vision_push_failed frame_id=mock-video-11964 error=<urlopen error [WinError 10053] 你的主机中的软件中止了一个已建立的连接。>
vision_push_failed frame_id=mock-video-11965 error=HTTP Error 404: Not Found
vision_push_failed frame_id=mock-video-11966 error=HTTP Error 404: Not Found
vision_push_failed frame_id=mock-video-11967 error=HTTP Error 404: Not Found
